0,	1.000000e+00
1,	9.958646e-01
2,	9.917336e-01
3,	9.876104e-01
4,	9.834978e-01
5,	9.793984e-01
6,	9.753144e-01
7,	9.712477e-01
8,	9.672001e-01
9,	9.631730e-01
10,	9.591676e-01
11,	9.551852e-01
12,	9.512267e-01
13,	9.472930e-01
14,	9.433849e-01
15,	9.395029e-01
16,	9.356476e-01
17,	9.318196e-01
18,	9.280192e-01
19,	9.242468e-01
20,	9.205026e-01
21,	9.167870e-01
22,	9.131000e-01
23,	9.094419e-01
24,	9.058128e-01
25,	9.022126e-01
26,	8.986416e-01
27,	8.950997e-01
28,	8.915869e-01
29,	8.881032e-01
30,	8.846485e-01
31,	8.812228e-01
32,	8.778260e-01
33,	8.744580e-01
34,	8.711187e-01
35,	8.678080e-01
36,	8.645258e-01
37,	8.612718e-01
38,	8.580460e-01
39,	8.548482e-01
40,	8.516783e-01
41,	8.485360e-01
42,	8.454211e-01
43,	8.423336e-01
44,	8.392732e-01
45,	8.362397e-01
46,	8.332329e-01
47,	8.302527e-01
48,	8.272988e-01
49,	8.243710e-01
50,	8.214690e-01
51,	8.185928e-01
52,	8.157421e-01
53,	8.129167e-01
54,	8.101163e-01
55,	8.073407e-01
56,	8.045898e-01
57,	8.018634e-01
58,	7.991611e-01
59,	7.964828e-01
60,	7.938283e-01
61,	7.911974e-01
62,	7.885898e-01
63,	7.860054e-01
64,	7.834439e-01
65,	7.809051e-01
66,	7.783888e-01
67,	7.758948e-01
68,	7.734229e-01
69,	7.709728e-01
70,	7.685445e-01
71,	7.661376e-01
72,	7.637520e-01
73,	7.613874e-01
74,	7.590438e-01
75,	7.567207e-01
76,	7.544182e-01
77,	7.521359e-01
78,	7.498736e-01
79,	7.476313e-01
80,	7.454086e-01
81,	7.432055e-01
82,	7.410216e-01
83,	7.388569e-01
84,	7.367111e-01
85,	7.345840e-01
86,	7.324755e-01
87,	7.303854e-01
88,	7.283135e-01
89,	7.262597e-01
90,	7.242236e-01
91,	7.222053e-01
92,	7.202045e-01
93,	7.182210e-01
94,	7.162546e-01
95,	7.143053e-01
96,	7.123727e-01
97,	7.104569e-01
98,	7.085575e-01
99,	7.066744e-01
100,	7.048076e-01
101,	7.029567e-01
102,	7.011217e-01
103,	6.993024e-01
104,	6.974987e-01
105,	6.957103e-01
106,	6.939372e-01
107,	6.921792e-01
108,	6.904361e-01
109,	6.887078e-01
110,	6.869942e-01
111,	6.852950e-01
112,	6.836103e-01
113,	6.819397e-01
114,	6.802832e-01
115,	6.786407e-01
116,	6.770119e-01
117,	6.753969e-01
118,	6.737953e-01
119,	6.722072e-01
120,	6.706323e-01
121,	6.690706e-01
122,	6.675219e-01
123,	6.659860e-01
124,	6.644629e-01
125,	6.629524e-01
126,	6.614544e-01
127,	6.599688e-01
128,	6.584955e-01
129,	6.570343e-01
130,	6.555851e-01
131,	6.541478e-01
132,	6.527223e-01
133,	6.513084e-01
134,	6.499061e-01
135,	6.485152e-01
136,	6.471357e-01
137,	6.457673e-01
138,	6.444101e-01
139,	6.430638e-01
140,	6.417284e-01
141,	6.404038e-01
142,	6.390899e-01
143,	6.377866e-01
144,	6.364936e-01
145,	6.352111e-01
146,	6.339388e-01
147,	6.326767e-01
148,	6.314246e-01
149,	6.301825e-01
150,	6.289502e-01
151,	6.277277e-01
152,	6.265149e-01
153,	6.253116e-01
154,	6.241178e-01
155,	6.229334e-01
156,	6.217583e-01
157,	6.205924e-01
158,	6.194356e-01
159,	6.182878e-01
160,	6.171489e-01
161,	6.160189e-01
162,	6.148977e-01
163,	6.137851e-01
164,	6.126811e-01
165,	6.115856e-01
166,	6.104986e-01
167,	6.094199e-01
168,	6.083494e-01
169,	6.072871e-01
170,	6.062329e-01
171,	6.051868e-01
172,	6.041485e-01
173,	6.031182e-01
174,	6.020956e-01
175,	6.010807e-01
176,	6.000735e-01
177,	5.990738e-01
178,	5.980816e-01
179,	5.970968e-01
180,	5.961194e-01
181,	5.951492e-01
182,	5.941863e-01
183,	5.932305e-01
184,	5.922817e-01
185,	5.913399e-01
186,	5.904051e-01
187,	5.894771e-01
188,	5.885559e-01
189,	5.876414e-01
190,	5.867336e-01
191,	5.858324e-01
192,	5.849377e-01
193,	5.840495e-01
194,	5.831677e-01
195,	5.822922e-01
196,	5.814231e-01
197,	5.805601e-01
198,	5.797034e-01
199,	5.788527e-01
200,	5.780081e-01
201,	5.771694e-01
202,	5.763367e-01
203,	5.755099e-01
204,	5.746889e-01
205,	5.738736e-01
206,	5.730641e-01
207,	5.722602e-01
208,	5.714619e-01
209,	5.706692e-01
210,	5.698819e-01
211,	5.691001e-01
212,	5.683237e-01
213,	5.675527e-01
214,	5.667869e-01
215,	5.660263e-01
216,	5.652710e-01
217,	5.645208e-01
218,	5.637756e-01
219,	5.630356e-01
220,	5.623005e-01
221,	5.615703e-01
222,	5.608451e-01
223,	5.601247e-01
224,	5.594092e-01
225,	5.586984e-01
226,	5.579923e-01
227,	5.572909e-01
228,	5.565941e-01
229,	5.559019e-01
230,	5.552143e-01
231,	5.545312e-01
232,	5.538525e-01
233,	5.531783e-01
234,	5.525084e-01
235,	5.518429e-01
236,	5.511816e-01
237,	5.505247e-01
238,	5.498719e-01
239,	5.492234e-01
240,	5.485790e-01
241,	5.479387e-01
242,	5.473024e-01
243,	5.466702e-01
244,	5.460420e-01
245,	5.454177e-01
246,	5.447974e-01
247,	5.441810e-01
248,	5.435684e-01
249,	5.429596e-01
250,	5.423546e-01
251,	5.417533e-01
252,	5.411558e-01
253,	5.405619e-01
254,	5.399717e-01
255,	5.393851e-01
256,	5.388021e-01
257,	5.382226e-01
258,	5.376466e-01
259,	5.370742e-01
260,	5.365051e-01
261,	5.359395e-01
262,	5.353773e-01
263,	5.348185e-01
264,	5.342630e-01
265,	5.337108e-01
266,	5.331619e-01
267,	5.326162e-01
268,	5.320737e-01
269,	5.315344e-01
270,	5.309983e-01
271,	5.304654e-01
272,	5.299355e-01
273,	5.294087e-01
274,	5.288849e-01
275,	5.283642e-01
276,	5.278465e-01
277,	5.273317e-01
278,	5.268199e-01
279,	5.263111e-01
280,	5.258051e-01
281,	5.253020e-01
282,	5.248017e-01
283,	5.243043e-01
284,	5.238096e-01
285,	5.233178e-01
286,	5.228286e-01
287,	5.223423e-01
288,	5.218586e-01
289,	5.213776e-01
290,	5.208992e-01
291,	5.204235e-01
292,	5.199504e-01
293,	5.194799e-01
294,	5.190120e-01
295,	5.185466e-01
296,	5.180838e-01
297,	5.176234e-01
298,	5.171655e-01
299,	5.167101e-01
300,	5.162572e-01
301,	5.158067e-01
302,	5.153585e-01
303,	5.149128e-01
304,	5.144694e-01
305,	5.140284e-01
306,	5.135897e-01
307,	5.131533e-01
308,	5.127192e-01
309,	5.122874e-01
310,	5.118578e-01
311,	5.114304e-01
312,	5.110053e-01
313,	5.105823e-01
314,	5.101616e-01
315,	5.097430e-01
316,	5.093265e-01
317,	5.089122e-01
318,	5.085000e-01
319,	5.080899e-01
320,	5.076818e-01
321,	5.072758e-01
322,	5.068719e-01
323,	5.064700e-01
324,	5.060701e-01
325,	5.056722e-01
326,	5.052762e-01
327,	5.048823e-01
328,	5.044903e-01
329,	5.041002e-01
330,	5.037120e-01
331,	5.033258e-01
332,	5.029414e-01
333,	5.025589e-01
334,	5.021783e-01
335,	5.017995e-01
336,	5.014226e-01
337,	5.010474e-01
338,	5.006741e-01
339,	5.003025e-01
340,	4.999328e-01
341,	4.995648e-01
342,	4.991985e-01
343,	4.988340e-01
344,	4.984712e-01
345,	4.981101e-01
346,	4.977508e-01
347,	4.973931e-01
348,	4.970370e-01
349,	4.966826e-01
350,	4.963299e-01
351,	4.959788e-01
352,	4.956294e-01
353,	4.952815e-01
354,	4.949353e-01
355,	4.945906e-01
356,	4.942475e-01
357,	4.939059e-01
358,	4.935660e-01
359,	4.932275e-01
360,	4.928906e-01
361,	4.925552e-01
362,	4.922213e-01
363,	4.918889e-01
364,	4.915580e-01
365,	4.912286e-01
366,	4.909006e-01
367,	4.905741e-01
368,	4.902490e-01
369,	4.899254e-01
370,	4.896032e-01
371,	4.892823e-01
372,	4.889629e-01
373,	4.886449e-01
374,	4.883283e-01
375,	4.880130e-01
376,	4.876991e-01
377,	4.873866e-01
378,	4.870754e-01
379,	4.867655e-01
380,	4.864569e-01
381,	4.861497e-01
382,	4.858438e-01
383,	4.855391e-01
384,	4.852358e-01
385,	4.849337e-01
386,	4.846329e-01
387,	4.843334e-01
388,	4.840351e-01
389,	4.837381e-01
390,	4.834423e-01
391,	4.831477e-01
392,	4.828543e-01
393,	4.825622e-01
394,	4.822712e-01
395,	4.819815e-01
396,	4.816929e-01
397,	4.814055e-01
398,	4.811193e-01
399,	4.808342e-01
400,	4.805503e-01
401,	4.802675e-01
402,	4.799859e-01
403,	4.797054e-01
404,	4.794260e-01
405,	4.791477e-01
406,	4.788705e-01
407,	4.785945e-01
408,	4.783195e-01
409,	4.780456e-01
410,	4.777728e-01
411,	4.775011e-01
412,	4.772304e-01
413,	4.769608e-01
414,	4.766922e-01
415,	4.764247e-01
416,	4.761582e-01
417,	4.758927e-01
418,	4.756283e-01
419,	4.753649e-01
420,	4.751025e-01
421,	4.748411e-01
422,	4.745806e-01
423,	4.743212e-01
424,	4.740628e-01
425,	4.738053e-01
426,	4.735488e-01
427,	4.732933e-01
428,	4.730387e-01
429,	4.727851e-01
430,	4.725324e-01
431,	4.722807e-01
432,	4.720298e-01
433,	4.717800e-01
434,	4.715310e-01
435,	4.712830e-01
436,	4.710358e-01
437,	4.707896e-01
438,	4.705443e-01
439,	4.702998e-01
440,	4.700563e-01
441,	4.698136e-01
442,	4.695718e-01
443,	4.693309e-01
444,	4.690908e-01
445,	4.688516e-01
446,	4.686133e-01
447,	4.683758e-01
448,	4.681391e-01
449,	4.679033e-01
450,	4.676683e-01
451,	4.674342e-01
452,	4.672008e-01
453,	4.669683e-01
454,	4.667366e-01
455,	4.665057e-01
456,	4.662756e-01
457,	4.660463e-01
458,	4.658178e-01
459,	4.655901e-01
460,	4.653632e-01
461,	4.651370e-01
462,	4.649116e-01
463,	4.646870e-01
464,	4.644631e-01
465,	4.642401e-01
466,	4.640177e-01
467,	4.637961e-01
468,	4.635753e-01
469,	4.633552e-01
470,	4.631358e-01
471,	4.629172e-01
472,	4.626993e-01
473,	4.624821e-01
474,	4.622657e-01
475,	4.620499e-01
476,	4.618349e-01
477,	4.616206e-01
478,	4.614069e-01
479,	4.611940e-01
480,	4.609818e-01
481,	4.607702e-01
482,	4.605594e-01
483,	4.603492e-01
484,	4.601397e-01
485,	4.599309e-01
486,	4.597228e-01
487,	4.595153e-01
488,	4.593084e-01
489,	4.591023e-01
490,	4.588968e-01
491,	4.586919e-01
492,	4.584877e-01
493,	4.582841e-01
494,	4.580812e-01
495,	4.578789e-01
496,	4.576772e-01
497,	4.574762e-01
498,	4.572758e-01
499,	4.570760e-01
500,	4.568769e-01
501,	4.566783e-01
502,	4.564804e-01
503,	4.562830e-01
504,	4.560863e-01
505,	4.558902e-01
506,	4.556946e-01
507,	4.554997e-01
508,	4.553053e-01
509,	4.551116e-01
510,	4.549184e-01
511,	4.547258e-01
512,	4.545338e-01
513,	4.543423e-01
514,	4.541515e-01
515,	4.539612e-01
516,	4.537714e-01
517,	4.535822e-01
518,	4.533936e-01
519,	4.532055e-01
520,	4.530180e-01
521,	4.528311e-01
522,	4.526446e-01
523,	4.524588e-01
524,	4.522734e-01
525,	4.520886e-01
526,	4.519044e-01
527,	4.517206e-01
528,	4.515374e-01
529,	4.513548e-01
530,	4.511726e-01
531,	4.509910e-01
532,	4.508098e-01
533,	4.506292e-01
534,	4.504492e-01
535,	4.502696e-01
536,	4.500905e-01
537,	4.499119e-01
538,	4.497339e-01
539,	4.495563e-01
540,	4.493792e-01
541,	4.492026e-01
542,	4.490265e-01
543,	4.488509e-01
544,	4.486758e-01
545,	4.485012e-01
546,	4.483270e-01
547,	4.481533e-01
548,	4.479801e-01
549,	4.478074e-01
550,	4.476351e-01
551,	4.474633e-01
552,	4.472920e-01
553,	4.471212e-01
554,	4.469508e-01
555,	4.467808e-01
556,	4.466113e-01
557,	4.464423e-01
558,	4.462737e-01
559,	4.461056e-01
560,	4.459379e-01
561,	4.457706e-01
562,	4.456038e-01
563,	4.454375e-01
564,	4.452716e-01
565,	4.451061e-01
566,	4.449410e-01
567,	4.447764e-01
568,	4.446122e-01
569,	4.444484e-01
570,	4.442851e-01
571,	4.441222e-01
572,	4.439597e-01
573,	4.437976e-01
574,	4.436360e-01
575,	4.434747e-01
576,	4.433139e-01
577,	4.431534e-01
578,	4.429934e-01
579,	4.428338e-01
580,	4.426746e-01
581,	4.425158e-01
582,	4.423574e-01
583,	4.421994e-01
584,	4.420418e-01
585,	4.418846e-01
586,	4.417278e-01
587,	4.415713e-01
588,	4.414153e-01
589,	4.412597e-01
590,	4.411044e-01
591,	4.409495e-01
592,	4.407950e-01
593,	4.406409e-01
594,	4.404871e-01
595,	4.403338e-01
596,	4.401808e-01
597,	4.400282e-01
598,	4.398759e-01
599,	4.397240e-01
600,	4.395725e-01
601,	4.394214e-01
602,	4.392706e-01
603,	4.391202e-01
604,	4.389701e-01
605,	4.388204e-01
606,	4.386711e-01
607,	4.385221e-01
608,	4.383735e-01
609,	4.382252e-01
610,	4.380773e-01
611,	4.379297e-01
612,	4.377824e-01
613,	4.376356e-01
614,	4.374890e-01
615,	4.373428e-01
616,	4.371970e-01
617,	4.370514e-01
618,	4.369063e-01
619,	4.367614e-01
620,	4.366169e-01
621,	4.364728e-01
622,	4.363289e-01
623,	4.361854e-01
624,	4.360422e-01
625,	4.358994e-01
626,	4.357569e-01
627,	4.356147e-01
628,	4.354728e-01
629,	4.353312e-01
630,	4.351900e-01
631,	4.350491e-01
632,	4.349085e-01
633,	4.347682e-01
634,	4.346283e-01
635,	4.344886e-01
636,	4.343493e-01
637,	4.342103e-01
638,	4.340715e-01
639,	4.339331e-01
640,	4.337950e-01
641,	4.336573e-01
642,	4.335198e-01
643,	4.333826e-01
644,	4.332457e-01
645,	4.331091e-01
646,	4.329728e-01
647,	4.328369e-01
648,	4.327012e-01
649,	4.325658e-01
650,	4.324307e-01
651,	4.322959e-01
652,	4.321614e-01
653,	4.320272e-01
654,	4.318932e-01
655,	4.317596e-01
656,	4.316262e-01
657,	4.314932e-01
658,	4.313604e-01
659,	4.312279e-01
660,	4.310957e-01
661,	4.309637e-01
662,	4.308321e-01
663,	4.307007e-01
664,	4.305696e-01
665,	4.304388e-01
666,	4.303082e-01
667,	4.301779e-01
668,	4.300479e-01
669,	4.299182e-01
670,	4.297888e-01
671,	4.296596e-01
672,	4.295307e-01
673,	4.294020e-01
674,	4.292736e-01
675,	4.291455e-01
676,	4.290177e-01
677,	4.288901e-01
678,	4.287628e-01
679,	4.286357e-01
680,	4.285089e-01
681,	4.283823e-01
682,	4.282561e-01
683,	4.281300e-01
684,	4.280043e-01
685,	4.278788e-01
686,	4.277535e-01
687,	4.276285e-01
688,	4.275037e-01
689,	4.273792e-01
690,	4.272550e-01
691,	4.271310e-01
692,	4.270072e-01
693,	4.268837e-01
694,	4.267604e-01
695,	4.266374e-01
696,	4.265147e-01
697,	4.263921e-01
698,	4.262699e-01
699,	4.261478e-01
700,	4.260260e-01
701,	4.259045e-01
702,	4.257831e-01
703,	4.256621e-01
704,	4.255412e-01
705,	4.254206e-01
706,	4.253002e-01
707,	4.251801e-01
708,	4.250602e-01
709,	4.249405e-01
710,	4.248211e-01
711,	4.247019e-01
712,	4.245829e-01
713,	4.244641e-01
714,	4.243456e-01
715,	4.242273e-01
716,	4.241093e-01
717,	4.239914e-01
718,	4.238738e-01
719,	4.237564e-01
720,	4.236393e-01
721,	4.235223e-01
722,	4.234056e-01
723,	4.232891e-01
724,	4.231728e-01
725,	4.230568e-01
726,	4.229409e-01
727,	4.228253e-01
728,	4.227099e-01
729,	4.225947e-01
730,	4.224797e-01
731,	4.223650e-01
732,	4.222504e-01
733,	4.221361e-01
734,	4.220220e-01
735,	4.219081e-01
736,	4.217944e-01
737,	4.216809e-01
738,	4.215676e-01
739,	4.214546e-01
740,	4.213417e-01
741,	4.212291e-01
742,	4.211166e-01
743,	4.210044e-01
744,	4.208923e-01
745,	4.207805e-01
746,	4.206689e-01
747,	4.205575e-01
748,	4.204462e-01
749,	4.203352e-01
750,	4.202244e-01
751,	4.201138e-01
752,	4.200034e-01
753,	4.198932e-01
754,	4.197831e-01
755,	4.196733e-01
756,	4.195637e-01
757,	4.194543e-01
758,	4.193450e-01
759,	4.192360e-01
760,	4.191271e-01
761,	4.190185e-01
762,	4.189100e-01
763,	4.188017e-01
764,	4.186937e-01
765,	4.185858e-01
766,	4.184781e-01
767,	4.183706e-01
768,	4.182633e-01
769,	4.181561e-01
770,	4.180492e-01
771,	4.179424e-01
772,	4.178359e-01
773,	4.177295e-01
774,	4.176233e-01
775,	4.175173e-01
776,	4.174114e-01
777,	4.173058e-01
778,	4.172003e-01
779,	4.170950e-01
780,	4.169899e-01
781,	4.168850e-01
782,	4.167803e-01
783,	4.166757e-01
784,	4.165713e-01
785,	4.164671e-01
786,	4.163631e-01
787,	4.162593e-01
788,	4.161556e-01
789,	4.160521e-01
790,	4.159488e-01
791,	4.158456e-01
792,	4.157427e-01
793,	4.156399e-01
794,	4.155372e-01
795,	4.154348e-01
796,	4.153325e-01
797,	4.152304e-01
798,	4.151284e-01
799,	4.150267e-01
800,	4.149251e-01
801,	4.148237e-01
802,	4.147224e-01
803,	4.146213e-01
804,	4.145204e-01
805,	4.144196e-01
806,	4.143190e-01
807,	4.142186e-01
808,	4.141184e-01
809,	4.140183e-01
810,	4.139183e-01
811,	4.138186e-01
812,	4.137190e-01
813,	4.136195e-01
814,	4.135202e-01
815,	4.134211e-01
816,	4.133222e-01
817,	4.132234e-01
818,	4.131248e-01
819,	4.130263e-01
820,	4.129280e-01
821,	4.128298e-01
822,	4.127318e-01
823,	4.126340e-01
824,	4.125363e-01
825,	4.124388e-01
826,	4.123414e-01
827,	4.122442e-01
828,	4.121472e-01
829,	4.120503e-01
830,	4.119535e-01
831,	4.118569e-01
832,	4.117605e-01
833,	4.116642e-01
834,	4.115681e-01
835,	4.114721e-01
836,	4.113762e-01
837,	4.112806e-01
838,	4.111850e-01
839,	4.110897e-01
840,	4.109944e-01
841,	4.108994e-01
842,	4.108044e-01
843,	4.107097e-01
844,	4.106150e-01
845,	4.105205e-01
846,	4.104262e-01
847,	4.103320e-01
848,	4.102380e-01
849,	4.101441e-01
850,	4.100503e-01
851,	4.099567e-01
852,	4.098633e-01
853,	4.097699e-01
854,	4.096768e-01
855,	4.095837e-01
856,	4.094908e-01
857,	4.093981e-01
858,	4.093055e-01
859,	4.092130e-01
860,	4.091207e-01
861,	4.090285e-01
862,	4.089365e-01
863,	4.088446e-01
864,	4.087528e-01
865,	4.086612e-01
866,	4.085697e-01
867,	4.084784e-01
868,	4.083872e-01
869,	4.082961e-01
870,	4.082052e-01
871,	4.081144e-01
872,	4.080237e-01
873,	4.079332e-01
874,	4.078428e-01
875,	4.077525e-01
876,	4.076624e-01
877,	4.075724e-01
878,	4.074826e-01
879,	4.073929e-01
880,	4.073033e-01
881,	4.072138e-01
882,	4.071245e-01
883,	4.070353e-01
884,	4.069463e-01
885,	4.068573e-01
886,	4.067685e-01
887,	4.066799e-01
888,	4.065913e-01
889,	4.065029e-01
890,	4.064147e-01
891,	4.063265e-01
892,	4.062385e-01
893,	4.061506e-01
894,	4.060629e-01
895,	4.059752e-01
896,	4.058877e-01
897,	4.058003e-01
898,	4.057131e-01
899,	4.056260e-01
900,	4.055390e-01
901,	4.054521e-01
902,	4.053653e-01
903,	4.052787e-01
904,	4.051922e-01
905,	4.051058e-01
906,	4.050196e-01
907,	4.049335e-01
908,	4.048475e-01
909,	4.047616e-01
910,	4.046758e-01
911,	4.045902e-01
912,	4.045047e-01
913,	4.044193e-01
914,	4.043340e-01
915,	4.042488e-01
916,	4.041638e-01
917,	4.040789e-01
918,	4.039941e-01
919,	4.039094e-01
920,	4.038249e-01
921,	4.037404e-01
922,	4.036561e-01
923,	4.035719e-01
924,	4.034878e-01
925,	4.034039e-01
926,	4.033200e-01
927,	4.032363e-01
928,	4.031527e-01
929,	4.030692e-01
930,	4.029858e-01
931,	4.029025e-01
932,	4.028194e-01
933,	4.027363e-01
934,	4.026534e-01
935,	4.025706e-01
936,	4.024879e-01
937,	4.024053e-01
938,	4.023229e-01
939,	4.022405e-01
940,	4.021583e-01
941,	4.020761e-01
942,	4.019941e-01
943,	4.019122e-01
944,	4.018304e-01
945,	4.017487e-01
946,	4.016672e-01
947,	4.015857e-01
948,	4.015043e-01
949,	4.014231e-01
950,	4.013420e-01
951,	4.012610e-01
952,	4.011800e-01
953,	4.010992e-01
954,	4.010185e-01
955,	4.009380e-01
956,	4.008575e-01
957,	4.007771e-01
958,	4.006968e-01
959,	4.006167e-01
960,	4.005366e-01
961,	4.004567e-01
962,	4.003769e-01
963,	4.002971e-01
964,	4.002175e-01
965,	4.001380e-01
966,	4.000586e-01
967,	3.999793e-01
968,	3.999001e-01
969,	3.998210e-01
970,	3.997420e-01
971,	3.996631e-01
972,	3.995843e-01
973,	3.995056e-01
974,	3.994270e-01
975,	3.993485e-01
976,	3.992702e-01
977,	3.991919e-01
978,	3.991137e-01
979,	3.990356e-01
980,	3.989577e-01
981,	3.988798e-01
982,	3.988020e-01
983,	3.987244e-01
984,	3.986468e-01
985,	3.985693e-01
986,	3.984920e-01
987,	3.984147e-01
988,	3.983375e-01
989,	3.982605e-01
990,	3.981835e-01
991,	3.981066e-01
992,	3.980299e-01
993,	3.979532e-01
994,	3.978766e-01
995,	3.978001e-01
996,	3.977238e-01
997,	3.976475e-01
998,	3.975713e-01
999,	3.974952e-01
1000,	3.974192e-01
1001,	3.973433e-01
1002,	3.972675e-01
1003,	3.971918e-01
1004,	3.971162e-01
1005,	3.970407e-01
1006,	3.969653e-01
1007,	3.968899e-01
1008,	3.968147e-01
1009,	3.967396e-01
1010,	3.966645e-01
1011,	3.965896e-01
1012,	3.965147e-01
1013,	3.964400e-01
1014,	3.963653e-01
1015,	3.962907e-01
1016,	3.962162e-01
1017,	3.961418e-01
1018,	3.960675e-01
1019,	3.959933e-01
1020,	3.959192e-01
1021,	3.958452e-01
1022,	3.957713e-01
1023,	3.956974e-01
1024,	3.956237e-01
1025,	3.955500e-01
1026,	3.954764e-01
1027,	3.954029e-01
1028,	3.953296e-01
1029,	3.952563e-01
1030,	3.951830e-01
1031,	3.951099e-01
1032,	3.950369e-01
1033,	3.949639e-01
1034,	3.948911e-01
1035,	3.948183e-01
1036,	3.947456e-01
1037,	3.946730e-01
1038,	3.946005e-01
1039,	3.945281e-01
1040,	3.944558e-01
1041,	3.943835e-01
1042,	3.943114e-01
1043,	3.942393e-01
1044,	3.941673e-01
1045,	3.940954e-01
1046,	3.940236e-01
1047,	3.939519e-01
1048,	3.938803e-01
1049,	3.938087e-01
1050,	3.937372e-01
1051,	3.936658e-01
1052,	3.935945e-01
1053,	3.935233e-01
1054,	3.934522e-01
1055,	3.933812e-01
1056,	3.933102e-01
1057,	3.932393e-01
1058,	3.931685e-01
1059,	3.930978e-01
1060,	3.930272e-01
1061,	3.929566e-01
1062,	3.928862e-01
1063,	3.928158e-01
1064,	3.927455e-01
1065,	3.926753e-01
1066,	3.926051e-01
1067,	3.925351e-01
1068,	3.924651e-01
1069,	3.923952e-01
1070,	3.923254e-01
1071,	3.922557e-01
1072,	3.921860e-01
1073,	3.921164e-01
1074,	3.920469e-01
1075,	3.919775e-01
1076,	3.919082e-01
1077,	3.918390e-01
1078,	3.917698e-01
1079,	3.917007e-01
1080,	3.916317e-01
1081,	3.915628e-01
1082,	3.914939e-01
1083,	3.914251e-01
1084,	3.913564e-01
1085,	3.912878e-01
1086,	3.912193e-01
1087,	3.911508e-01
1088,	3.910824e-01
1089,	3.910141e-01
1090,	3.909459e-01
1091,	3.908777e-01
1092,	3.908096e-01
1093,	3.907416e-01
1094,	3.906737e-01
1095,	3.906059e-01
1096,	3.905381e-01
1097,	3.904704e-01
1098,	3.904028e-01
1099,	3.903352e-01
1100,	3.902678e-01
1101,	3.902004e-01
1102,	3.901331e-01
1103,	3.900658e-01
1104,	3.899986e-01
1105,	3.899316e-01
1106,	3.898645e-01
1107,	3.897976e-01
1108,	3.897307e-01
1109,	3.896639e-01
1110,	3.895972e-01
1111,	3.895305e-01
1112,	3.894640e-01
1113,	3.893975e-01
1114,	3.893310e-01
1115,	3.892647e-01
1116,	3.891984e-01
1117,	3.891322e-01
1118,	3.890660e-01
1119,	3.890000e-01
1120,	3.889340e-01
1121,	3.888680e-01
1122,	3.888022e-01
1123,	3.887364e-01
1124,	3.886707e-01
1125,	3.886051e-01
1126,	3.885395e-01
1127,	3.884740e-01
1128,	3.884086e-01
1129,	3.883432e-01
1130,	3.882779e-01
1131,	3.882127e-01
1132,	3.881476e-01
1133,	3.880825e-01
1134,	3.880175e-01
1135,	3.879525e-01
1136,	3.878877e-01
1137,	3.878229e-01
1138,	3.877581e-01
1139,	3.876935e-01
1140,	3.876289e-01
1141,	3.875644e-01
1142,	3.874999e-01
1143,	3.874355e-01
1144,	3.873712e-01
1145,	3.873069e-01
1146,	3.872428e-01
1147,	3.871786e-01
1148,	3.871146e-01
1149,	3.870506e-01
1150,	3.869867e-01
1151,	3.869228e-01
1152,	3.868591e-01
1153,	3.867954e-01
1154,	3.867317e-01
1155,	3.866681e-01
1156,	3.866046e-01
1157,	3.865412e-01
1158,	3.864778e-01
1159,	3.864145e-01
1160,	3.863512e-01
1161,	3.862880e-01
1162,	3.862249e-01
1163,	3.861618e-01
1164,	3.860989e-01
1165,	3.860359e-01
1166,	3.859731e-01
1167,	3.859103e-01
1168,	3.858475e-01
1169,	3.857849e-01
1170,	3.857223e-01
1171,	3.856597e-01
1172,	3.855973e-01
1173,	3.855348e-01
1174,	3.854725e-01
1175,	3.854102e-01
1176,	3.853480e-01
1177,	3.852858e-01
1178,	3.852237e-01
1179,	3.851617e-01
1180,	3.850997e-01
1181,	3.850378e-01
1182,	3.849760e-01
1183,	3.849142e-01
1184,	3.848525e-01
1185,	3.847908e-01
1186,	3.847292e-01
1187,	3.846677e-01
1188,	3.846062e-01
1189,	3.845448e-01
1190,	3.844835e-01
1191,	3.844222e-01
1192,	3.843609e-01
1193,	3.842998e-01
1194,	3.842387e-01
1195,	3.841776e-01
1196,	3.841166e-01
1197,	3.840557e-01
1198,	3.839948e-01
1199,	3.839340e-01
1200,	3.838733e-01
1201,	3.838126e-01
1202,	3.837520e-01
1203,	3.836914e-01
1204,	3.836309e-01
1205,	3.835705e-01
1206,	3.835101e-01
1207,	3.834498e-01
1208,	3.833895e-01
1209,	3.833293e-01
1210,	3.832691e-01
1211,	3.832090e-01
1212,	3.831490e-01
1213,	3.830890e-01
1214,	3.830291e-01
1215,	3.829692e-01
1216,	3.829094e-01
1217,	3.828497e-01
1218,	3.827900e-01
1219,	3.827304e-01
1220,	3.826708e-01
1221,	3.826113e-01
1222,	3.825518e-01
1223,	3.824924e-01
1224,	3.824331e-01
1225,	3.823738e-01
1226,	3.823146e-01
1227,	3.822554e-01
1228,	3.821963e-01
1229,	3.821372e-01
1230,	3.820782e-01
1231,	3.820193e-01
1232,	3.819604e-01
1233,	3.819015e-01
1234,	3.818427e-01
1235,	3.817840e-01
1236,	3.817253e-01
1237,	3.816667e-01
1238,	3.816082e-01
1239,	3.815497e-01
1240,	3.814912e-01
1241,	3.814328e-01
1242,	3.813745e-01
1243,	3.813162e-01
1244,	3.812580e-01
1245,	3.811998e-01
1246,	3.811417e-01
1247,	3.810836e-01
1248,	3.810256e-01
1249,	3.809676e-01
1250,	3.809097e-01
1251,	3.808519e-01
1252,	3.807941e-01
1253,	3.807363e-01
1254,	3.806786e-01
1255,	3.806210e-01
1256,	3.805634e-01
1257,	3.805059e-01
1258,	3.804484e-01
1259,	3.803909e-01
1260,	3.803336e-01
1261,	3.802762e-01
1262,	3.802190e-01
1263,	3.801618e-01
1264,	3.801046e-01
1265,	3.800475e-01
1266,	3.799904e-01
1267,	3.799334e-01
1268,	3.798764e-01
1269,	3.798195e-01
1270,	3.797627e-01
1271,	3.797059e-01
1272,	3.796491e-01
1273,	3.795924e-01
1274,	3.795358e-01
1275,	3.794792e-01
1276,	3.794226e-01
1277,	3.793661e-01
1278,	3.793097e-01
1279,	3.792533e-01
1280,	3.791969e-01
1281,	3.791406e-01
1282,	3.790844e-01
1283,	3.790282e-01
1284,	3.789720e-01
1285,	3.789159e-01
1286,	3.788599e-01
1287,	3.788039e-01
1288,	3.787480e-01
1289,	3.786921e-01
1290,	3.786362e-01
1291,	3.785804e-01
1292,	3.785247e-01
1293,	3.784690e-01
1294,	3.784133e-01
1295,	3.783577e-01
1296,	3.783022e-01
1297,	3.782466e-01
1298,	3.781912e-01
1299,	3.781358e-01
1300,	3.780804e-01
1301,	3.780251e-01
1302,	3.779698e-01
1303,	3.779146e-01
1304,	3.778595e-01
1305,	3.778043e-01
1306,	3.777493e-01
1307,	3.776942e-01
1308,	3.776393e-01
1309,	3.775843e-01
1310,	3.775295e-01
1311,	3.774746e-01
1312,	3.774198e-01
1313,	3.773651e-01
1314,	3.773104e-01
1315,	3.772558e-01
1316,	3.772012e-01
1317,	3.771466e-01
1318,	3.770921e-01
1319,	3.770376e-01
1320,	3.769832e-01
1321,	3.769289e-01
1322,	3.768745e-01
1323,	3.768203e-01
1324,	3.767660e-01
1325,	3.767118e-01
1326,	3.766577e-01
1327,	3.766036e-01
1328,	3.765496e-01
1329,	3.764956e-01
1330,	3.764416e-01
1331,	3.763877e-01
1332,	3.763338e-01
1333,	3.762800e-01
1334,	3.762262e-01
1335,	3.761725e-01
1336,	3.761188e-01
1337,	3.760652e-01
1338,	3.760116e-01
1339,	3.759580e-01
1340,	3.759045e-01
1341,	3.758511e-01
1342,	3.757977e-01
1343,	3.757443e-01
1344,	3.756910e-01
1345,	3.756377e-01
1346,	3.755844e-01
1347,	3.755312e-01
1348,	3.754781e-01
1349,	3.754250e-01
1350,	3.753719e-01
1351,	3.753189e-01
1352,	3.752659e-01
1353,	3.752130e-01
1354,	3.751601e-01
1355,	3.751072e-01
1356,	3.750544e-01
1357,	3.750016e-01
1358,	3.749489e-01
1359,	3.748962e-01
1360,	3.748436e-01
1361,	3.747910e-01
1362,	3.747385e-01
1363,	3.746860e-01
1364,	3.746335e-01
1365,	3.745811e-01
1366,	3.745287e-01
1367,	3.744763e-01
1368,	3.744241e-01
1369,	3.743718e-01
1370,	3.743196e-01
1371,	3.742674e-01
1372,	3.742153e-01
1373,	3.741632e-01
1374,	3.741111e-01
1375,	3.740591e-01
1376,	3.740072e-01
1377,	3.739553e-01
1378,	3.739034e-01
1379,	3.738515e-01
1380,	3.737997e-01
1381,	3.737480e-01
1382,	3.736963e-01
1383,	3.736446e-01
1384,	3.735929e-01
1385,	3.735414e-01
1386,	3.734898e-01
1387,	3.734383e-01
1388,	3.733868e-01
1389,	3.733354e-01
1390,	3.732840e-01
1391,	3.732326e-01
1392,	3.731813e-01
1393,	3.731300e-01
1394,	3.730788e-01
1395,	3.730276e-01
1396,	3.729765e-01
1397,	3.729253e-01
1398,	3.728743e-01
1399,	3.728232e-01
1400,	3.727722e-01
1401,	3.727213e-01
1402,	3.726704e-01
1403,	3.726195e-01
1404,	3.725686e-01
1405,	3.725178e-01
1406,	3.724671e-01
1407,	3.724164e-01
1408,	3.723657e-01
1409,	3.723150e-01
1410,	3.722644e-01
1411,	3.722139e-01
1412,	3.721633e-01
1413,	3.721128e-01
1414,	3.720624e-01
1415,	3.720120e-01
1416,	3.719616e-01
1417,	3.719113e-01
1418,	3.718610e-01
1419,	3.718107e-01
1420,	3.717605e-01
1421,	3.717103e-01
1422,	3.716601e-01
1423,	3.716100e-01
1424,	3.715600e-01
1425,	3.715099e-01
1426,	3.714599e-01
1427,	3.714100e-01
1428,	3.713600e-01
1429,	3.713101e-01
1430,	3.712603e-01
1431,	3.712105e-01
1432,	3.711607e-01
1433,	3.711110e-01
1434,	3.710613e-01
1435,	3.710116e-01
1436,	3.709620e-01
1437,	3.709124e-01
1438,	3.708628e-01
1439,	3.708133e-01
1440,	3.707638e-01
1441,	3.707144e-01
1442,	3.706650e-01
1443,	3.706156e-01
1444,	3.705663e-01
1445,	3.705170e-01
1446,	3.704677e-01
1447,	3.704185e-01
1448,	3.703693e-01
1449,	3.703201e-01
1450,	3.702710e-01
1451,	3.702219e-01
1452,	3.701729e-01
1453,	3.701238e-01
1454,	3.700749e-01
1455,	3.700259e-01
1456,	3.699770e-01
1457,	3.699281e-01
1458,	3.698793e-01
1459,	3.698305e-01
1460,	3.697817e-01
1461,	3.697330e-01
1462,	3.696843e-01
1463,	3.696356e-01
1464,	3.695870e-01
1465,	3.695384e-01
1466,	3.694899e-01
1467,	3.694413e-01
1468,	3.693928e-01
1469,	3.693444e-01
1470,	3.692960e-01
1471,	3.692476e-01
1472,	3.691992e-01
1473,	3.691509e-01
1474,	3.691026e-01
1475,	3.690544e-01
1476,	3.690061e-01
1477,	3.689580e-01
1478,	3.689098e-01
1479,	3.688617e-01
1480,	3.688136e-01
1481,	3.687656e-01
1482,	3.687176e-01
1483,	3.686696e-01
1484,	3.686216e-01
1485,	3.685737e-01
1486,	3.685258e-01
1487,	3.684780e-01
1488,	3.684302e-01
1489,	3.683824e-01
1490,	3.683346e-01
1491,	3.682869e-01
1492,	3.682392e-01
1493,	3.681916e-01
1494,	3.681440e-01
1495,	3.680964e-01
1496,	3.680488e-01
1497,	3.680013e-01
1498,	3.679538e-01
1499,	3.679064e-01
1500,	3.678590e-01
1501,	3.678116e-01
1502,	3.677642e-01
1503,	3.677169e-01
1504,	3.676696e-01
1505,	3.676224e-01
1506,	3.675751e-01
1507,	3.675279e-01
1508,	3.674808e-01
1509,	3.674336e-01
1510,	3.673865e-01
1511,	3.673395e-01
1512,	3.672924e-01
1513,	3.672454e-01
1514,	3.671985e-01
1515,	3.671515e-01
1516,	3.671046e-01
1517,	3.670577e-01
1518,	3.670109e-01
1519,	3.669641e-01
1520,	3.669173e-01
1521,	3.668705e-01
1522,	3.668238e-01
1523,	3.667771e-01
1524,	3.667305e-01
1525,	3.666838e-01
1526,	3.666372e-01
1527,	3.665907e-01
1528,	3.665441e-01
1529,	3.664976e-01
1530,	3.664512e-01
1531,	3.664047e-01
1532,	3.663583e-01
1533,	3.663119e-01
1534,	3.662656e-01
1535,	3.662192e-01
1536,	3.661730e-01
1537,	3.661267e-01
1538,	3.660805e-01
1539,	3.660343e-01
1540,	3.659881e-01
1541,	3.659420e-01
1542,	3.658958e-01
1543,	3.658498e-01
1544,	3.658037e-01
1545,	3.657577e-01
1546,	3.657117e-01
1547,	3.656657e-01
1548,	3.656198e-01
1549,	3.655739e-01
1550,	3.655280e-01
1551,	3.654822e-01
1552,	3.654364e-01
1553,	3.653906e-01
1554,	3.653448e-01
1555,	3.652991e-01
1556,	3.652534e-01
1557,	3.652078e-01
1558,	3.651621e-01
1559,	3.651165e-01
1560,	3.650709e-01
1561,	3.650254e-01
1562,	3.649799e-01
1563,	3.649344e-01
1564,	3.648889e-01
1565,	3.648435e-01
1566,	3.647981e-01
1567,	3.647527e-01
1568,	3.647073e-01
1569,	3.646620e-01
1570,	3.646167e-01
1571,	3.645715e-01
1572,	3.645262e-01
1573,	3.644810e-01
1574,	3.644358e-01
1575,	3.643907e-01
1576,	3.643456e-01
1577,	3.643005e-01
1578,	3.642554e-01
1579,	3.642104e-01
1580,	3.641654e-01
1581,	3.641204e-01
1582,	3.640754e-01
1583,	3.640305e-01
1584,	3.639856e-01
1585,	3.639407e-01
1586,	3.638959e-01
1587,	3.638511e-01
1588,	3.638063e-01
1589,	3.637615e-01
1590,	3.637168e-01
1591,	3.636721e-01
1592,	3.636274e-01
1593,	3.635828e-01
1594,	3.635381e-01
1595,	3.634936e-01
1596,	3.634490e-01
1597,	3.634044e-01
1598,	3.633599e-01
1599,	3.633154e-01
1600,	3.632710e-01
1601,	3.632266e-01
1602,	3.631821e-01
1603,	3.631378e-01
1604,	3.630934e-01
1605,	3.630491e-01
1606,	3.630048e-01
1607,	3.629605e-01
1608,	3.629163e-01
1609,	3.628721e-01
1610,	3.628279e-01
1611,	3.627837e-01
1612,	3.627396e-01
1613,	3.626954e-01
1614,	3.626514e-01
1615,	3.626073e-01
1616,	3.625633e-01
1617,	3.625193e-01
1618,	3.624753e-01
1619,	3.624313e-01
1620,	3.623874e-01
1621,	3.623435e-01
1622,	3.622996e-01
1623,	3.622558e-01
1624,	3.622119e-01
1625,	3.621681e-01
1626,	3.621244e-01
1627,	3.620806e-01
1628,	3.620369e-01
1629,	3.619932e-01
1630,	3.619495e-01
1631,	3.619059e-01
1632,	3.618623e-01
1633,	3.618187e-01
1634,	3.617751e-01
1635,	3.617316e-01
1636,	3.616880e-01
1637,	3.616445e-01
1638,	3.616011e-01
1639,	3.615576e-01
1640,	3.615142e-01
1641,	3.614708e-01
1642,	3.614275e-01
1643,	3.613841e-01
1644,	3.613408e-01
1645,	3.612975e-01
1646,	3.612542e-01
1647,	3.612110e-01
1648,	3.611678e-01
1649,	3.611246e-01
1650,	3.610814e-01
1651,	3.610383e-01
1652,	3.609951e-01
1653,	3.609521e-01
1654,	3.609090e-01
1655,	3.608659e-01
1656,	3.608229e-01
1657,	3.607799e-01
1658,	3.607369e-01
1659,	3.606940e-01
1660,	3.606511e-01
1661,	3.606082e-01
1662,	3.605653e-01
1663,	3.605224e-01
1664,	3.604796e-01
1665,	3.604368e-01
1666,	3.603940e-01
1667,	3.603513e-01
1668,	3.603086e-01
1669,	3.602658e-01
1670,	3.602232e-01
1671,	3.601805e-01
1672,	3.601379e-01
1673,	3.600953e-01
1674,	3.600527e-01
1675,	3.600101e-01
1676,	3.599676e-01
1677,	3.599250e-01
1678,	3.598826e-01
1679,	3.598401e-01
1680,	3.597976e-01
1681,	3.597552e-01
1682,	3.597128e-01
1683,	3.596704e-01
1684,	3.596281e-01
1685,	3.595858e-01
1686,	3.595435e-01
1687,	3.595012e-01
1688,	3.594589e-01
1689,	3.594167e-01
1690,	3.593745e-01
1691,	3.593323e-01
1692,	3.592901e-01
1693,	3.592480e-01
1694,	3.592058e-01
1695,	3.591637e-01
1696,	3.591217e-01
1697,	3.590796e-01
1698,	3.590376e-01
1699,	3.589956e-01
1700,	3.589536e-01
1701,	3.589116e-01
1702,	3.588697e-01
1703,	3.588278e-01
1704,	3.587859e-01
1705,	3.587440e-01
1706,	3.587021e-01
1707,	3.586603e-01
1708,	3.586185e-01
1709,	3.585767e-01
1710,	3.585350e-01
1711,	3.584932e-01
1712,	3.584515e-01
1713,	3.584098e-01
1714,	3.583681e-01
1715,	3.583265e-01
1716,	3.582849e-01
1717,	3.582432e-01
1718,	3.582017e-01
1719,	3.581601e-01
1720,	3.581186e-01
1721,	3.580770e-01
1722,	3.580355e-01
1723,	3.579941e-01
1724,	3.579526e-01
1725,	3.579112e-01
1726,	3.578698e-01
1727,	3.578284e-01
1728,	3.577870e-01
1729,	3.577457e-01
1730,	3.577043e-01
1731,	3.576630e-01
1732,	3.576218e-01
1733,	3.575805e-01
1734,	3.575393e-01
1735,	3.574981e-01
1736,	3.574569e-01
1737,	3.574157e-01
1738,	3.573745e-01
1739,	3.573334e-01
1740,	3.572923e-01
1741,	3.572512e-01
1742,	3.572101e-01
1743,	3.571691e-01
1744,	3.571281e-01
1745,	3.570871e-01
1746,	3.570461e-01
1747,	3.570051e-01
1748,	3.569642e-01
1749,	3.569232e-01
1750,	3.568823e-01
1751,	3.568415e-01
1752,	3.568006e-01
1753,	3.567598e-01
1754,	3.567189e-01
1755,	3.566782e-01
1756,	3.566374e-01
1757,	3.565966e-01
1758,	3.565559e-01
1759,	3.565152e-01
1760,	3.564745e-01
1761,	3.564338e-01
1762,	3.563931e-01
1763,	3.563525e-01
1764,	3.563119e-01
1765,	3.562713e-01
1766,	3.562307e-01
1767,	3.561902e-01
1768,	3.561497e-01
1769,	3.561091e-01
1770,	3.560687e-01
1771,	3.560282e-01
1772,	3.559877e-01
1773,	3.559473e-01
1774,	3.559069e-01
1775,	3.558665e-01
1776,	3.558261e-01
1777,	3.557858e-01
1778,	3.557454e-01
1779,	3.557051e-01
1780,	3.556648e-01
1781,	3.556246e-01
1782,	3.555843e-01
1783,	3.555441e-01
1784,	3.555039e-01
1785,	3.554637e-01
1786,	3.554235e-01
1787,	3.553833e-01
1788,	3.553432e-01
1789,	3.553031e-01
1790,	3.552630e-01
1791,	3.552229e-01
1792,	3.551829e-01
1793,	3.551428e-01
1794,	3.551028e-01
1795,	3.550628e-01
1796,	3.550228e-01
1797,	3.549829e-01
1798,	3.549429e-01
1799,	3.549030e-01
1800,	3.548631e-01
1801,	3.548232e-01
1802,	3.547834e-01
1803,	3.547435e-01
1804,	3.547037e-01
1805,	3.546639e-01
1806,	3.546241e-01
1807,	3.545843e-01
1808,	3.545446e-01
1809,	3.545048e-01
1810,	3.544651e-01
1811,	3.544254e-01
1812,	3.543858e-01
1813,	3.543461e-01
1814,	3.543065e-01
1815,	3.542669e-01
1816,	3.542273e-01
1817,	3.541877e-01
1818,	3.541481e-01
1819,	3.541086e-01
1820,	3.540690e-01
1821,	3.540295e-01
1822,	3.539900e-01
1823,	3.539506e-01
1824,	3.539111e-01
1825,	3.538717e-01
1826,	3.538323e-01
1827,	3.537929e-01
1828,	3.537535e-01
1829,	3.537141e-01
1830,	3.536748e-01
1831,	3.536355e-01
1832,	3.535962e-01
1833,	3.535569e-01
1834,	3.535176e-01
1835,	3.534784e-01
1836,	3.534391e-01
1837,	3.533999e-01
1838,	3.533607e-01
1839,	3.533215e-01
1840,	3.532824e-01
1841,	3.532432e-01
1842,	3.532041e-01
1843,	3.531650e-01
1844,	3.531259e-01
1845,	3.530868e-01
1846,	3.530478e-01
1847,	3.530088e-01
1848,	3.529697e-01
1849,	3.529307e-01
1850,	3.528918e-01
1851,	3.528528e-01
1852,	3.528138e-01
1853,	3.527749e-01
1854,	3.527360e-01
1855,	3.526971e-01
1856,	3.526582e-01
1857,	3.526194e-01
1858,	3.525805e-01
1859,	3.525417e-01
1860,	3.525029e-01
1861,	3.524641e-01
1862,	3.524253e-01
1863,	3.523866e-01
1864,	3.523478e-01
1865,	3.523091e-01
1866,	3.522704e-01
1867,	3.522317e-01
1868,	3.521931e-01
1869,	3.521544e-01
1870,	3.521158e-01
1871,	3.520771e-01
1872,	3.520385e-01
1873,	3.520000e-01
1874,	3.519614e-01
1875,	3.519228e-01
1876,	3.518843e-01
1877,	3.518458e-01
1878,	3.518073e-01
1879,	3.517688e-01
1880,	3.517303e-01
1881,	3.516919e-01
1882,	3.516535e-01
1883,	3.516151e-01
1884,	3.515767e-01
1885,	3.515383e-01
1886,	3.514999e-01
1887,	3.514616e-01
1888,	3.514232e-01
1889,	3.513849e-01
1890,	3.513466e-01
1891,	3.513083e-01
1892,	3.512701e-01
1893,	3.512318e-01
1894,	3.511936e-01
1895,	3.511554e-01
1896,	3.511172e-01
1897,	3.510790e-01
1898,	3.510408e-01
1899,	3.510027e-01
1900,	3.509645e-01
1901,	3.509264e-01
1902,	3.508883e-01
1903,	3.508502e-01
1904,	3.508122e-01
1905,	3.507741e-01
1906,	3.507361e-01
1907,	3.506980e-01
1908,	3.506600e-01
1909,	3.506221e-01
1910,	3.505841e-01
1911,	3.505461e-01
1912,	3.505082e-01
1913,	3.504703e-01
1914,	3.504323e-01
1915,	3.503945e-01
1916,	3.503566e-01
1917,	3.503187e-01
1918,	3.502809e-01
1919,	3.502430e-01
1920,	3.502052e-01
1921,	3.501674e-01
1922,	3.501297e-01
1923,	3.500919e-01
1924,	3.500541e-01
1925,	3.500164e-01
1926,	3.499787e-01
1927,	3.499410e-01
1928,	3.499033e-01
1929,	3.498656e-01
1930,	3.498280e-01
1931,	3.497903e-01
1932,	3.497527e-01
1933,	3.497151e-01
1934,	3.496775e-01
1935,	3.496399e-01
1936,	3.496024e-01
1937,	3.495648e-01
1938,	3.495273e-01
1939,	3.494898e-01
1940,	3.494523e-01
1941,	3.494148e-01
1942,	3.493773e-01
1943,	3.493398e-01
1944,	3.493024e-01
1945,	3.492650e-01
1946,	3.492276e-01
1947,	3.491902e-01
1948,	3.491528e-01
1949,	3.491154e-01
1950,	3.490781e-01
1951,	3.490407e-01
1952,	3.490034e-01
1953,	3.489661e-01
1954,	3.489288e-01
1955,	3.488915e-01
1956,	3.488543e-01
1957,	3.488170e-01
1958,	3.487798e-01
1959,	3.487426e-01
1960,	3.487054e-01
1961,	3.486682e-01
1962,	3.486310e-01
1963,	3.485939e-01
1964,	3.485567e-01
1965,	3.485196e-01
1966,	3.484825e-01
1967,	3.484454e-01
1968,	3.484083e-01
1969,	3.483713e-01
1970,	3.483342e-01
1971,	3.482972e-01
1972,	3.482601e-01
1973,	3.482231e-01
1974,	3.481861e-01
1975,	3.481492e-01
1976,	3.481122e-01
1977,	3.480752e-01
1978,	3.480383e-01
1979,	3.480014e-01
1980,	3.479645e-01
1981,	3.479276e-01
1982,	3.478907e-01
1983,	3.478538e-01
1984,	3.478170e-01
1985,	3.477801e-01
1986,	3.477433e-01
1987,	3.477065e-01
1988,	3.476697e-01
1989,	3.476329e-01
1990,	3.475962e-01
1991,	3.475594e-01
1992,	3.475227e-01
1993,	3.474860e-01
1994,	3.474493e-01
1995,	3.474126e-01
1996,	3.473759e-01
1997,	3.473392e-01
1998,	3.473026e-01
1999,	3.472659e-01
2000,	3.472293e-01
2001,	3.471927e-01
2002,	3.471561e-01
2003,	3.471195e-01
2004,	3.470829e-01
2005,	3.470464e-01
2006,	3.470098e-01
2007,	3.469733e-01
2008,	3.469368e-01
2009,	3.469003e-01
2010,	3.468638e-01
2011,	3.468273e-01
2012,	3.467909e-01
2013,	3.467544e-01
2014,	3.467180e-01
2015,	3.466816e-01
2016,	3.466452e-01
2017,	3.466088e-01
2018,	3.465724e-01
2019,	3.465361e-01
2020,	3.464997e-01
2021,	3.464634e-01
2022,	3.464271e-01
2023,	3.463907e-01
2024,	3.463544e-01
2025,	3.463182e-01
2026,	3.462819e-01
2027,	3.462456e-01
2028,	3.462094e-01
2029,	3.461732e-01
2030,	3.461370e-01
2031,	3.461008e-01
2032,	3.460646e-01
2033,	3.460284e-01
2034,	3.459922e-01
2035,	3.459561e-01
2036,	3.459199e-01
2037,	3.458838e-01
2038,	3.458477e-01
2039,	3.458116e-01
2040,	3.457755e-01
2041,	3.457395e-01
2042,	3.457034e-01
2043,	3.456674e-01
2044,	3.456313e-01
2045,	3.455953e-01
2046,	3.455593e-01
2047,	3.455233e-01
2048,	3.454873e-01
2049,	3.454514e-01
2050,	3.454154e-01
2051,	3.453795e-01
2052,	3.453436e-01
2053,	3.453077e-01
2054,	3.452717e-01
2055,	3.452359e-01
2056,	3.452000e-01
2057,	3.451641e-01
2058,	3.451283e-01
2059,	3.450924e-01
2060,	3.450566e-01
2061,	3.450208e-01
2062,	3.449850e-01
2063,	3.449492e-01
2064,	3.449134e-01
2065,	3.448777e-01
2066,	3.448419e-01
2067,	3.448062e-01
2068,	3.447705e-01
2069,	3.447348e-01
2070,	3.446991e-01
2071,	3.446634e-01
2072,	3.446277e-01
2073,	3.445921e-01
2074,	3.445564e-01
2075,	3.445208e-01
2076,	3.444852e-01
2077,	3.444495e-01
2078,	3.444140e-01
2079,	3.443784e-01
2080,	3.443428e-01
2081,	3.443072e-01
2082,	3.442717e-01
2083,	3.442362e-01
2084,	3.442006e-01
2085,	3.441651e-01
2086,	3.441296e-01
2087,	3.440941e-01
2088,	3.440587e-01
2089,	3.440232e-01
2090,	3.439877e-01
2091,	3.439523e-01
2092,	3.439169e-01
2093,	3.438815e-01
2094,	3.438461e-01
2095,	3.438107e-01
2096,	3.437753e-01
2097,	3.437399e-01
2098,	3.437046e-01
2099,	3.436693e-01
2100,	3.436339e-01
2101,	3.435986e-01
2102,	3.435633e-01
2103,	3.435280e-01
2104,	3.434927e-01
2105,	3.434575e-01
2106,	3.434222e-01
2107,	3.433870e-01
2108,	3.433517e-01
2109,	3.433165e-01
2110,	3.432813e-01
2111,	3.432461e-01
2112,	3.432109e-01
2113,	3.431757e-01
2114,	3.431406e-01
2115,	3.431054e-01
2116,	3.430703e-01
2117,	3.430352e-01
2118,	3.430001e-01
2119,	3.429649e-01
2120,	3.429299e-01
2121,	3.428948e-01
2122,	3.428597e-01
2123,	3.428247e-01
2124,	3.427896e-01
2125,	3.427546e-01
2126,	3.427196e-01
2127,	3.426845e-01
2128,	3.426495e-01
2129,	3.426146e-01
2130,	3.425796e-01
2131,	3.425446e-01
2132,	3.425097e-01
2133,	3.424747e-01
2134,	3.424398e-01
2135,	3.424049e-01
2136,	3.423700e-01
2137,	3.423351e-01
2138,	3.423002e-01
2139,	3.422653e-01
2140,	3.422305e-01
2141,	3.421956e-01
2142,	3.421608e-01
2143,	3.421259e-01
2144,	3.420911e-01
2145,	3.420563e-01
2146,	3.420215e-01
2147,	3.419867e-01
2148,	3.419520e-01
2149,	3.419172e-01
2150,	3.418825e-01
2151,	3.418477e-01
2152,	3.418130e-01
2153,	3.417783e-01
2154,	3.417436e-01
2155,	3.417089e-01
2156,	3.416742e-01
2157,	3.416395e-01
2158,	3.416049e-01
2159,	3.415702e-01
2160,	3.415356e-01
2161,	3.415010e-01
2162,	3.414664e-01
2163,	3.414317e-01
2164,	3.413972e-01
2165,	3.413626e-01
2166,	3.413280e-01
2167,	3.412934e-01
2168,	3.412589e-01
2169,	3.412243e-01
2170,	3.411898e-01
2171,	3.411553e-01
2172,	3.411208e-01
2173,	3.410863e-01
2174,	3.410518e-01
2175,	3.410173e-01
2176,	3.409829e-01
2177,	3.409484e-01
2178,	3.409140e-01
2179,	3.408796e-01
2180,	3.408451e-01
2181,	3.408107e-01
2182,	3.407763e-01
2183,	3.407419e-01
2184,	3.407076e-01
2185,	3.406732e-01
2186,	3.406388e-01
2187,	3.406045e-01
2188,	3.405702e-01
2189,	3.405358e-01
2190,	3.405015e-01
2191,	3.404672e-01
2192,	3.404329e-01
2193,	3.403986e-01
2194,	3.403644e-01
2195,	3.403301e-01
2196,	3.402958e-01
2197,	3.402616e-01
2198,	3.402274e-01
2199,	3.401932e-01
2200,	3.401589e-01
2201,	3.401248e-01
2202,	3.400906e-01
2203,	3.400564e-01
2204,	3.400222e-01
2205,	3.399881e-01
2206,	3.399539e-01
2207,	3.399198e-01
2208,	3.398856e-01
2209,	3.398515e-01
2210,	3.398174e-01
2211,	3.397833e-01
2212,	3.397492e-01
2213,	3.397152e-01
2214,	3.396811e-01
2215,	3.396470e-01
2216,	3.396130e-01
2217,	3.395790e-01
2218,	3.395449e-01
2219,	3.395109e-01
2220,	3.394769e-01
2221,	3.394429e-01
2222,	3.394089e-01
2223,	3.393750e-01
2224,	3.393410e-01
2225,	3.393071e-01
2226,	3.392731e-01
2227,	3.392392e-01
2228,	3.392053e-01
2229,	3.391713e-01
2230,	3.391374e-01
2231,	3.391035e-01
2232,	3.390697e-01
2233,	3.390358e-01
2234,	3.390019e-01
2235,	3.389681e-01
2236,	3.389342e-01
2237,	3.389004e-01
2238,	3.388666e-01
2239,	3.388327e-01
2240,	3.387989e-01
2241,	3.387651e-01
2242,	3.387314e-01
2243,	3.386976e-01
2244,	3.386638e-01
2245,	3.386301e-01
2246,	3.385963e-01
2247,	3.385626e-01
2248,	3.385289e-01
2249,	3.384951e-01
2250,	3.384614e-01
2251,	3.384277e-01
2252,	3.383940e-01
2253,	3.383604e-01
2254,	3.383267e-01
2255,	3.382930e-01
2256,	3.382594e-01
2257,	3.382258e-01
2258,	3.381921e-01
2259,	3.381585e-01
2260,	3.381249e-01
2261,	3.380913e-01
2262,	3.380577e-01
2263,	3.380241e-01
2264,	3.379905e-01
2265,	3.379570e-01
2266,	3.379234e-01
2267,	3.378899e-01
2268,	3.378563e-01
2269,	3.378228e-01
2270,	3.377893e-01
2271,	3.377558e-01
2272,	3.377223e-01
2273,	3.376888e-01
2274,	3.376553e-01
2275,	3.376219e-01
2276,	3.375884e-01
2277,	3.375550e-01
2278,	3.375215e-01
2279,	3.374881e-01
2280,	3.374547e-01
2281,	3.374212e-01
2282,	3.373878e-01
2283,	3.373544e-01
2284,	3.373211e-01
2285,	3.372877e-01
2286,	3.372543e-01
2287,	3.372210e-01
2288,	3.371876e-01
2289,	3.371543e-01
2290,	3.371209e-01
2291,	3.370876e-01
2292,	3.370543e-01
2293,	3.370210e-01
2294,	3.369877e-01
2295,	3.369544e-01
2296,	3.369211e-01
2297,	3.368879e-01
2298,	3.368546e-01
2299,	3.368214e-01
2300,	3.367881e-01
2301,	3.367549e-01
2302,	3.367217e-01
2303,	3.366885e-01
2304,	3.366553e-01
2305,	3.366221e-01
2306,	3.365889e-01
2307,	3.365557e-01
2308,	3.365225e-01
2309,	3.364894e-01
2310,	3.364562e-01
2311,	3.364231e-01
2312,	3.363900e-01
2313,	3.363568e-01
2314,	3.363237e-01
2315,	3.362906e-01
2316,	3.362575e-01
2317,	3.362244e-01
2318,	3.361914e-01
2319,	3.361583e-01
2320,	3.361252e-01
2321,	3.360922e-01
2322,	3.360591e-01
2323,	3.360261e-01
2324,	3.359931e-01
2325,	3.359601e-01
2326,	3.359270e-01
2327,	3.358940e-01
2328,	3.358611e-01
2329,	3.358281e-01
2330,	3.357951e-01
2331,	3.357621e-01
2332,	3.357292e-01
2333,	3.356962e-01
2334,	3.356633e-01
2335,	3.356304e-01
2336,	3.355974e-01
2337,	3.355645e-01
2338,	3.355316e-01
2339,	3.354987e-01
2340,	3.354658e-01
2341,	3.354330e-01
2342,	3.354001e-01
2343,	3.353672e-01
2344,	3.353344e-01
2345,	3.353015e-01
2346,	3.352687e-01
2347,	3.352359e-01
2348,	3.352030e-01
2349,	3.351702e-01
2350,	3.351374e-01
2351,	3.351046e-01
2352,	3.350718e-01
2353,	3.350391e-01
2354,	3.350063e-01
2355,	3.349735e-01
2356,	3.349408e-01
2357,	3.349080e-01
2358,	3.348753e-01
2359,	3.348426e-01
2360,	3.348099e-01
2361,	3.347771e-01
2362,	3.347444e-01
2363,	3.347117e-01
2364,	3.346791e-01
2365,	3.346464e-01
2366,	3.346137e-01
2367,	3.345811e-01
2368,	3.345484e-01
2369,	3.345158e-01
2370,	3.344831e-01
2371,	3.344505e-01
2372,	3.344179e-01
2373,	3.343853e-01
2374,	3.343527e-01
2375,	3.343201e-01
2376,	3.342875e-01
2377,	3.342549e-01
2378,	3.342223e-01
2379,	3.341898e-01
2380,	3.341572e-01
2381,	3.341247e-01
2382,	3.340921e-01
2383,	3.340596e-01
2384,	3.340271e-01
2385,	3.339946e-01
2386,	3.339620e-01
2387,	3.339295e-01
2388,	3.338971e-01
2389,	3.338646e-01
2390,	3.338321e-01
2391,	3.337996e-01
2392,	3.337672e-01
2393,	3.337347e-01
2394,	3.337023e-01
2395,	3.336698e-01
2396,	3.336374e-01
2397,	3.336050e-01
2398,	3.335726e-01
2399,	3.335402e-01
2400,	3.335078e-01
2401,	3.334754e-01
2402,	3.334430e-01
2403,	3.334106e-01
2404,	3.333783e-01
2405,	3.333459e-01
2406,	3.333136e-01
2407,	3.332812e-01
2408,	3.332489e-01
2409,	3.332166e-01
2410,	3.331843e-01
2411,	3.331520e-01
2412,	3.331197e-01
2413,	3.330874e-01
2414,	3.330551e-01
2415,	3.330228e-01
2416,	3.329905e-01
2417,	3.329583e-01
2418,	3.329260e-01
2419,	3.328938e-01
2420,	3.328615e-01
2421,	3.328293e-01
2422,	3.327971e-01
2423,	3.327648e-01
2424,	3.327326e-01
2425,	3.327004e-01
2426,	3.326682e-01
2427,	3.326361e-01
2428,	3.326039e-01
2429,	3.325717e-01
2430,	3.325395e-01
2431,	3.325074e-01
2432,	3.324752e-01
2433,	3.324431e-01
2434,	3.324110e-01
2435,	3.323788e-01
2436,	3.323467e-01
2437,	3.323146e-01
2438,	3.322825e-01
2439,	3.322504e-01
2440,	3.322183e-01
2441,	3.321862e-01
2442,	3.321542e-01
2443,	3.321221e-01
2444,	3.320900e-01
2445,	3.320580e-01
2446,	3.320259e-01
2447,	3.319939e-01
2448,	3.319619e-01
2449,	3.319299e-01
2450,	3.318978e-01
2451,	3.318658e-01
2452,	3.318338e-01
2453,	3.318018e-01
2454,	3.317699e-01
2455,	3.317379e-01
2456,	3.317059e-01
2457,	3.316740e-01
2458,	3.316420e-01
2459,	3.316100e-01
2460,	3.315781e-01
2461,	3.315462e-01
2462,	3.315142e-01
2463,	3.314823e-01
2464,	3.314504e-01
2465,	3.314185e-01
2466,	3.313866e-01
2467,	3.313547e-01
2468,	3.313228e-01
2469,	3.312910e-01
2470,	3.312591e-01
2471,	3.312272e-01
2472,	3.311954e-01
2473,	3.311635e-01
2474,	3.311317e-01
2475,	3.310999e-01
2476,	3.310680e-01
2477,	3.310362e-01
2478,	3.310044e-01
2479,	3.309726e-01
2480,	3.309408e-01
2481,	3.309090e-01
2482,	3.308772e-01
2483,	3.308454e-01
2484,	3.308137e-01
2485,	3.307819e-01
2486,	3.307502e-01
2487,	3.307184e-01
2488,	3.306867e-01
2489,	3.306549e-01
2490,	3.306232e-01
2491,	3.305915e-01
2492,	3.305598e-01
2493,	3.305281e-01
2494,	3.304964e-01
2495,	3.304647e-01
2496,	3.304330e-01
2497,	3.304013e-01
2498,	3.303696e-01
2499,	3.303380e-01
2500,	3.303063e-01
2501,	3.302747e-01
2502,	3.302430e-01
2503,	3.302114e-01
2504,	3.301798e-01
2505,	3.301481e-01
2506,	3.301165e-01
2507,	3.300849e-01
2508,	3.300533e-01
2509,	3.300217e-01
2510,	3.299901e-01
2511,	3.299585e-01
2512,	3.299270e-01
2513,	3.298954e-01
2514,	3.298638e-01
2515,	3.298323e-01
2516,	3.298007e-01
2517,	3.297692e-01
2518,	3.297376e-01
2519,	3.297061e-01
2520,	3.296746e-01
2521,	3.296431e-01
2522,	3.296116e-01
2523,	3.295801e-01
2524,	3.295486e-01
2525,	3.295171e-01
2526,	3.294856e-01
2527,	3.294541e-01
2528,	3.294227e-01
2529,	3.293912e-01
2530,	3.293597e-01
2531,	3.293283e-01
2532,	3.292969e-01
2533,	3.292654e-01
2534,	3.292340e-01
2535,	3.292026e-01
2536,	3.291712e-01
2537,	3.291397e-01
2538,	3.291083e-01
2539,	3.290769e-01
2540,	3.290456e-01
2541,	3.290142e-01
2542,	3.289828e-01
2543,	3.289514e-01
2544,	3.289201e-01
2545,	3.288887e-01
2546,	3.288574e-01
2547,	3.288260e-01
2548,	3.287947e-01
2549,	3.287633e-01
2550,	3.287320e-01
2551,	3.287007e-01
2552,	3.286694e-01
2553,	3.286381e-01
2554,	3.286068e-01
2555,	3.285755e-01
2556,	3.285442e-01
2557,	3.285129e-01
2558,	3.284817e-01
2559,	3.284504e-01
2560,	3.284191e-01
2561,	3.283879e-01
2562,	3.283566e-01
2563,	3.283254e-01
2564,	3.282942e-01
2565,	3.282629e-01
2566,	3.282317e-01
2567,	3.282005e-01
2568,	3.281693e-01
2569,	3.281381e-01
2570,	3.281069e-01
2571,	3.280757e-01
2572,	3.280445e-01
2573,	3.280133e-01
2574,	3.279822e-01
2575,	3.279510e-01
2576,	3.279198e-01
2577,	3.278887e-01
2578,	3.278575e-01
2579,	3.278264e-01
2580,	3.277953e-01
2581,	3.277641e-01
2582,	3.277330e-01
2583,	3.277019e-01
2584,	3.276708e-01
2585,	3.276397e-01
2586,	3.276086e-01
2587,	3.275775e-01
2588,	3.275464e-01
2589,	3.275153e-01
2590,	3.274843e-01
2591,	3.274532e-01
2592,	3.274221e-01
2593,	3.273911e-01
2594,	3.273600e-01
2595,	3.273290e-01
2596,	3.272980e-01
2597,	3.272669e-01
2598,	3.272359e-01
2599,	3.272049e-01
2600,	3.271739e-01
2601,	3.271429e-01
2602,	3.271119e-01
2603,	3.270809e-01
2604,	3.270499e-01
2605,	3.270189e-01
2606,	3.269879e-01
2607,	3.269570e-01
2608,	3.269260e-01
2609,	3.268950e-01
2610,	3.268641e-01
2611,	3.268331e-01
2612,	3.268022e-01
2613,	3.267713e-01
2614,	3.267403e-01
2615,	3.267094e-01
2616,	3.266785e-01
2617,	3.266476e-01
2618,	3.266167e-01
2619,	3.265858e-01
2620,	3.265549e-01
2621,	3.265240e-01
2622,	3.264931e-01
2623,	3.264623e-01
2624,	3.264314e-01
2625,	3.264005e-01
2626,	3.263697e-01
2627,	3.263388e-01
2628,	3.263080e-01
2629,	3.262771e-01
2630,	3.262463e-01
2631,	3.262155e-01
2632,	3.261847e-01
2633,	3.261538e-01
2634,	3.261230e-01
2635,	3.260922e-01
2636,	3.260614e-01
2637,	3.260306e-01
2638,	3.259998e-01
2639,	3.259691e-01
2640,	3.259383e-01
2641,	3.259075e-01
2642,	3.258768e-01
2643,	3.258460e-01
2644,	3.258152e-01
2645,	3.257845e-01
2646,	3.257538e-01
2647,	3.257230e-01
2648,	3.256923e-01
2649,	3.256616e-01
2650,	3.256309e-01
2651,	3.256001e-01
2652,	3.255694e-01
2653,	3.255387e-01
2654,	3.255080e-01
2655,	3.254773e-01
2656,	3.254467e-01
2657,	3.254160e-01
2658,	3.253853e-01
2659,	3.253546e-01
2660,	3.253240e-01
2661,	3.252933e-01
2662,	3.252627e-01
2663,	3.252320e-01
2664,	3.252014e-01
2665,	3.251708e-01
2666,	3.251401e-01
2667,	3.251095e-01
2668,	3.250789e-01
2669,	3.250483e-01
2670,	3.250177e-01
2671,	3.249871e-01
2672,	3.249565e-01
2673,	3.249259e-01
2674,	3.248953e-01
2675,	3.248647e-01
2676,	3.248341e-01
2677,	3.248036e-01
2678,	3.247730e-01
2679,	3.247425e-01
2680,	3.247119e-01
2681,	3.246814e-01
2682,	3.246508e-01
2683,	3.246203e-01
2684,	3.245898e-01
2685,	3.245592e-01
2686,	3.245287e-01
2687,	3.244982e-01
2688,	3.244677e-01
2689,	3.244372e-01
2690,	3.244067e-01
2691,	3.243762e-01
2692,	3.243457e-01
2693,	3.243152e-01
2694,	3.242848e-01
2695,	3.242543e-01
2696,	3.242238e-01
2697,	3.241934e-01
2698,	3.241629e-01
2699,	3.241325e-01
2700,	3.241020e-01
2701,	3.240716e-01
2702,	3.240411e-01
2703,	3.240107e-01
2704,	3.239803e-01
2705,	3.239499e-01
2706,	3.239195e-01
2707,	3.238891e-01
2708,	3.238587e-01
2709,	3.238283e-01
2710,	3.237979e-01
2711,	3.237675e-01
2712,	3.237371e-01
2713,	3.237067e-01
2714,	3.236764e-01
2715,	3.236460e-01
2716,	3.236156e-01
2717,	3.235853e-01
2718,	3.235549e-01
2719,	3.235246e-01
2720,	3.234943e-01
2721,	3.234639e-01
2722,	3.234336e-01
2723,	3.234033e-01
2724,	3.233730e-01
2725,	3.233426e-01
2726,	3.233123e-01
2727,	3.232820e-01
2728,	3.232517e-01
2729,	3.232214e-01
2730,	3.231912e-01
2731,	3.231609e-01
2732,	3.231306e-01
2733,	3.231003e-01
2734,	3.230701e-01
2735,	3.230398e-01
2736,	3.230095e-01
2737,	3.229793e-01
2738,	3.229490e-01
2739,	3.229188e-01
2740,	3.228886e-01
2741,	3.228583e-01
2742,	3.228281e-01
2743,	3.227979e-01
2744,	3.227677e-01
2745,	3.227375e-01
2746,	3.227073e-01
2747,	3.226771e-01
2748,	3.226469e-01
2749,	3.226167e-01
2750,	3.225865e-01
2751,	3.225563e-01
2752,	3.225261e-01
2753,	3.224960e-01
2754,	3.224658e-01
2755,	3.224356e-01
2756,	3.224055e-01
2757,	3.223753e-01
2758,	3.223452e-01
2759,	3.223150e-01
2760,	3.222849e-01
2761,	3.222548e-01
2762,	3.222247e-01
2763,	3.221945e-01
2764,	3.221644e-01
2765,	3.221343e-01
2766,	3.221042e-01
2767,	3.220741e-01
2768,	3.220440e-01
2769,	3.220139e-01
2770,	3.219838e-01
2771,	3.219537e-01
2772,	3.219237e-01
2773,	3.218936e-01
2774,	3.218635e-01
2775,	3.218335e-01
2776,	3.218034e-01
2777,	3.217734e-01
2778,	3.217433e-01
2779,	3.217133e-01
2780,	3.216832e-01
2781,	3.216532e-01
2782,	3.216232e-01
2783,	3.215931e-01
2784,	3.215631e-01
2785,	3.215331e-01
2786,	3.215031e-01
2787,	3.214731e-01
2788,	3.214431e-01
2789,	3.214131e-01
2790,	3.213831e-01
2791,	3.213531e-01
2792,	3.213231e-01
2793,	3.212932e-01
2794,	3.212632e-01
2795,	3.212332e-01
2796,	3.212033e-01
2797,	3.211733e-01
2798,	3.211434e-01
2799,	3.211134e-01
2800,	3.210835e-01
2801,	3.210535e-01
2802,	3.210236e-01
2803,	3.209937e-01
2804,	3.209638e-01
2805,	3.209338e-01
2806,	3.209039e-01
2807,	3.208740e-01
2808,	3.208441e-01
2809,	3.208142e-01
2810,	3.207843e-01
2811,	3.207544e-01
2812,	3.207245e-01
2813,	3.206946e-01
2814,	3.206648e-01
2815,	3.206349e-01
2816,	3.206050e-01
2817,	3.205752e-01
2818,	3.205453e-01
2819,	3.205154e-01
2820,	3.204856e-01
2821,	3.204558e-01
2822,	3.204259e-01
2823,	3.203961e-01
2824,	3.203662e-01
2825,	3.203364e-01
2826,	3.203066e-01
2827,	3.202768e-01
2828,	3.202470e-01
2829,	3.202172e-01
2830,	3.201874e-01
2831,	3.201576e-01
2832,	3.201278e-01
2833,	3.200980e-01
2834,	3.200682e-01
2835,	3.200384e-01
2836,	3.200086e-01
2837,	3.199788e-01
2838,	3.199491e-01
2839,	3.199193e-01
2840,	3.198896e-01
2841,	3.198598e-01
2842,	3.198301e-01
2843,	3.198003e-01
2844,	3.197706e-01
2845,	3.197408e-01
2846,	3.197111e-01
2847,	3.196814e-01
2848,	3.196516e-01
2849,	3.196219e-01
2850,	3.195922e-01
2851,	3.195625e-01
2852,	3.195328e-01
2853,	3.195031e-01
2854,	3.194734e-01
2855,	3.194437e-01
2856,	3.194140e-01
2857,	3.193843e-01
2858,	3.193547e-01
2859,	3.193250e-01
2860,	3.192953e-01
2861,	3.192656e-01
2862,	3.192360e-01
2863,	3.192063e-01
2864,	3.191767e-01
2865,	3.191470e-01
2866,	3.191174e-01
2867,	3.190877e-01
2868,	3.190581e-01
2869,	3.190285e-01
2870,	3.189988e-01
2871,	3.189692e-01
2872,	3.189396e-01
2873,	3.189100e-01
2874,	3.188804e-01
2875,	3.188508e-01
2876,	3.188212e-01
2877,	3.187916e-01
2878,	3.187620e-01
2879,	3.187324e-01
2880,	3.187028e-01
2881,	3.186732e-01
2882,	3.186436e-01
2883,	3.186141e-01
2884,	3.185845e-01
2885,	3.185549e-01
2886,	3.185254e-01
2887,	3.184958e-01
2888,	3.184663e-01
2889,	3.184367e-01
2890,	3.184072e-01
2891,	3.183777e-01
2892,	3.183481e-01
2893,	3.183186e-01
2894,	3.182891e-01
2895,	3.182595e-01
2896,	3.182300e-01
2897,	3.182005e-01
2898,	3.181710e-01
2899,	3.181415e-01
2900,	3.181120e-01
2901,	3.180825e-01
2902,	3.180530e-01
2903,	3.180235e-01
2904,	3.179940e-01
2905,	3.179646e-01
2906,	3.179351e-01
2907,	3.179056e-01
2908,	3.178762e-01
2909,	3.178467e-01
2910,	3.178172e-01
2911,	3.177878e-01
2912,	3.177583e-01
2913,	3.177289e-01
2914,	3.176994e-01
2915,	3.176700e-01
2916,	3.176406e-01
2917,	3.176111e-01
2918,	3.175817e-01
2919,	3.175523e-01
2920,	3.175229e-01
2921,	3.174935e-01
2922,	3.174640e-01
2923,	3.174346e-01
2924,	3.174052e-01
2925,	3.173758e-01
2926,	3.173464e-01
2927,	3.173171e-01
2928,	3.172877e-01
2929,	3.172583e-01
2930,	3.172289e-01
2931,	3.171995e-01
2932,	3.171702e-01
2933,	3.171408e-01
2934,	3.171114e-01
2935,	3.170821e-01
2936,	3.170527e-01
2937,	3.170234e-01
2938,	3.169940e-01
2939,	3.169647e-01
2940,	3.169354e-01
2941,	3.169060e-01
2942,	3.168767e-01
2943,	3.168474e-01
2944,	3.168180e-01
2945,	3.167887e-01
2946,	3.167594e-01
2947,	3.167301e-01
2948,	3.167008e-01
2949,	3.166715e-01
2950,	3.166422e-01
2951,	3.166129e-01
2952,	3.165836e-01
2953,	3.165543e-01
2954,	3.165250e-01
2955,	3.164958e-01
2956,	3.164665e-01
2957,	3.164372e-01
2958,	3.164079e-01
2959,	3.163787e-01
2960,	3.163494e-01
2961,	3.163202e-01
2962,	3.162909e-01
2963,	3.162617e-01
2964,	3.162324e-01
2965,	3.162032e-01
2966,	3.161739e-01
2967,	3.161447e-01
2968,	3.161155e-01
2969,	3.160863e-01
2970,	3.160570e-01
2971,	3.160278e-01
2972,	3.159986e-01
2973,	3.159694e-01
2974,	3.159402e-01
2975,	3.159110e-01
2976,	3.158818e-01
2977,	3.158526e-01
2978,	3.158234e-01
2979,	3.157942e-01
2980,	3.157650e-01
2981,	3.157359e-01
2982,	3.157067e-01
2983,	3.156775e-01
2984,	3.156483e-01
2985,	3.156192e-01
2986,	3.155900e-01
2987,	3.155609e-01
2988,	3.155317e-01
2989,	3.155026e-01
2990,	3.154734e-01
2991,	3.154443e-01
2992,	3.154151e-01
2993,	3.153860e-01
2994,	3.153569e-01
2995,	3.153278e-01
2996,	3.152986e-01
2997,	3.152695e-01
2998,	3.152404e-01
2999,	3.152113e-01
3000,	3.151822e-01
3001,	3.151531e-01
3002,	3.151240e-01
3003,	3.150949e-01
3004,	3.150658e-01
3005,	3.150367e-01
3006,	3.150076e-01
3007,	3.149785e-01
3008,	3.149494e-01
3009,	3.149204e-01
3010,	3.148913e-01
3011,	3.148622e-01
3012,	3.148332e-01
3013,	3.148041e-01
3014,	3.147750e-01
3015,	3.147460e-01
3016,	3.147169e-01
3017,	3.146879e-01
3018,	3.146589e-01
3019,	3.146298e-01
3020,	3.146008e-01
3021,	3.145717e-01
3022,	3.145427e-01
3023,	3.145137e-01
3024,	3.144847e-01
3025,	3.144557e-01
3026,	3.144266e-01
3027,	3.143976e-01
3028,	3.143686e-01
3029,	3.143396e-01
3030,	3.143106e-01
3031,	3.142816e-01
3032,	3.142526e-01
3033,	3.142236e-01
3034,	3.141947e-01
3035,	3.141657e-01
3036,	3.141367e-01
3037,	3.141077e-01
3038,	3.140788e-01
3039,	3.140498e-01
3040,	3.140208e-01
3041,	3.139919e-01
3042,	3.139629e-01
3043,	3.139339e-01
3044,	3.139050e-01
3045,	3.138761e-01
3046,	3.138471e-01
3047,	3.138182e-01
3048,	3.137892e-01
3049,	3.137603e-01
3050,	3.137314e-01
3051,	3.137024e-01
3052,	3.136735e-01
3053,	3.136446e-01
3054,	3.136157e-01
3055,	3.135868e-01
3056,	3.135579e-01
3057,	3.135290e-01
3058,	3.135001e-01
3059,	3.134712e-01
3060,	3.134423e-01
3061,	3.134134e-01
3062,	3.133845e-01
3063,	3.133556e-01
3064,	3.133267e-01
3065,	3.132978e-01
3066,	3.132690e-01
3067,	3.132401e-01
3068,	3.132112e-01
3069,	3.131824e-01
3070,	3.131535e-01
3071,	3.131247e-01
3072,	3.130958e-01
3073,	3.130670e-01
3074,	3.130381e-01
3075,	3.130093e-01
3076,	3.129804e-01
3077,	3.129516e-01
3078,	3.129228e-01
3079,	3.128939e-01
3080,	3.128651e-01
3081,	3.128363e-01
3082,	3.128075e-01
3083,	3.127786e-01
3084,	3.127498e-01
3085,	3.127210e-01
3086,	3.126922e-01
3087,	3.126634e-01
3088,	3.126346e-01
3089,	3.126058e-01
3090,	3.125770e-01
3091,	3.125482e-01
3092,	3.125194e-01
3093,	3.124907e-01
3094,	3.124619e-01
3095,	3.124331e-01
3096,	3.124043e-01
3097,	3.123756e-01
3098,	3.123468e-01
3099,	3.123180e-01
3100,	3.122893e-01
3101,	3.122605e-01
3102,	3.122317e-01
3103,	3.122030e-01
3104,	3.121743e-01
3105,	3.121455e-01
3106,	3.121168e-01
3107,	3.120880e-01
3108,	3.120593e-01
3109,	3.120306e-01
3110,	3.120018e-01
3111,	3.119731e-01
3112,	3.119444e-01
3113,	3.119157e-01
3114,	3.118870e-01
3115,	3.118582e-01
3116,	3.118295e-01
3117,	3.118008e-01
3118,	3.117721e-01
3119,	3.117434e-01
3120,	3.117147e-01
3121,	3.116860e-01
3122,	3.116574e-01
3123,	3.116287e-01
3124,	3.116000e-01
3125,	3.115713e-01
3126,	3.115426e-01
3127,	3.115140e-01
3128,	3.114853e-01
3129,	3.114566e-01
3130,	3.114280e-01
3131,	3.113993e-01
3132,	3.113706e-01
3133,	3.113420e-01
3134,	3.113133e-01
3135,	3.112847e-01
3136,	3.112560e-01
3137,	3.112274e-01
3138,	3.111988e-01
3139,	3.111701e-01
3140,	3.111415e-01
3141,	3.111129e-01
3142,	3.110842e-01
3143,	3.110556e-01
3144,	3.110270e-01
3145,	3.109984e-01
3146,	3.109698e-01
3147,	3.109412e-01
3148,	3.109125e-01
3149,	3.108839e-01
3150,	3.108553e-01
3151,	3.108267e-01
3152,	3.107981e-01
3153,	3.107696e-01
3154,	3.107410e-01
3155,	3.107124e-01
3156,	3.106838e-01
3157,	3.106552e-01
3158,	3.106266e-01
3159,	3.105981e-01
3160,	3.105695e-01
3161,	3.105409e-01
3162,	3.105124e-01
3163,	3.104838e-01
3164,	3.104552e-01
3165,	3.104267e-01
3166,	3.103981e-01
3167,	3.103696e-01
3168,	3.103410e-01
3169,	3.103125e-01
3170,	3.102840e-01
3171,	3.102554e-01
3172,	3.102269e-01
3173,	3.101984e-01
3174,	3.101698e-01
3175,	3.101413e-01
3176,	3.101128e-01
3177,	3.100843e-01
3178,	3.100558e-01
3179,	3.100272e-01
3180,	3.099987e-01
3181,	3.099702e-01
3182,	3.099417e-01
3183,	3.099132e-01
3184,	3.098847e-01
3185,	3.098562e-01
3186,	3.098277e-01
3187,	3.097992e-01
3188,	3.097708e-01
3189,	3.097423e-01
3190,	3.097138e-01
3191,	3.096853e-01
3192,	3.096568e-01
3193,	3.096284e-01
3194,	3.095999e-01
3195,	3.095714e-01
3196,	3.095430e-01
3197,	3.095145e-01
3198,	3.094861e-01
3199,	3.094576e-01
3200,	3.094292e-01
3201,	3.094007e-01
3202,	3.093723e-01
3203,	3.093438e-01
3204,	3.093154e-01
3205,	3.092869e-01
3206,	3.092585e-01
3207,	3.092301e-01
3208,	3.092017e-01
3209,	3.091732e-01
3210,	3.091448e-01
3211,	3.091164e-01
3212,	3.090880e-01
3213,	3.090596e-01
3214,	3.090311e-01
3215,	3.090027e-01
3216,	3.089743e-01
3217,	3.089459e-01
3218,	3.089175e-01
3219,	3.088891e-01
3220,	3.088607e-01
3221,	3.088324e-01
3222,	3.088040e-01
3223,	3.087756e-01
3224,	3.087472e-01
3225,	3.087188e-01
3226,	3.086904e-01
3227,	3.086621e-01
3228,	3.086337e-01
3229,	3.086053e-01
3230,	3.085770e-01
3231,	3.085486e-01
3232,	3.085203e-01
3233,	3.084919e-01
3234,	3.084635e-01
3235,	3.084352e-01
3236,	3.084068e-01
3237,	3.083785e-01
3238,	3.083502e-01
3239,	3.083218e-01
3240,	3.082935e-01
3241,	3.082651e-01
3242,	3.082368e-01
3243,	3.082085e-01
3244,	3.081802e-01
3245,	3.081518e-01
3246,	3.081235e-01
3247,	3.080952e-01
3248,	3.080669e-01
3249,	3.080386e-01
3250,	3.080103e-01
3251,	3.079820e-01
3252,	3.079537e-01
3253,	3.079254e-01
3254,	3.078971e-01
3255,	3.078688e-01
3256,	3.078405e-01
3257,	3.078122e-01
3258,	3.077839e-01
3259,	3.077556e-01
3260,	3.077273e-01
3261,	3.076991e-01
3262,	3.076708e-01
3263,	3.076425e-01
3264,	3.076142e-01
3265,	3.075860e-01
3266,	3.075577e-01
3267,	3.075294e-01
3268,	3.075012e-01
3269,	3.074729e-01
3270,	3.074447e-01
3271,	3.074164e-01
3272,	3.073882e-01
3273,	3.073599e-01
3274,	3.073317e-01
3275,	3.073034e-01
3276,	3.072752e-01
3277,	3.072470e-01
3278,	3.072187e-01
3279,	3.071905e-01
3280,	3.071623e-01
3281,	3.071340e-01
3282,	3.071058e-01
3283,	3.070776e-01
3284,	3.070494e-01
3285,	3.070212e-01
3286,	3.069930e-01
3287,	3.069647e-01
3288,	3.069365e-01
3289,	3.069083e-01
3290,	3.068801e-01
3291,	3.068519e-01
3292,	3.068237e-01
3293,	3.067955e-01
3294,	3.067674e-01
3295,	3.067392e-01
3296,	3.067110e-01
3297,	3.066828e-01
3298,	3.066546e-01
3299,	3.066264e-01
3300,	3.065983e-01
3301,	3.065701e-01
3302,	3.065419e-01
3303,	3.065138e-01
3304,	3.064856e-01
3305,	3.064574e-01
3306,	3.064293e-01
3307,	3.064011e-01
3308,	3.063730e-01
3309,	3.063448e-01
3310,	3.063167e-01
3311,	3.062885e-01
3312,	3.062604e-01
3313,	3.062322e-01
3314,	3.062041e-01
3315,	3.061760e-01
3316,	3.061478e-01
3317,	3.061197e-01
3318,	3.060916e-01
3319,	3.060634e-01
3320,	3.060353e-01
3321,	3.060072e-01
3322,	3.059791e-01
3323,	3.059510e-01
3324,	3.059228e-01
3325,	3.058947e-01
3326,	3.058666e-01
3327,	3.058385e-01
3328,	3.058104e-01
3329,	3.057823e-01
3330,	3.057542e-01
3331,	3.057261e-01
3332,	3.056980e-01
3333,	3.056699e-01
3334,	3.056418e-01
3335,	3.056138e-01
3336,	3.055857e-01
3337,	3.055576e-01
3338,	3.055295e-01
3339,	3.055014e-01
3340,	3.054734e-01
3341,	3.054453e-01
3342,	3.054172e-01
3343,	3.053892e-01
3344,	3.053611e-01
3345,	3.053330e-01
3346,	3.053050e-01
3347,	3.052769e-01
3348,	3.052489e-01
3349,	3.052208e-01
3350,	3.051928e-01
3351,	3.051647e-01
3352,	3.051367e-01
3353,	3.051086e-01
3354,	3.050806e-01
3355,	3.050526e-01
3356,	3.050245e-01
3357,	3.049965e-01
3358,	3.049685e-01
3359,	3.049405e-01
3360,	3.049124e-01
3361,	3.048844e-01
3362,	3.048564e-01
3363,	3.048284e-01
3364,	3.048004e-01
3365,	3.047723e-01
3366,	3.047443e-01
3367,	3.047163e-01
3368,	3.046883e-01
3369,	3.046603e-01
3370,	3.046323e-01
3371,	3.046043e-01
3372,	3.045763e-01
3373,	3.045483e-01
3374,	3.045203e-01
3375,	3.044924e-01
3376,	3.044644e-01
3377,	3.044364e-01
3378,	3.044084e-01
3379,	3.043804e-01
3380,	3.043525e-01
3381,	3.043245e-01
3382,	3.042965e-01
3383,	3.042685e-01
3384,	3.042406e-01
3385,	3.042126e-01
3386,	3.041847e-01
3387,	3.041567e-01
3388,	3.041287e-01
3389,	3.041008e-01
3390,	3.040728e-01
3391,	3.040449e-01
3392,	3.040169e-01
3393,	3.039890e-01
3394,	3.039610e-01
3395,	3.039331e-01
3396,	3.039052e-01
3397,	3.038772e-01
3398,	3.038493e-01
3399,	3.038214e-01
3400,	3.037934e-01
3401,	3.037655e-01
3402,	3.037376e-01
3403,	3.037097e-01
3404,	3.036817e-01
3405,	3.036538e-01
3406,	3.036259e-01
3407,	3.035980e-01
3408,	3.035701e-01
3409,	3.035422e-01
3410,	3.035143e-01
3411,	3.034864e-01
3412,	3.034585e-01
3413,	3.034306e-01
3414,	3.034027e-01
3415,	3.033748e-01
3416,	3.033469e-01
3417,	3.033190e-01
3418,	3.032911e-01
3419,	3.032632e-01
3420,	3.032353e-01
3421,	3.032075e-01
3422,	3.031796e-01
3423,	3.031517e-01
3424,	3.031238e-01
3425,	3.030960e-01
3426,	3.030681e-01
3427,	3.030402e-01
3428,	3.030124e-01
3429,	3.029845e-01
3430,	3.029566e-01
3431,	3.029288e-01
3432,	3.029009e-01
3433,	3.028731e-01
3434,	3.028452e-01
3435,	3.028174e-01
3436,	3.027895e-01
3437,	3.027617e-01
3438,	3.027338e-01
3439,	3.027060e-01
3440,	3.026782e-01
3441,	3.026503e-01
3442,	3.026225e-01
3443,	3.025947e-01
3444,	3.025668e-01
3445,	3.025390e-01
3446,	3.025112e-01
3447,	3.024834e-01
3448,	3.024555e-01
3449,	3.024277e-01
3450,	3.023999e-01
3451,	3.023721e-01
3452,	3.023443e-01
3453,	3.023165e-01
3454,	3.022887e-01
3455,	3.022609e-01
3456,	3.022331e-01
3457,	3.022053e-01
3458,	3.021775e-01
3459,	3.021497e-01
3460,	3.021219e-01
3461,	3.020941e-01
3462,	3.020663e-01
3463,	3.020385e-01
3464,	3.020107e-01
3465,	3.019829e-01
3466,	3.019552e-01
3467,	3.019274e-01
3468,	3.018996e-01
3469,	3.018718e-01
3470,	3.018441e-01
3471,	3.018163e-01
3472,	3.017885e-01
3473,	3.017608e-01
3474,	3.017330e-01
3475,	3.017052e-01
3476,	3.016775e-01
3477,	3.016497e-01
3478,	3.016220e-01
3479,	3.015942e-01
3480,	3.015665e-01
3481,	3.015387e-01
3482,	3.015110e-01
3483,	3.014832e-01
3484,	3.014555e-01
3485,	3.014277e-01
3486,	3.014000e-01
3487,	3.013723e-01
3488,	3.013445e-01
3489,	3.013168e-01
3490,	3.012891e-01
3491,	3.012613e-01
3492,	3.012336e-01
3493,	3.012059e-01
3494,	3.011782e-01
3495,	3.011505e-01
3496,	3.011227e-01
3497,	3.010950e-01
3498,	3.010673e-01
3499,	3.010396e-01
3500,	3.010119e-01
3501,	3.009842e-01
3502,	3.009565e-01
3503,	3.009288e-01
3504,	3.009011e-01
3505,	3.008734e-01
3506,	3.008457e-01
3507,	3.008180e-01
3508,	3.007903e-01
3509,	3.007626e-01
3510,	3.007349e-01
3511,	3.007072e-01
3512,	3.006796e-01
3513,	3.006519e-01
3514,	3.006242e-01
3515,	3.005965e-01
3516,	3.005688e-01
3517,	3.005412e-01
3518,	3.005135e-01
3519,	3.004858e-01
3520,	3.004582e-01
3521,	3.004305e-01
3522,	3.004028e-01
3523,	3.003752e-01
3524,	3.003475e-01
3525,	3.003199e-01
3526,	3.002922e-01
3527,	3.002645e-01
3528,	3.002369e-01
3529,	3.002092e-01
3530,	3.001816e-01
3531,	3.001540e-01
3532,	3.001263e-01
3533,	3.000987e-01
3534,	3.000710e-01
3535,	3.000434e-01
3536,	3.000158e-01
3537,	2.999881e-01
3538,	2.999605e-01
3539,	2.999329e-01
3540,	2.999052e-01
3541,	2.998776e-01
3542,	2.998500e-01
3543,	2.998224e-01
3544,	2.997947e-01
3545,	2.997671e-01
3546,	2.997395e-01
3547,	2.997119e-01
3548,	2.996843e-01
3549,	2.996567e-01
3550,	2.996291e-01
3551,	2.996015e-01
3552,	2.995739e-01
3553,	2.995463e-01
3554,	2.995187e-01
3555,	2.994911e-01
3556,	2.994635e-01
3557,	2.994359e-01
3558,	2.994083e-01
3559,	2.993807e-01
3560,	2.993531e-01
3561,	2.993255e-01
3562,	2.992979e-01
3563,	2.992704e-01
3564,	2.992428e-01
3565,	2.992152e-01
3566,	2.991876e-01
3567,	2.991601e-01
3568,	2.991325e-01
3569,	2.991049e-01
3570,	2.990773e-01
3571,	2.990498e-01
3572,	2.990222e-01
3573,	2.989947e-01
3574,	2.989671e-01
3575,	2.989395e-01
3576,	2.989120e-01
3577,	2.988844e-01
3578,	2.988569e-01
3579,	2.988293e-01
3580,	2.988018e-01
3581,	2.987742e-01
3582,	2.987467e-01
3583,	2.987191e-01
3584,	2.986916e-01
3585,	2.986641e-01
3586,	2.986365e-01
3587,	2.986090e-01
3588,	2.985815e-01
3589,	2.985539e-01
3590,	2.985264e-01
3591,	2.984989e-01
3592,	2.984713e-01
3593,	2.984438e-01
3594,	2.984163e-01
3595,	2.983888e-01
3596,	2.983613e-01
3597,	2.983337e-01
3598,	2.983062e-01
3599,	2.982787e-01
3600,	2.982512e-01
3601,	2.982237e-01
3602,	2.981962e-01
3603,	2.981687e-01
3604,	2.981412e-01
3605,	2.981137e-01
3606,	2.980862e-01
3607,	2.980587e-01
3608,	2.980312e-01
3609,	2.980037e-01
3610,	2.979762e-01
3611,	2.979487e-01
3612,	2.979212e-01
3613,	2.978937e-01
3614,	2.978662e-01
3615,	2.978388e-01
3616,	2.978113e-01
3617,	2.977838e-01
3618,	2.977563e-01
3619,	2.977288e-01
3620,	2.977014e-01
3621,	2.976739e-01
3622,	2.976464e-01
3623,	2.976190e-01
3624,	2.975915e-01
3625,	2.975640e-01
3626,	2.975366e-01
3627,	2.975091e-01
3628,	2.974816e-01
3629,	2.974542e-01
3630,	2.974267e-01
3631,	2.973993e-01
3632,	2.973718e-01
3633,	2.973444e-01
3634,	2.973169e-01
3635,	2.972895e-01
3636,	2.972620e-01
3637,	2.972346e-01
3638,	2.972071e-01
3639,	2.971797e-01
3640,	2.971523e-01
3641,	2.971248e-01
3642,	2.970974e-01
3643,	2.970700e-01
3644,	2.970425e-01
3645,	2.970151e-01
3646,	2.969877e-01
3647,	2.969603e-01
3648,	2.969328e-01
3649,	2.969054e-01
3650,	2.968780e-01
3651,	2.968506e-01
3652,	2.968232e-01
3653,	2.967957e-01
3654,	2.967683e-01
3655,	2.967409e-01
3656,	2.967135e-01
3657,	2.966861e-01
3658,	2.966587e-01
3659,	2.966313e-01
3660,	2.966039e-01
3661,	2.965765e-01
3662,	2.965491e-01
3663,	2.965217e-01
3664,	2.964943e-01
3665,	2.964669e-01
3666,	2.964395e-01
3667,	2.964121e-01
3668,	2.963847e-01
3669,	2.963573e-01
3670,	2.963300e-01
3671,	2.963026e-01
3672,	2.962752e-01
3673,	2.962478e-01
3674,	2.962204e-01
3675,	2.961931e-01
3676,	2.961657e-01
3677,	2.961383e-01
3678,	2.961109e-01
3679,	2.960836e-01
3680,	2.960562e-01
3681,	2.960288e-01
3682,	2.960015e-01
3683,	2.959741e-01
3684,	2.959467e-01
3685,	2.959194e-01
3686,	2.958920e-01
3687,	2.958647e-01
3688,	2.958373e-01
3689,	2.958100e-01
3690,	2.957826e-01
3691,	2.957553e-01
3692,	2.957279e-01
3693,	2.957006e-01
3694,	2.956732e-01
3695,	2.956459e-01
3696,	2.956185e-01
3697,	2.955912e-01
3698,	2.955639e-01
3699,	2.955365e-01
3700,	2.955092e-01
3701,	2.954819e-01
3702,	2.954545e-01
3703,	2.954272e-01
3704,	2.953999e-01
3705,	2.953726e-01
3706,	2.953452e-01
3707,	2.953179e-01
3708,	2.952906e-01
3709,	2.952633e-01
3710,	2.952360e-01
3711,	2.952086e-01
3712,	2.951813e-01
3713,	2.951540e-01
3714,	2.951267e-01
3715,	2.950994e-01
3716,	2.950721e-01
3717,	2.950448e-01
3718,	2.950175e-01
3719,	2.949902e-01
3720,	2.949629e-01
3721,	2.949356e-01
3722,	2.949083e-01
3723,	2.948810e-01
3724,	2.948537e-01
3725,	2.948264e-01
3726,	2.947991e-01
3727,	2.947718e-01
3728,	2.947445e-01
3729,	2.947172e-01
3730,	2.946900e-01
3731,	2.946627e-01
3732,	2.946354e-01
3733,	2.946081e-01
3734,	2.945808e-01
3735,	2.945536e-01
3736,	2.945263e-01
3737,	2.944990e-01
3738,	2.944717e-01
3739,	2.944445e-01
3740,	2.944172e-01
3741,	2.943899e-01
3742,	2.943627e-01
3743,	2.943354e-01
3744,	2.943081e-01
3745,	2.942809e-01
3746,	2.942536e-01
3747,	2.942264e-01
3748,	2.941991e-01
3749,	2.941719e-01
3750,	2.941446e-01
3751,	2.941174e-01
3752,	2.940901e-01
3753,	2.940629e-01
3754,	2.940356e-01
3755,	2.940084e-01
3756,	2.939811e-01
3757,	2.939539e-01
3758,	2.939266e-01
3759,	2.938994e-01
3760,	2.938722e-01
3761,	2.938449e-01
3762,	2.938177e-01
3763,	2.937905e-01
3764,	2.937632e-01
3765,	2.937360e-01
3766,	2.937088e-01
3767,	2.936816e-01
3768,	2.936543e-01
3769,	2.936271e-01
3770,	2.935999e-01
3771,	2.935727e-01
3772,	2.935455e-01
3773,	2.935182e-01
3774,	2.934910e-01
3775,	2.934638e-01
3776,	2.934366e-01
3777,	2.934094e-01
3778,	2.933822e-01
3779,	2.933550e-01
3780,	2.933278e-01
3781,	2.933006e-01
3782,	2.932734e-01
3783,	2.932462e-01
3784,	2.932190e-01
3785,	2.931918e-01
3786,	2.931646e-01
3787,	2.931374e-01
3788,	2.931102e-01
3789,	2.930830e-01
3790,	2.930558e-01
3791,	2.930286e-01
3792,	2.930014e-01
3793,	2.929742e-01
3794,	2.929471e-01
3795,	2.929199e-01
3796,	2.928927e-01
3797,	2.928655e-01
3798,	2.928383e-01
3799,	2.928112e-01
3800,	2.927840e-01
3801,	2.927568e-01
3802,	2.927296e-01
3803,	2.927025e-01
3804,	2.926753e-01
3805,	2.926481e-01
3806,	2.926210e-01
3807,	2.925938e-01
3808,	2.925667e-01
3809,	2.925395e-01
3810,	2.925123e-01
3811,	2.924852e-01
3812,	2.924580e-01
3813,	2.924309e-01
3814,	2.924037e-01
3815,	2.923766e-01
3816,	2.923494e-01
3817,	2.923223e-01
3818,	2.922951e-01
3819,	2.922680e-01
3820,	2.922408e-01
3821,	2.922137e-01
3822,	2.921865e-01
3823,	2.921594e-01
3824,	2.921323e-01
3825,	2.921051e-01
3826,	2.920780e-01
3827,	2.920508e-01
3828,	2.920237e-01
3829,	2.919966e-01
3830,	2.919695e-01
3831,	2.919423e-01
3832,	2.919152e-01
3833,	2.918881e-01
3834,	2.918609e-01
3835,	2.918338e-01
3836,	2.918067e-01
3837,	2.917796e-01
3838,	2.917525e-01
3839,	2.917253e-01
3840,	2.916982e-01
3841,	2.916711e-01
3842,	2.916440e-01
3843,	2.916169e-01
3844,	2.915898e-01
3845,	2.915627e-01
3846,	2.915356e-01
3847,	2.915085e-01
3848,	2.914814e-01
3849,	2.914543e-01
3850,	2.914272e-01
3851,	2.914001e-01
3852,	2.913730e-01
3853,	2.913459e-01
3854,	2.913188e-01
3855,	2.912917e-01
3856,	2.912646e-01
3857,	2.912375e-01
3858,	2.912104e-01
3859,	2.911833e-01
3860,	2.911562e-01
3861,	2.911291e-01
3862,	2.911021e-01
3863,	2.910750e-01
3864,	2.910479e-01
3865,	2.910208e-01
3866,	2.909937e-01
3867,	2.909667e-01
3868,	2.909396e-01
3869,	2.909125e-01
3870,	2.908854e-01
3871,	2.908584e-01
3872,	2.908313e-01
3873,	2.908042e-01
3874,	2.907772e-01
3875,	2.907501e-01
3876,	2.907230e-01
3877,	2.906960e-01
3878,	2.906689e-01
3879,	2.906418e-01
3880,	2.906148e-01
3881,	2.905877e-01
3882,	2.905607e-01
3883,	2.905336e-01
3884,	2.905066e-01
3885,	2.904795e-01
3886,	2.904525e-01
3887,	2.904254e-01
3888,	2.903984e-01
3889,	2.903713e-01
3890,	2.903443e-01
3891,	2.903172e-01
3892,	2.902902e-01
3893,	2.902632e-01
3894,	2.902361e-01
3895,	2.902091e-01
3896,	2.901820e-01
3897,	2.901550e-01
3898,	2.901280e-01
3899,	2.901009e-01
3900,	2.900739e-01
3901,	2.900469e-01
3902,	2.900198e-01
3903,	2.899928e-01
3904,	2.899658e-01
3905,	2.899388e-01
3906,	2.899117e-01
3907,	2.898847e-01
3908,	2.898577e-01
3909,	2.898307e-01
3910,	2.898037e-01
3911,	2.897767e-01
3912,	2.897496e-01
3913,	2.897226e-01
3914,	2.896956e-01
3915,	2.896686e-01
3916,	2.896416e-01
3917,	2.896146e-01
3918,	2.895876e-01
3919,	2.895606e-01
3920,	2.895336e-01
3921,	2.895066e-01
3922,	2.894796e-01
3923,	2.894526e-01
3924,	2.894256e-01
3925,	2.893986e-01
3926,	2.893716e-01
3927,	2.893446e-01
3928,	2.893176e-01
3929,	2.892906e-01
3930,	2.892636e-01
3931,	2.892366e-01
3932,	2.892096e-01
3933,	2.891826e-01
3934,	2.891557e-01
3935,	2.891287e-01
3936,	2.891017e-01
3937,	2.890747e-01
3938,	2.890477e-01
3939,	2.890207e-01
3940,	2.889938e-01
3941,	2.889668e-01
3942,	2.889398e-01
3943,	2.889128e-01
3944,	2.888859e-01
3945,	2.888589e-01
3946,	2.888319e-01
3947,	2.888050e-01
3948,	2.887780e-01
3949,	2.887510e-01
3950,	2.887241e-01
3951,	2.886971e-01
3952,	2.886701e-01
3953,	2.886432e-01
3954,	2.886162e-01
3955,	2.885893e-01
3956,	2.885623e-01
3957,	2.885353e-01
3958,	2.885084e-01
3959,	2.884814e-01
3960,	2.884545e-01
3961,	2.884275e-01
3962,	2.884006e-01
3963,	2.883736e-01
3964,	2.883467e-01
3965,	2.883197e-01
3966,	2.882928e-01
3967,	2.882659e-01
3968,	2.882389e-01
3969,	2.882120e-01
3970,	2.881850e-01
3971,	2.881581e-01
3972,	2.881312e-01
3973,	2.881042e-01
3974,	2.880773e-01
3975,	2.880504e-01
3976,	2.880234e-01
3977,	2.879965e-01
3978,	2.879696e-01
3979,	2.879426e-01
3980,	2.879157e-01
3981,	2.878888e-01
3982,	2.878619e-01
3983,	2.878349e-01
3984,	2.878080e-01
3985,	2.877811e-01
3986,	2.877542e-01
3987,	2.877273e-01
3988,	2.877003e-01
3989,	2.876734e-01
3990,	2.876465e-01
3991,	2.876196e-01
3992,	2.875927e-01
3993,	2.875658e-01
3994,	2.875389e-01
3995,	2.875120e-01
3996,	2.874851e-01
3997,	2.874582e-01
3998,	2.874313e-01
3999,	2.874043e-01
4000,	2.873774e-01
4001,	2.873505e-01
4002,	2.873236e-01
4003,	2.872968e-01
4004,	2.872699e-01
4005,	2.872430e-01
4006,	2.872161e-01
4007,	2.871892e-01
4008,	2.871623e-01
4009,	2.871354e-01
4010,	2.871085e-01
4011,	2.870816e-01
4012,	2.870547e-01
4013,	2.870278e-01
4014,	2.870010e-01
4015,	2.869741e-01
4016,	2.869472e-01
4017,	2.869203e-01
4018,	2.868934e-01
4019,	2.868665e-01
4020,	2.868397e-01
4021,	2.868128e-01
4022,	2.867859e-01
4023,	2.867590e-01
4024,	2.867322e-01
4025,	2.867053e-01
4026,	2.866784e-01
4027,	2.866516e-01
4028,	2.866247e-01
4029,	2.865978e-01
4030,	2.865710e-01
4031,	2.865441e-01
4032,	2.865172e-01
4033,	2.864904e-01
4034,	2.864635e-01
4035,	2.864367e-01
4036,	2.864098e-01
4037,	2.863829e-01
4038,	2.863561e-01
4039,	2.863292e-01
4040,	2.863024e-01
4041,	2.862755e-01
4042,	2.862487e-01
4043,	2.862218e-01
4044,	2.861950e-01
4045,	2.861681e-01
4046,	2.861413e-01
4047,	2.861144e-01
4048,	2.860876e-01
4049,	2.860608e-01
4050,	2.860339e-01
4051,	2.860071e-01
4052,	2.859802e-01
4053,	2.859534e-01
4054,	2.859266e-01
4055,	2.858997e-01
4056,	2.858729e-01
4057,	2.858461e-01
4058,	2.858192e-01
4059,	2.857924e-01
4060,	2.857656e-01
4061,	2.857387e-01
4062,	2.857119e-01
4063,	2.856851e-01
4064,	2.856582e-01
4065,	2.856314e-01
4066,	2.856046e-01
4067,	2.855778e-01
4068,	2.855510e-01
4069,	2.855241e-01
4070,	2.854973e-01
4071,	2.854705e-01
4072,	2.854437e-01
4073,	2.854169e-01
4074,	2.853901e-01
4075,	2.853632e-01
4076,	2.853364e-01
4077,	2.853096e-01
4078,	2.852828e-01
4079,	2.852560e-01
4080,	2.852292e-01
4081,	2.852024e-01
4082,	2.851756e-01
4083,	2.851488e-01
4084,	2.851220e-01
4085,	2.850952e-01
4086,	2.850684e-01
4087,	2.850416e-01
4088,	2.850148e-01
4089,	2.849880e-01
4090,	2.849612e-01
4091,	2.849344e-01
4092,	2.849076e-01
4093,	2.848808e-01
4094,	2.848540e-01
4095,	2.848272e-01
4096,	2.848004e-01
4097,	2.847737e-01
4098,	2.847469e-01
4099,	2.847201e-01
4100,	2.846933e-01
4101,	2.846665e-01
4102,	2.846397e-01
4103,	2.846129e-01
4104,	2.845862e-01
4105,	2.845594e-01
4106,	2.845326e-01
4107,	2.845058e-01
4108,	2.844791e-01
4109,	2.844523e-01
4110,	2.844255e-01
4111,	2.843987e-01
4112,	2.843720e-01
4113,	2.843452e-01
4114,	2.843184e-01
4115,	2.842917e-01
4116,	2.842649e-01
4117,	2.842381e-01
4118,	2.842114e-01
4119,	2.841846e-01
4120,	2.841578e-01
4121,	2.841311e-01
4122,	2.841043e-01
4123,	2.840776e-01
4124,	2.840508e-01
4125,	2.840240e-01
4126,	2.839973e-01
4127,	2.839705e-01
4128,	2.839438e-01
4129,	2.839170e-01
4130,	2.838903e-01
4131,	2.838635e-01
4132,	2.838368e-01
4133,	2.838100e-01
4134,	2.837833e-01
4135,	2.837565e-01
4136,	2.837298e-01
4137,	2.837030e-01
4138,	2.836763e-01
4139,	2.836496e-01
4140,	2.836228e-01
4141,	2.835961e-01
4142,	2.835693e-01
4143,	2.835426e-01
4144,	2.835159e-01
4145,	2.834891e-01
4146,	2.834624e-01
4147,	2.834357e-01
4148,	2.834089e-01
4149,	2.833822e-01
4150,	2.833555e-01
4151,	2.833287e-01
4152,	2.833020e-01
4153,	2.832753e-01
4154,	2.832486e-01
4155,	2.832218e-01
4156,	2.831951e-01
4157,	2.831684e-01
4158,	2.831417e-01
4159,	2.831149e-01
4160,	2.830882e-01
4161,	2.830615e-01
4162,	2.830348e-01
4163,	2.830081e-01
4164,	2.829813e-01
4165,	2.829546e-01
4166,	2.829279e-01
4167,	2.829012e-01
4168,	2.828745e-01
4169,	2.828478e-01
4170,	2.828211e-01
4171,	2.827944e-01
4172,	2.827677e-01
4173,	2.827410e-01
4174,	2.827143e-01
4175,	2.826875e-01
4176,	2.826608e-01
4177,	2.826341e-01
4178,	2.826074e-01
4179,	2.825807e-01
4180,	2.825540e-01
4181,	2.825273e-01
4182,	2.825006e-01
4183,	2.824740e-01
4184,	2.824473e-01
4185,	2.824206e-01
4186,	2.823939e-01
4187,	2.823672e-01
4188,	2.823405e-01
4189,	2.823138e-01
4190,	2.822871e-01
4191,	2.822604e-01
4192,	2.822337e-01
4193,	2.822070e-01
4194,	2.821804e-01
4195,	2.821537e-01
4196,	2.821270e-01
4197,	2.821003e-01
4198,	2.820736e-01
4199,	2.820470e-01
4200,	2.820203e-01
4201,	2.819936e-01
4202,	2.819669e-01
4203,	2.819402e-01
4204,	2.819136e-01
4205,	2.818869e-01
4206,	2.818602e-01
4207,	2.818336e-01
4208,	2.818069e-01
4209,	2.817802e-01
4210,	2.817535e-01
4211,	2.817269e-01
4212,	2.817002e-01
4213,	2.816735e-01
4214,	2.816469e-01
4215,	2.816202e-01
4216,	2.815936e-01
4217,	2.815669e-01
4218,	2.815402e-01
4219,	2.815136e-01
4220,	2.814869e-01
4221,	2.814603e-01
4222,	2.814336e-01
4223,	2.814069e-01
4224,	2.813803e-01
4225,	2.813536e-01
4226,	2.813270e-01
4227,	2.813003e-01
4228,	2.812737e-01
4229,	2.812470e-01
4230,	2.812204e-01
4231,	2.811937e-01
4232,	2.811671e-01
4233,	2.811404e-01
4234,	2.811138e-01
4235,	2.810872e-01
4236,	2.810605e-01
4237,	2.810339e-01
4238,	2.810072e-01
4239,	2.809806e-01
4240,	2.809540e-01
4241,	2.809273e-01
4242,	2.809007e-01
4243,	2.808740e-01
4244,	2.808474e-01
4245,	2.808208e-01
4246,	2.807941e-01
4247,	2.807675e-01
4248,	2.807409e-01
4249,	2.807143e-01
4250,	2.806876e-01
4251,	2.806610e-01
4252,	2.806344e-01
4253,	2.806077e-01
4254,	2.805811e-01
4255,	2.805545e-01
4256,	2.805279e-01
4257,	2.805012e-01
4258,	2.804746e-01
4259,	2.804480e-01
4260,	2.804214e-01
4261,	2.803948e-01
4262,	2.803681e-01
4263,	2.803415e-01
4264,	2.803149e-01
4265,	2.802883e-01
4266,	2.802617e-01
4267,	2.802351e-01
4268,	2.802085e-01
4269,	2.801818e-01
4270,	2.801552e-01
4271,	2.801286e-01
4272,	2.801020e-01
4273,	2.800754e-01
4274,	2.800488e-01
4275,	2.800222e-01
4276,	2.799956e-01
4277,	2.799690e-01
4278,	2.799424e-01
4279,	2.799158e-01
4280,	2.798892e-01
4281,	2.798626e-01
4282,	2.798360e-01
4283,	2.798094e-01
4284,	2.797828e-01
4285,	2.797562e-01
4286,	2.797296e-01
4287,	2.797030e-01
4288,	2.796764e-01
4289,	2.796498e-01
4290,	2.796232e-01
4291,	2.795966e-01
4292,	2.795701e-01
4293,	2.795435e-01
4294,	2.795169e-01
4295,	2.794903e-01
4296,	2.794637e-01
4297,	2.794371e-01
4298,	2.794105e-01
4299,	2.793840e-01
4300,	2.793574e-01
4301,	2.793308e-01
4302,	2.793042e-01
4303,	2.792776e-01
4304,	2.792511e-01
4305,	2.792245e-01
4306,	2.791979e-01
4307,	2.791713e-01
4308,	2.791447e-01
4309,	2.791182e-01
4310,	2.790916e-01
4311,	2.790650e-01
4312,	2.790385e-01
4313,	2.790119e-01
4314,	2.789853e-01
4315,	2.789587e-01
4316,	2.789322e-01
4317,	2.789056e-01
4318,	2.788790e-01
4319,	2.788525e-01
4320,	2.788259e-01
4321,	2.787994e-01
4322,	2.787728e-01
4323,	2.787462e-01
4324,	2.787197e-01
4325,	2.786931e-01
4326,	2.786666e-01
4327,	2.786400e-01
4328,	2.786134e-01
4329,	2.785869e-01
4330,	2.785603e-01
4331,	2.785338e-01
4332,	2.785072e-01
4333,	2.784807e-01
4334,	2.784541e-01
4335,	2.784276e-01
4336,	2.784010e-01
4337,	2.783745e-01
4338,	2.783479e-01
4339,	2.783214e-01
4340,	2.782948e-01
4341,	2.782683e-01
4342,	2.782417e-01
4343,	2.782152e-01
4344,	2.781887e-01
4345,	2.781621e-01
4346,	2.781356e-01
4347,	2.781090e-01
4348,	2.780825e-01
4349,	2.780560e-01
4350,	2.780294e-01
4351,	2.780029e-01
4352,	2.779763e-01
4353,	2.779498e-01
4354,	2.779233e-01
4355,	2.778967e-01
4356,	2.778702e-01
4357,	2.778437e-01
4358,	2.778171e-01
4359,	2.777906e-01
4360,	2.777641e-01
4361,	2.777376e-01
4362,	2.777110e-01
4363,	2.776845e-01
4364,	2.776580e-01
4365,	2.776315e-01
4366,	2.776049e-01
4367,	2.775784e-01
4368,	2.775519e-01
4369,	2.775254e-01
4370,	2.774989e-01
4371,	2.774723e-01
4372,	2.774458e-01
4373,	2.774193e-01
4374,	2.773928e-01
4375,	2.773663e-01
4376,	2.773397e-01
4377,	2.773132e-01
4378,	2.772867e-01
4379,	2.772602e-01
4380,	2.772337e-01
4381,	2.772072e-01
4382,	2.771807e-01
4383,	2.771542e-01
4384,	2.771277e-01
4385,	2.771012e-01
4386,	2.770746e-01
4387,	2.770481e-01
4388,	2.770216e-01
4389,	2.769951e-01
4390,	2.769686e-01
4391,	2.769421e-01
4392,	2.769156e-01
4393,	2.768891e-01
4394,	2.768626e-01
4395,	2.768361e-01
4396,	2.768096e-01
4397,	2.767831e-01
4398,	2.767566e-01
4399,	2.767301e-01
4400,	2.767036e-01
4401,	2.766772e-01
4402,	2.766507e-01
4403,	2.766242e-01
4404,	2.765977e-01
4405,	2.765712e-01
4406,	2.765447e-01
4407,	2.765182e-01
4408,	2.764917e-01
4409,	2.764652e-01
4410,	2.764387e-01
4411,	2.764123e-01
4412,	2.763858e-01
4413,	2.763593e-01
4414,	2.763328e-01
4415,	2.763063e-01
4416,	2.762798e-01
4417,	2.762534e-01
4418,	2.762269e-01
4419,	2.762004e-01
4420,	2.761739e-01
4421,	2.761475e-01
4422,	2.761210e-01
4423,	2.760945e-01
4424,	2.760680e-01
4425,	2.760416e-01
4426,	2.760151e-01
4427,	2.759886e-01
4428,	2.759621e-01
4429,	2.759357e-01
4430,	2.759092e-01
4431,	2.758827e-01
4432,	2.758563e-01
4433,	2.758298e-01
4434,	2.758033e-01
4435,	2.757769e-01
4436,	2.757504e-01
4437,	2.757239e-01
4438,	2.756975e-01
4439,	2.756710e-01
4440,	2.756445e-01
4441,	2.756181e-01
4442,	2.755916e-01
4443,	2.755652e-01
4444,	2.755387e-01
4445,	2.755122e-01
4446,	2.754858e-01
4447,	2.754593e-01
4448,	2.754329e-01
4449,	2.754064e-01
4450,	2.753800e-01
4451,	2.753535e-01
4452,	2.753271e-01
4453,	2.753006e-01
4454,	2.752742e-01
4455,	2.752477e-01
4456,	2.752213e-01
4457,	2.751948e-01
4458,	2.751684e-01
4459,	2.751419e-01
4460,	2.751155e-01
4461,	2.750890e-01
4462,	2.750626e-01
4463,	2.750361e-01
4464,	2.750097e-01
4465,	2.749833e-01
4466,	2.749568e-01
4467,	2.749304e-01
4468,	2.749039e-01
4469,	2.748775e-01
4470,	2.748511e-01
4471,	2.748246e-01
4472,	2.747982e-01
4473,	2.747718e-01
4474,	2.747453e-01
4475,	2.747189e-01
4476,	2.746925e-01
4477,	2.746660e-01
4478,	2.746396e-01
4479,	2.746132e-01
4480,	2.745867e-01
4481,	2.745603e-01
4482,	2.745339e-01
4483,	2.745074e-01
4484,	2.744810e-01
4485,	2.744546e-01
4486,	2.744282e-01
4487,	2.744017e-01
4488,	2.743753e-01
4489,	2.743489e-01
4490,	2.743225e-01
4491,	2.742961e-01
4492,	2.742696e-01
4493,	2.742432e-01
4494,	2.742168e-01
4495,	2.741904e-01
4496,	2.741640e-01
4497,	2.741375e-01
4498,	2.741111e-01
4499,	2.740847e-01
4500,	2.740583e-01
4501,	2.740319e-01
4502,	2.740055e-01
4503,	2.739791e-01
4504,	2.739526e-01
4505,	2.739262e-01
4506,	2.738998e-01
4507,	2.738734e-01
4508,	2.738470e-01
4509,	2.738206e-01
4510,	2.737942e-01
4511,	2.737678e-01
4512,	2.737414e-01
4513,	2.737150e-01
4514,	2.736886e-01
4515,	2.736622e-01
4516,	2.736358e-01
4517,	2.736094e-01
4518,	2.735830e-01
4519,	2.735566e-01
4520,	2.735302e-01
4521,	2.735038e-01
4522,	2.734774e-01
4523,	2.734510e-01
4524,	2.734246e-01
4525,	2.733982e-01
4526,	2.733718e-01
4527,	2.733454e-01
4528,	2.733190e-01
4529,	2.732926e-01
4530,	2.732662e-01
4531,	2.732398e-01
4532,	2.732134e-01
4533,	2.731870e-01
4534,	2.731606e-01
4535,	2.731343e-01
4536,	2.731079e-01
4537,	2.730815e-01
4538,	2.730551e-01
4539,	2.730287e-01
4540,	2.730023e-01
4541,	2.729759e-01
4542,	2.729496e-01
4543,	2.729232e-01
4544,	2.728968e-01
4545,	2.728704e-01
4546,	2.728440e-01
4547,	2.728177e-01
4548,	2.727913e-01
4549,	2.727649e-01
4550,	2.727385e-01
4551,	2.727121e-01
4552,	2.726858e-01
4553,	2.726594e-01
4554,	2.726330e-01
4555,	2.726067e-01
4556,	2.725803e-01
4557,	2.725539e-01
4558,	2.725275e-01
4559,	2.725012e-01
4560,	2.724748e-01
4561,	2.724484e-01
4562,	2.724221e-01
4563,	2.723957e-01
4564,	2.723693e-01
4565,	2.723430e-01
4566,	2.723166e-01
4567,	2.722902e-01
4568,	2.722639e-01
4569,	2.722375e-01
4570,	2.722111e-01
4571,	2.721848e-01
4572,	2.721584e-01
4573,	2.721321e-01
4574,	2.721057e-01
4575,	2.720793e-01
4576,	2.720530e-01
4577,	2.720266e-01
4578,	2.720003e-01
4579,	2.719739e-01
4580,	2.719475e-01
4581,	2.719212e-01
4582,	2.718948e-01
4583,	2.718685e-01
4584,	2.718421e-01
4585,	2.718158e-01
4586,	2.717894e-01
4587,	2.717631e-01
4588,	2.717367e-01
4589,	2.717104e-01
4590,	2.716840e-01
4591,	2.716577e-01
4592,	2.716313e-01
4593,	2.716050e-01
4594,	2.715786e-01
4595,	2.715523e-01
4596,	2.715260e-01
4597,	2.714996e-01
4598,	2.714733e-01
4599,	2.714469e-01
4600,	2.714206e-01
4601,	2.713942e-01
4602,	2.713679e-01
4603,	2.713416e-01
4604,	2.713152e-01
4605,	2.712889e-01
4606,	2.712626e-01
4607,	2.712362e-01
4608,	2.712099e-01
4609,	2.711835e-01
4610,	2.711572e-01
4611,	2.711309e-01
4612,	2.711045e-01
4613,	2.710782e-01
4614,	2.710519e-01
4615,	2.710256e-01
4616,	2.709992e-01
4617,	2.709729e-01
4618,	2.709466e-01
4619,	2.709202e-01
4620,	2.708939e-01
4621,	2.708676e-01
4622,	2.708413e-01
4623,	2.708149e-01
4624,	2.707886e-01
4625,	2.707623e-01
4626,	2.707360e-01
4627,	2.707096e-01
4628,	2.706833e-01
4629,	2.706570e-01
4630,	2.706307e-01
4631,	2.706044e-01
4632,	2.705780e-01
4633,	2.705517e-01
4634,	2.705254e-01
4635,	2.704991e-01
4636,	2.704728e-01
4637,	2.704464e-01
4638,	2.704201e-01
4639,	2.703938e-01
4640,	2.703675e-01
4641,	2.703412e-01
4642,	2.703149e-01
4643,	2.702886e-01
4644,	2.702623e-01
4645,	2.702359e-01
4646,	2.702096e-01
4647,	2.701833e-01
4648,	2.701570e-01
4649,	2.701307e-01
4650,	2.701044e-01
4651,	2.700781e-01
4652,	2.700518e-01
4653,	2.700255e-01
4654,	2.699992e-01
4655,	2.699729e-01
4656,	2.699466e-01
4657,	2.699203e-01
4658,	2.698940e-01
4659,	2.698677e-01
4660,	2.698414e-01
4661,	2.698151e-01
4662,	2.697888e-01
4663,	2.697625e-01
4664,	2.697362e-01
4665,	2.697099e-01
4666,	2.696836e-01
4667,	2.696573e-01
4668,	2.696310e-01
4669,	2.696047e-01
4670,	2.695784e-01
4671,	2.695521e-01
4672,	2.695258e-01
4673,	2.694995e-01
4674,	2.694732e-01
4675,	2.694469e-01
4676,	2.694207e-01
4677,	2.693944e-01
4678,	2.693681e-01
4679,	2.693418e-01
4680,	2.693155e-01
4681,	2.692892e-01
4682,	2.692629e-01
4683,	2.692366e-01
4684,	2.692104e-01
4685,	2.691841e-01
4686,	2.691578e-01
4687,	2.691315e-01
4688,	2.691052e-01
4689,	2.690790e-01
4690,	2.690527e-01
4691,	2.690264e-01
4692,	2.690001e-01
4693,	2.689738e-01
4694,	2.689476e-01
4695,	2.689213e-01
4696,	2.688950e-01
4697,	2.688687e-01
4698,	2.688425e-01
4699,	2.688162e-01
4700,	2.687899e-01
4701,	2.687636e-01
4702,	2.687374e-01
4703,	2.687111e-01
4704,	2.686848e-01
4705,	2.686585e-01
4706,	2.686323e-01
4707,	2.686060e-01
4708,	2.685797e-01
4709,	2.685535e-01
4710,	2.685272e-01
4711,	2.685009e-01
4712,	2.684747e-01
4713,	2.684484e-01
4714,	2.684221e-01
4715,	2.683959e-01
4716,	2.683696e-01
4717,	2.683433e-01
4718,	2.683171e-01
4719,	2.682908e-01
4720,	2.682646e-01
4721,	2.682383e-01
4722,	2.682120e-01
4723,	2.681858e-01
4724,	2.681595e-01
4725,	2.681333e-01
4726,	2.681070e-01
4727,	2.680807e-01
4728,	2.680545e-01
4729,	2.680282e-01
4730,	2.680020e-01
4731,	2.679757e-01
4732,	2.679495e-01
4733,	2.679232e-01
4734,	2.678970e-01
4735,	2.678707e-01
4736,	2.678445e-01
4737,	2.678182e-01
4738,	2.677920e-01
4739,	2.677657e-01
4740,	2.677395e-01
4741,	2.677132e-01
4742,	2.676870e-01
4743,	2.676607e-01
4744,	2.676345e-01
4745,	2.676082e-01
4746,	2.675820e-01
4747,	2.675557e-01
4748,	2.675295e-01
4749,	2.675033e-01
4750,	2.674770e-01
4751,	2.674508e-01
4752,	2.674245e-01
4753,	2.673983e-01
4754,	2.673720e-01
4755,	2.673458e-01
4756,	2.673196e-01
4757,	2.672933e-01
4758,	2.672671e-01
4759,	2.672409e-01
4760,	2.672146e-01
4761,	2.671884e-01
4762,	2.671621e-01
4763,	2.671359e-01
4764,	2.671097e-01
4765,	2.670834e-01
4766,	2.670572e-01
4767,	2.670310e-01
4768,	2.670048e-01
4769,	2.669785e-01
4770,	2.669523e-01
4771,	2.669261e-01
4772,	2.668998e-01
4773,	2.668736e-01
4774,	2.668474e-01
4775,	2.668211e-01
4776,	2.667949e-01
4777,	2.667687e-01
4778,	2.667425e-01
4779,	2.667162e-01
4780,	2.666900e-01
4781,	2.666638e-01
4782,	2.666376e-01
4783,	2.666114e-01
4784,	2.665851e-01
4785,	2.665589e-01
4786,	2.665327e-01
4787,	2.665065e-01
4788,	2.664802e-01
4789,	2.664540e-01
4790,	2.664278e-01
4791,	2.664016e-01
4792,	2.663754e-01
4793,	2.663492e-01
4794,	2.663229e-01
4795,	2.662967e-01
4796,	2.662705e-01
4797,	2.662443e-01
4798,	2.662181e-01
4799,	2.661919e-01
4800,	2.661657e-01
4801,	2.661395e-01
4802,	2.661132e-01
4803,	2.660870e-01
4804,	2.660608e-01
4805,	2.660346e-01
4806,	2.660084e-01
4807,	2.659822e-01
4808,	2.659560e-01
4809,	2.659298e-01
4810,	2.659036e-01
4811,	2.658774e-01
4812,	2.658512e-01
4813,	2.658250e-01
4814,	2.657988e-01
4815,	2.657726e-01
4816,	2.657463e-01
4817,	2.657201e-01
4818,	2.656939e-01
4819,	2.656677e-01
4820,	2.656415e-01
4821,	2.656153e-01
4822,	2.655891e-01
4823,	2.655629e-01
4824,	2.655367e-01
4825,	2.655106e-01
4826,	2.654844e-01
4827,	2.654582e-01
4828,	2.654320e-01
4829,	2.654058e-01
4830,	2.653796e-01
4831,	2.653534e-01
4832,	2.653272e-01
4833,	2.653010e-01
4834,	2.652748e-01
4835,	2.652486e-01
4836,	2.652224e-01
4837,	2.651962e-01
4838,	2.651700e-01
4839,	2.651438e-01
4840,	2.651177e-01
4841,	2.650915e-01
4842,	2.650653e-01
4843,	2.650391e-01
4844,	2.650129e-01
4845,	2.649867e-01
4846,	2.649605e-01
4847,	2.649344e-01
4848,	2.649082e-01
4849,	2.648820e-01
4850,	2.648558e-01
4851,	2.648296e-01
4852,	2.648034e-01
4853,	2.647773e-01
4854,	2.647511e-01
4855,	2.647249e-01
4856,	2.646987e-01
4857,	2.646725e-01
4858,	2.646464e-01
4859,	2.646202e-01
4860,	2.645940e-01
4861,	2.645678e-01
4862,	2.645417e-01
4863,	2.645155e-01
4864,	2.644893e-01
4865,	2.644631e-01
4866,	2.644370e-01
4867,	2.644108e-01
4868,	2.643846e-01
4869,	2.643584e-01
4870,	2.643323e-01
4871,	2.643061e-01
4872,	2.642799e-01
4873,	2.642538e-01
4874,	2.642276e-01
4875,	2.642014e-01
4876,	2.641752e-01
4877,	2.641491e-01
4878,	2.641229e-01
4879,	2.640967e-01
4880,	2.640706e-01
4881,	2.640444e-01
4882,	2.640183e-01
4883,	2.639921e-01
4884,	2.639659e-01
4885,	2.639398e-01
4886,	2.639136e-01
4887,	2.638874e-01
4888,	2.638613e-01
4889,	2.638351e-01
4890,	2.638090e-01
4891,	2.637828e-01
4892,	2.637566e-01
4893,	2.637305e-01
4894,	2.637043e-01
4895,	2.636782e-01
4896,	2.636520e-01
4897,	2.636258e-01
4898,	2.635997e-01
4899,	2.635735e-01
4900,	2.635474e-01
4901,	2.635212e-01
4902,	2.634951e-01
4903,	2.634689e-01
4904,	2.634428e-01
4905,	2.634166e-01
4906,	2.633905e-01
4907,	2.633643e-01
4908,	2.633382e-01
4909,	2.633120e-01
4910,	2.632859e-01
4911,	2.632597e-01
4912,	2.632336e-01
4913,	2.632074e-01
4914,	2.631813e-01
4915,	2.631551e-01
4916,	2.631290e-01
4917,	2.631028e-01
4918,	2.630767e-01
4919,	2.630505e-01
4920,	2.630244e-01
4921,	2.629983e-01
4922,	2.629721e-01
4923,	2.629460e-01
4924,	2.629198e-01
4925,	2.628937e-01
4926,	2.628675e-01
4927,	2.628414e-01
4928,	2.628153e-01
4929,	2.627891e-01
4930,	2.627630e-01
4931,	2.627369e-01
4932,	2.627107e-01
4933,	2.626846e-01
4934,	2.626584e-01
4935,	2.626323e-01
4936,	2.626062e-01
4937,	2.625800e-01
4938,	2.625539e-01
4939,	2.625278e-01
4940,	2.625016e-01
4941,	2.624755e-01
4942,	2.624494e-01
4943,	2.624232e-01
4944,	2.623971e-01
4945,	2.623710e-01
4946,	2.623448e-01
4947,	2.623187e-01
4948,	2.622926e-01
4949,	2.622665e-01
4950,	2.622403e-01
4951,	2.622142e-01
4952,	2.621881e-01
4953,	2.621620e-01
4954,	2.621358e-01
4955,	2.621097e-01
4956,	2.620836e-01
4957,	2.620575e-01
4958,	2.620313e-01
4959,	2.620052e-01
4960,	2.619791e-01
4961,	2.619530e-01
4962,	2.619268e-01
4963,	2.619007e-01
4964,	2.618746e-01
4965,	2.618485e-01
4966,	2.618224e-01
4967,	2.617962e-01
4968,	2.617701e-01
4969,	2.617440e-01
4970,	2.617179e-01
4971,	2.616918e-01
4972,	2.616657e-01
4973,	2.616395e-01
4974,	2.616134e-01
4975,	2.615873e-01
4976,	2.615612e-01
4977,	2.615351e-01
4978,	2.615090e-01
4979,	2.614829e-01
4980,	2.614567e-01
4981,	2.614306e-01
4982,	2.614045e-01
4983,	2.613784e-01
4984,	2.613523e-01
4985,	2.613262e-01
4986,	2.613001e-01
4987,	2.612740e-01
4988,	2.612479e-01
4989,	2.612218e-01
4990,	2.611957e-01
4991,	2.611696e-01
4992,	2.611434e-01
4993,	2.611173e-01
4994,	2.610912e-01
4995,	2.610651e-01
4996,	2.610390e-01
4997,	2.610129e-01
4998,	2.609868e-01
4999,	2.609607e-01
5000,	2.609346e-01
5001,	2.609085e-01
5002,	2.608824e-01
5003,	2.608563e-01
5004,	2.608302e-01
5005,	2.608041e-01
5006,	2.607780e-01
5007,	2.607519e-01
5008,	2.607258e-01
5009,	2.606997e-01
5010,	2.606736e-01
5011,	2.606475e-01
5012,	2.606214e-01
5013,	2.605953e-01
5014,	2.605692e-01
5015,	2.605432e-01
5016,	2.605171e-01
5017,	2.604910e-01
5018,	2.604649e-01
5019,	2.604388e-01
5020,	2.604127e-01
5021,	2.603866e-01
5022,	2.603605e-01
5023,	2.603344e-01
5024,	2.603083e-01
5025,	2.602822e-01
5026,	2.602562e-01
5027,	2.602301e-01
5028,	2.602040e-01
5029,	2.601779e-01
5030,	2.601518e-01
5031,	2.601257e-01
5032,	2.600996e-01
5033,	2.600736e-01
5034,	2.600475e-01
5035,	2.600214e-01
5036,	2.599953e-01
5037,	2.599692e-01
5038,	2.599431e-01
5039,	2.599171e-01
5040,	2.598910e-01
5041,	2.598649e-01
5042,	2.598388e-01
5043,	2.598127e-01
5044,	2.597867e-01
5045,	2.597606e-01
5046,	2.597345e-01
5047,	2.597084e-01
5048,	2.596823e-01
5049,	2.596563e-01
5050,	2.596302e-01
5051,	2.596041e-01
5052,	2.595780e-01
5053,	2.595520e-01
5054,	2.595259e-01
5055,	2.594998e-01
5056,	2.594737e-01
5057,	2.594477e-01
5058,	2.594216e-01
5059,	2.593955e-01
5060,	2.593695e-01
5061,	2.593434e-01
5062,	2.593173e-01
5063,	2.592912e-01
5064,	2.592652e-01
5065,	2.592391e-01
5066,	2.592130e-01
5067,	2.591870e-01
5068,	2.591609e-01
5069,	2.591348e-01
5070,	2.591088e-01
5071,	2.590827e-01
5072,	2.590566e-01
5073,	2.590306e-01
5074,	2.590045e-01
5075,	2.589784e-01
5076,	2.589524e-01
5077,	2.589263e-01
5078,	2.589003e-01
5079,	2.588742e-01
5080,	2.588481e-01
5081,	2.588221e-01
5082,	2.587960e-01
5083,	2.587699e-01
5084,	2.587439e-01
5085,	2.587178e-01
5086,	2.586918e-01
5087,	2.586657e-01
5088,	2.586397e-01
5089,	2.586136e-01
5090,	2.585875e-01
5091,	2.585615e-01
5092,	2.585354e-01
5093,	2.585094e-01
5094,	2.584833e-01
5095,	2.584573e-01
5096,	2.584312e-01
5097,	2.584052e-01
5098,	2.583791e-01
5099,	2.583530e-01
5100,	2.583270e-01
5101,	2.583009e-01
5102,	2.582749e-01
5103,	2.582488e-01
5104,	2.582228e-01
5105,	2.581967e-01
5106,	2.581707e-01
5107,	2.581446e-01
5108,	2.581186e-01
5109,	2.580926e-01
5110,	2.580665e-01
5111,	2.580405e-01
5112,	2.580144e-01
5113,	2.579884e-01
5114,	2.579623e-01
5115,	2.579363e-01
5116,	2.579102e-01
5117,	2.578842e-01
5118,	2.578581e-01
5119,	2.578321e-01
5120,	2.578061e-01
5121,	2.577800e-01
5122,	2.577540e-01
5123,	2.577279e-01
5124,	2.577019e-01
5125,	2.576759e-01
5126,	2.576498e-01
5127,	2.576238e-01
5128,	2.575977e-01
5129,	2.575717e-01
5130,	2.575457e-01
5131,	2.575196e-01
5132,	2.574936e-01
5133,	2.574676e-01
5134,	2.574415e-01
5135,	2.574155e-01
5136,	2.573894e-01
5137,	2.573634e-01
5138,	2.573374e-01
5139,	2.573113e-01
5140,	2.572853e-01
5141,	2.572593e-01
5142,	2.572332e-01
5143,	2.572072e-01
5144,	2.571812e-01
5145,	2.571552e-01
5146,	2.571291e-01
5147,	2.571031e-01
5148,	2.570771e-01
5149,	2.570510e-01
5150,	2.570250e-01
5151,	2.569990e-01
5152,	2.569730e-01
5153,	2.569469e-01
5154,	2.569209e-01
5155,	2.568949e-01
5156,	2.568688e-01
5157,	2.568428e-01
5158,	2.568168e-01
5159,	2.567908e-01
5160,	2.567647e-01
5161,	2.567387e-01
5162,	2.567127e-01
5163,	2.566867e-01
5164,	2.566607e-01
5165,	2.566346e-01
5166,	2.566086e-01
5167,	2.565826e-01
5168,	2.565566e-01
5169,	2.565306e-01
5170,	2.565045e-01
5171,	2.564785e-01
5172,	2.564525e-01
5173,	2.564265e-01
5174,	2.564005e-01
5175,	2.563745e-01
5176,	2.563484e-01
5177,	2.563224e-01
5178,	2.562964e-01
5179,	2.562704e-01
5180,	2.562444e-01
5181,	2.562184e-01
5182,	2.561923e-01
5183,	2.561663e-01
5184,	2.561403e-01
5185,	2.561143e-01
5186,	2.560883e-01
5187,	2.560623e-01
5188,	2.560363e-01
5189,	2.560103e-01
5190,	2.559843e-01
5191,	2.559582e-01
5192,	2.559322e-01
5193,	2.559062e-01
5194,	2.558802e-01
5195,	2.558542e-01
5196,	2.558282e-01
5197,	2.558022e-01
5198,	2.557762e-01
5199,	2.557502e-01
5200,	2.557242e-01
5201,	2.556982e-01
5202,	2.556722e-01
5203,	2.556462e-01
5204,	2.556202e-01
5205,	2.555942e-01
5206,	2.555682e-01
5207,	2.555422e-01
5208,	2.555162e-01
5209,	2.554902e-01
5210,	2.554642e-01
5211,	2.554382e-01
5212,	2.554122e-01
5213,	2.553862e-01
5214,	2.553602e-01
5215,	2.553342e-01
5216,	2.553082e-01
5217,	2.552822e-01
5218,	2.552562e-01
5219,	2.552302e-01
5220,	2.552042e-01
5221,	2.551782e-01
5222,	2.551522e-01
5223,	2.551262e-01
5224,	2.551002e-01
5225,	2.550742e-01
5226,	2.550482e-01
5227,	2.550222e-01
5228,	2.549962e-01
5229,	2.549702e-01
5230,	2.549442e-01
5231,	2.549182e-01
5232,	2.548922e-01
5233,	2.548663e-01
5234,	2.548403e-01
5235,	2.548143e-01
5236,	2.547883e-01
5237,	2.547623e-01
5238,	2.547363e-01
5239,	2.547103e-01
5240,	2.546843e-01
5241,	2.546583e-01
5242,	2.546324e-01
5243,	2.546064e-01
5244,	2.545804e-01
5245,	2.545544e-01
5246,	2.545284e-01
5247,	2.545024e-01
5248,	2.544765e-01
5249,	2.544505e-01
5250,	2.544245e-01
5251,	2.543985e-01
5252,	2.543725e-01
5253,	2.543465e-01
5254,	2.543206e-01
5255,	2.542946e-01
5256,	2.542686e-01
5257,	2.542426e-01
5258,	2.542166e-01
5259,	2.541907e-01
5260,	2.541647e-01
5261,	2.541387e-01
5262,	2.541127e-01
5263,	2.540867e-01
5264,	2.540608e-01
5265,	2.540348e-01
5266,	2.540088e-01
5267,	2.539828e-01
5268,	2.539569e-01
5269,	2.539309e-01
5270,	2.539049e-01
5271,	2.538789e-01
5272,	2.538530e-01
5273,	2.538270e-01
5274,	2.538010e-01
5275,	2.537751e-01
5276,	2.537491e-01
5277,	2.537231e-01
5278,	2.536971e-01
5279,	2.536712e-01
5280,	2.536452e-01
5281,	2.536192e-01
5282,	2.535933e-01
5283,	2.535673e-01
5284,	2.535413e-01
5285,	2.535154e-01
5286,	2.534894e-01
5287,	2.534634e-01
5288,	2.534375e-01
5289,	2.534115e-01
5290,	2.533855e-01
5291,	2.533596e-01
5292,	2.533336e-01
5293,	2.533076e-01
5294,	2.532817e-01
5295,	2.532557e-01
5296,	2.532297e-01
5297,	2.532038e-01
5298,	2.531778e-01
5299,	2.531519e-01
5300,	2.531259e-01
5301,	2.530999e-01
5302,	2.530740e-01
5303,	2.530480e-01
5304,	2.530220e-01
5305,	2.529961e-01
5306,	2.529701e-01
5307,	2.529442e-01
5308,	2.529182e-01
5309,	2.528923e-01
5310,	2.528663e-01
5311,	2.528403e-01
5312,	2.528144e-01
5313,	2.527884e-01
5314,	2.527625e-01
5315,	2.527365e-01
5316,	2.527106e-01
5317,	2.526846e-01
5318,	2.526587e-01
5319,	2.526327e-01
5320,	2.526068e-01
5321,	2.525808e-01
5322,	2.525548e-01
5323,	2.525289e-01
5324,	2.525029e-01
5325,	2.524770e-01
5326,	2.524510e-01
5327,	2.524251e-01
5328,	2.523991e-01
5329,	2.523732e-01
5330,	2.523472e-01
5331,	2.523213e-01
5332,	2.522954e-01
5333,	2.522694e-01
5334,	2.522435e-01
5335,	2.522175e-01
5336,	2.521916e-01
5337,	2.521656e-01
5338,	2.521397e-01
5339,	2.521137e-01
5340,	2.520878e-01
5341,	2.520618e-01
5342,	2.520359e-01
5343,	2.520100e-01
5344,	2.519840e-01
5345,	2.519581e-01
5346,	2.519321e-01
5347,	2.519062e-01
5348,	2.518802e-01
5349,	2.518543e-01
5350,	2.518284e-01
5351,	2.518024e-01
5352,	2.517765e-01
5353,	2.517505e-01
5354,	2.517246e-01
5355,	2.516987e-01
5356,	2.516727e-01
5357,	2.516468e-01
5358,	2.516209e-01
5359,	2.515949e-01
5360,	2.515690e-01
5361,	2.515430e-01
5362,	2.515171e-01
5363,	2.514912e-01
5364,	2.514652e-01
5365,	2.514393e-01
5366,	2.514134e-01
5367,	2.513874e-01
5368,	2.513615e-01
5369,	2.513356e-01
5370,	2.513096e-01
5371,	2.512837e-01
5372,	2.512578e-01
5373,	2.512319e-01
5374,	2.512059e-01
5375,	2.511800e-01
5376,	2.511541e-01
5377,	2.511281e-01
5378,	2.511022e-01
5379,	2.510763e-01
5380,	2.510503e-01
5381,	2.510244e-01
5382,	2.509985e-01
5383,	2.509726e-01
5384,	2.509466e-01
5385,	2.509207e-01
5386,	2.508948e-01
5387,	2.508689e-01
5388,	2.508429e-01
5389,	2.508170e-01
5390,	2.507911e-01
5391,	2.507652e-01
5392,	2.507392e-01
5393,	2.507133e-01
5394,	2.506874e-01
5395,	2.506615e-01
5396,	2.506356e-01
5397,	2.506096e-01
5398,	2.505837e-01
5399,	2.505578e-01
5400,	2.505319e-01
5401,	2.505060e-01
5402,	2.504800e-01
5403,	2.504541e-01
5404,	2.504282e-01
5405,	2.504023e-01
5406,	2.503764e-01
5407,	2.503504e-01
5408,	2.503245e-01
5409,	2.502986e-01
5410,	2.502727e-01
5411,	2.502468e-01
5412,	2.502209e-01
5413,	2.501950e-01
5414,	2.501690e-01
5415,	2.501431e-01
5416,	2.501172e-01
5417,	2.500913e-01
5418,	2.500654e-01
5419,	2.500395e-01
5420,	2.500136e-01
5421,	2.499877e-01
5422,	2.499617e-01
5423,	2.499358e-01
5424,	2.499099e-01
5425,	2.498840e-01
5426,	2.498581e-01
5427,	2.498322e-01
5428,	2.498063e-01
5429,	2.497804e-01
5430,	2.497545e-01
5431,	2.497286e-01
5432,	2.497027e-01
5433,	2.496768e-01
5434,	2.496508e-01
5435,	2.496249e-01
5436,	2.495990e-01
5437,	2.495731e-01
5438,	2.495472e-01
5439,	2.495213e-01
5440,	2.494954e-01
5441,	2.494695e-01
5442,	2.494436e-01
5443,	2.494177e-01
5444,	2.493918e-01
5445,	2.493659e-01
5446,	2.493400e-01
5447,	2.493141e-01
5448,	2.492882e-01
5449,	2.492623e-01
5450,	2.492364e-01
5451,	2.492105e-01
5452,	2.491846e-01
5453,	2.491587e-01
5454,	2.491328e-01
5455,	2.491069e-01
5456,	2.490810e-01
5457,	2.490551e-01
5458,	2.490292e-01
5459,	2.490033e-01
5460,	2.489774e-01
5461,	2.489515e-01
5462,	2.489256e-01
5463,	2.488997e-01
5464,	2.488738e-01
5465,	2.488480e-01
5466,	2.488221e-01
5467,	2.487962e-01
5468,	2.487703e-01
5469,	2.487444e-01
5470,	2.487185e-01
5471,	2.486926e-01
5472,	2.486667e-01
5473,	2.486408e-01
5474,	2.486149e-01
5475,	2.485890e-01
5476,	2.485631e-01
5477,	2.485373e-01
5478,	2.485114e-01
5479,	2.484855e-01
5480,	2.484596e-01
5481,	2.484337e-01
5482,	2.484078e-01
5483,	2.483819e-01
5484,	2.483560e-01
5485,	2.483302e-01
5486,	2.483043e-01
5487,	2.482784e-01
5488,	2.482525e-01
5489,	2.482266e-01
5490,	2.482007e-01
5491,	2.481749e-01
5492,	2.481490e-01
5493,	2.481231e-01
5494,	2.480972e-01
5495,	2.480713e-01
5496,	2.480454e-01
5497,	2.480196e-01
5498,	2.479937e-01
5499,	2.479678e-01
5500,	2.479419e-01
5501,	2.479160e-01
5502,	2.478902e-01
5503,	2.478643e-01
5504,	2.478384e-01
5505,	2.478125e-01
5506,	2.477866e-01
5507,	2.477608e-01
5508,	2.477349e-01
5509,	2.477090e-01
5510,	2.476831e-01
5511,	2.476573e-01
5512,	2.476314e-01
5513,	2.476055e-01
5514,	2.475796e-01
5515,	2.475538e-01
5516,	2.475279e-01
5517,	2.475020e-01
5518,	2.474761e-01
5519,	2.474503e-01
5520,	2.474244e-01
5521,	2.473985e-01
5522,	2.473727e-01
5523,	2.473468e-01
5524,	2.473209e-01
5525,	2.472950e-01
5526,	2.472692e-01
5527,	2.472433e-01
5528,	2.472174e-01
5529,	2.471916e-01
5530,	2.471657e-01
5531,	2.471398e-01
5532,	2.471140e-01
5533,	2.470881e-01
5534,	2.470622e-01
5535,	2.470364e-01
5536,	2.470105e-01
5537,	2.469846e-01
5538,	2.469588e-01
5539,	2.469329e-01
5540,	2.469070e-01
5541,	2.468812e-01
5542,	2.468553e-01
5543,	2.468294e-01
5544,	2.468036e-01
5545,	2.467777e-01
5546,	2.467519e-01
5547,	2.467260e-01
5548,	2.467001e-01
5549,	2.466743e-01
5550,	2.466484e-01
5551,	2.466225e-01
5552,	2.465967e-01
5553,	2.465708e-01
5554,	2.465450e-01
5555,	2.465191e-01
5556,	2.464933e-01
5557,	2.464674e-01
5558,	2.464415e-01
5559,	2.464157e-01
5560,	2.463898e-01
5561,	2.463640e-01
5562,	2.463381e-01
5563,	2.463123e-01
5564,	2.462864e-01
5565,	2.462605e-01
5566,	2.462347e-01
5567,	2.462088e-01
5568,	2.461830e-01
5569,	2.461571e-01
5570,	2.461313e-01
5571,	2.461054e-01
5572,	2.460796e-01
5573,	2.460537e-01
5574,	2.460279e-01
5575,	2.460020e-01
5576,	2.459762e-01
5577,	2.459503e-01
5578,	2.459245e-01
5579,	2.458986e-01
5580,	2.458728e-01
5581,	2.458469e-01
5582,	2.458211e-01
5583,	2.457952e-01
5584,	2.457694e-01
5585,	2.457435e-01
5586,	2.457177e-01
5587,	2.456918e-01
5588,	2.456660e-01
5589,	2.456401e-01
5590,	2.456143e-01
5591,	2.455884e-01
5592,	2.455626e-01
5593,	2.455368e-01
5594,	2.455109e-01
5595,	2.454851e-01
5596,	2.454592e-01
5597,	2.454334e-01
5598,	2.454075e-01
5599,	2.453817e-01
5600,	2.453559e-01
5601,	2.453300e-01
5602,	2.453042e-01
5603,	2.452783e-01
5604,	2.452525e-01
5605,	2.452266e-01
5606,	2.452008e-01
5607,	2.451750e-01
5608,	2.451491e-01
5609,	2.451233e-01
5610,	2.450975e-01
5611,	2.450716e-01
5612,	2.450458e-01
5613,	2.450199e-01
5614,	2.449941e-01
5615,	2.449683e-01
5616,	2.449424e-01
5617,	2.449166e-01
5618,	2.448908e-01
5619,	2.448649e-01
5620,	2.448391e-01
5621,	2.448133e-01
5622,	2.447874e-01
5623,	2.447616e-01
5624,	2.447358e-01
5625,	2.447099e-01
5626,	2.446841e-01
5627,	2.446583e-01
5628,	2.446324e-01
5629,	2.446066e-01
5630,	2.445808e-01
5631,	2.445549e-01
5632,	2.445291e-01
5633,	2.445033e-01
5634,	2.444775e-01
5635,	2.444516e-01
5636,	2.444258e-01
5637,	2.444000e-01
5638,	2.443741e-01
5639,	2.443483e-01
5640,	2.443225e-01
5641,	2.442967e-01
5642,	2.442708e-01
5643,	2.442450e-01
5644,	2.442192e-01
5645,	2.441934e-01
5646,	2.441675e-01
5647,	2.441417e-01
5648,	2.441159e-01
5649,	2.440901e-01
5650,	2.440642e-01
5651,	2.440384e-01
5652,	2.440126e-01
5653,	2.439868e-01
5654,	2.439609e-01
5655,	2.439351e-01
5656,	2.439093e-01
5657,	2.438835e-01
5658,	2.438577e-01
5659,	2.438318e-01
5660,	2.438060e-01
5661,	2.437802e-01
5662,	2.437544e-01
5663,	2.437286e-01
5664,	2.437027e-01
5665,	2.436769e-01
5666,	2.436511e-01
5667,	2.436253e-01
5668,	2.435995e-01
5669,	2.435737e-01
5670,	2.435478e-01
5671,	2.435220e-01
5672,	2.434962e-01
5673,	2.434704e-01
5674,	2.434446e-01
5675,	2.434188e-01
5676,	2.433930e-01
5677,	2.433671e-01
5678,	2.433413e-01
5679,	2.433155e-01
5680,	2.432897e-01
5681,	2.432639e-01
5682,	2.432381e-01
5683,	2.432123e-01
5684,	2.431865e-01
5685,	2.431607e-01
5686,	2.431348e-01
5687,	2.431090e-01
5688,	2.430832e-01
5689,	2.430574e-01
5690,	2.430316e-01
5691,	2.430058e-01
5692,	2.429800e-01
5693,	2.429542e-01
5694,	2.429284e-01
5695,	2.429026e-01
5696,	2.428768e-01
5697,	2.428510e-01
5698,	2.428251e-01
5699,	2.427993e-01
5700,	2.427735e-01
5701,	2.427477e-01
5702,	2.427219e-01
5703,	2.426961e-01
5704,	2.426703e-01
5705,	2.426445e-01
5706,	2.426187e-01
5707,	2.425929e-01
5708,	2.425671e-01
5709,	2.425413e-01
5710,	2.425155e-01
5711,	2.424897e-01
5712,	2.424639e-01
5713,	2.424381e-01
5714,	2.424123e-01
5715,	2.423865e-01
5716,	2.423607e-01
5717,	2.423349e-01
5718,	2.423091e-01
5719,	2.422833e-01
5720,	2.422575e-01
5721,	2.422317e-01
5722,	2.422059e-01
5723,	2.421801e-01
5724,	2.421543e-01
5725,	2.421285e-01
5726,	2.421027e-01
5727,	2.420769e-01
5728,	2.420511e-01
5729,	2.420254e-01
5730,	2.419996e-01
5731,	2.419738e-01
5732,	2.419480e-01
5733,	2.419222e-01
5734,	2.418964e-01
5735,	2.418706e-01
5736,	2.418448e-01
5737,	2.418190e-01
5738,	2.417932e-01
5739,	2.417674e-01
5740,	2.417416e-01
5741,	2.417158e-01
5742,	2.416901e-01
5743,	2.416643e-01
5744,	2.416385e-01
5745,	2.416127e-01
5746,	2.415869e-01
5747,	2.415611e-01
5748,	2.415353e-01
5749,	2.415095e-01
5750,	2.414837e-01
5751,	2.414580e-01
5752,	2.414322e-01
5753,	2.414064e-01
5754,	2.413806e-01
5755,	2.413548e-01
5756,	2.413290e-01
5757,	2.413032e-01
5758,	2.412775e-01
5759,	2.412517e-01
5760,	2.412259e-01
5761,	2.412001e-01
5762,	2.411743e-01
5763,	2.411485e-01
5764,	2.411228e-01
5765,	2.410970e-01
5766,	2.410712e-01
5767,	2.410454e-01
5768,	2.410196e-01
5769,	2.409939e-01
5770,	2.409681e-01
5771,	2.409423e-01
5772,	2.409165e-01
5773,	2.408907e-01
5774,	2.408650e-01
5775,	2.408392e-01
5776,	2.408134e-01
5777,	2.407876e-01
5778,	2.407619e-01
5779,	2.407361e-01
5780,	2.407103e-01
5781,	2.406845e-01
5782,	2.406588e-01
5783,	2.406330e-01
5784,	2.406072e-01
5785,	2.405814e-01
5786,	2.405557e-01
5787,	2.405299e-01
5788,	2.405041e-01
5789,	2.404783e-01
5790,	2.404526e-01
5791,	2.404268e-01
5792,	2.404010e-01
5793,	2.403752e-01
5794,	2.403495e-01
5795,	2.403237e-01
5796,	2.402979e-01
5797,	2.402722e-01
5798,	2.402464e-01
5799,	2.402206e-01
5800,	2.401949e-01
5801,	2.401691e-01
5802,	2.401433e-01
5803,	2.401175e-01
5804,	2.400918e-01
5805,	2.400660e-01
5806,	2.400402e-01
5807,	2.400145e-01
5808,	2.399887e-01
5809,	2.399629e-01
5810,	2.399372e-01
5811,	2.399114e-01
5812,	2.398856e-01
5813,	2.398599e-01
5814,	2.398341e-01
5815,	2.398084e-01
5816,	2.397826e-01
5817,	2.397568e-01
5818,	2.397311e-01
5819,	2.397053e-01
5820,	2.396795e-01
5821,	2.396538e-01
5822,	2.396280e-01
5823,	2.396023e-01
5824,	2.395765e-01
5825,	2.395507e-01
5826,	2.395250e-01
5827,	2.394992e-01
5828,	2.394735e-01
5829,	2.394477e-01
5830,	2.394219e-01
5831,	2.393962e-01
5832,	2.393704e-01
5833,	2.393447e-01
5834,	2.393189e-01
5835,	2.392931e-01
5836,	2.392674e-01
5837,	2.392416e-01
5838,	2.392159e-01
5839,	2.391901e-01
5840,	2.391644e-01
5841,	2.391386e-01
5842,	2.391129e-01
5843,	2.390871e-01
5844,	2.390614e-01
5845,	2.390356e-01
5846,	2.390098e-01
5847,	2.389841e-01
5848,	2.389583e-01
5849,	2.389326e-01
5850,	2.389068e-01
5851,	2.388811e-01
5852,	2.388553e-01
5853,	2.388296e-01
5854,	2.388038e-01
5855,	2.387781e-01
5856,	2.387523e-01
5857,	2.387266e-01
5858,	2.387008e-01
5859,	2.386751e-01
5860,	2.386493e-01
5861,	2.386236e-01
5862,	2.385978e-01
5863,	2.385721e-01
5864,	2.385463e-01
5865,	2.385206e-01
5866,	2.384949e-01
5867,	2.384691e-01
5868,	2.384434e-01
5869,	2.384176e-01
5870,	2.383919e-01
5871,	2.383661e-01
5872,	2.383404e-01
5873,	2.383146e-01
5874,	2.382889e-01
5875,	2.382632e-01
5876,	2.382374e-01
5877,	2.382117e-01
5878,	2.381859e-01
5879,	2.381602e-01
5880,	2.381344e-01
5881,	2.381087e-01
5882,	2.380830e-01
5883,	2.380572e-01
5884,	2.380315e-01
5885,	2.380057e-01
5886,	2.379800e-01
5887,	2.379543e-01
5888,	2.379285e-01
5889,	2.379028e-01
5890,	2.378771e-01
5891,	2.378513e-01
5892,	2.378256e-01
5893,	2.377998e-01
5894,	2.377741e-01
5895,	2.377484e-01
5896,	2.377226e-01
5897,	2.376969e-01
5898,	2.376712e-01
5899,	2.376454e-01
5900,	2.376197e-01
5901,	2.375940e-01
5902,	2.375682e-01
5903,	2.375425e-01
5904,	2.375168e-01
5905,	2.374910e-01
5906,	2.374653e-01
5907,	2.374396e-01
5908,	2.374138e-01
5909,	2.373881e-01
5910,	2.373624e-01
5911,	2.373366e-01
5912,	2.373109e-01
5913,	2.372852e-01
5914,	2.372594e-01
5915,	2.372337e-01
5916,	2.372080e-01
5917,	2.371823e-01
5918,	2.371565e-01
5919,	2.371308e-01
5920,	2.371051e-01
5921,	2.370793e-01
5922,	2.370536e-01
5923,	2.370279e-01
5924,	2.370022e-01
5925,	2.369764e-01
5926,	2.369507e-01
5927,	2.369250e-01
5928,	2.368993e-01
5929,	2.368735e-01
5930,	2.368478e-01
5931,	2.368221e-01
5932,	2.367964e-01
5933,	2.367707e-01
5934,	2.367449e-01
5935,	2.367192e-01
5936,	2.366935e-01
5937,	2.366678e-01
5938,	2.366420e-01
5939,	2.366163e-01
5940,	2.365906e-01
5941,	2.365649e-01
5942,	2.365392e-01
5943,	2.365134e-01
5944,	2.364877e-01
5945,	2.364620e-01
5946,	2.364363e-01
5947,	2.364106e-01
5948,	2.363848e-01
5949,	2.363591e-01
5950,	2.363334e-01
5951,	2.363077e-01
5952,	2.362820e-01
5953,	2.362563e-01
5954,	2.362305e-01
5955,	2.362048e-01
5956,	2.361791e-01
5957,	2.361534e-01
5958,	2.361277e-01
5959,	2.361020e-01
5960,	2.360763e-01
5961,	2.360505e-01
5962,	2.360248e-01
5963,	2.359991e-01
5964,	2.359734e-01
5965,	2.359477e-01
5966,	2.359220e-01
5967,	2.358963e-01
5968,	2.358706e-01
5969,	2.358449e-01
5970,	2.358191e-01
5971,	2.357934e-01
5972,	2.357677e-01
5973,	2.357420e-01
5974,	2.357163e-01
5975,	2.356906e-01
5976,	2.356649e-01
5977,	2.356392e-01
5978,	2.356135e-01
5979,	2.355878e-01
5980,	2.355621e-01
5981,	2.355364e-01
5982,	2.355106e-01
5983,	2.354849e-01
5984,	2.354592e-01
5985,	2.354335e-01
5986,	2.354078e-01
5987,	2.353821e-01
5988,	2.353564e-01
5989,	2.353307e-01
5990,	2.353050e-01
5991,	2.352793e-01
5992,	2.352536e-01
5993,	2.352279e-01
5994,	2.352022e-01
5995,	2.351765e-01
5996,	2.351508e-01
5997,	2.351251e-01
5998,	2.350994e-01
5999,	2.350737e-01
6000,	2.350480e-01
6001,	2.350223e-01
6002,	2.349966e-01
6003,	2.349709e-01
6004,	2.349452e-01
6005,	2.349195e-01
6006,	2.348938e-01
6007,	2.348681e-01
6008,	2.348424e-01
6009,	2.348167e-01
6010,	2.347910e-01
6011,	2.347653e-01
6012,	2.347396e-01
6013,	2.347139e-01
6014,	2.346882e-01
6015,	2.346625e-01
6016,	2.346368e-01
6017,	2.346111e-01
6018,	2.345855e-01
6019,	2.345598e-01
6020,	2.345341e-01
6021,	2.345084e-01
6022,	2.344827e-01
6023,	2.344570e-01
6024,	2.344313e-01
6025,	2.344056e-01
6026,	2.343799e-01
6027,	2.343542e-01
6028,	2.343285e-01
6029,	2.343028e-01
6030,	2.342772e-01
6031,	2.342515e-01
6032,	2.342258e-01
6033,	2.342001e-01
6034,	2.341744e-01
6035,	2.341487e-01
6036,	2.341230e-01
6037,	2.340973e-01
6038,	2.340716e-01
6039,	2.340460e-01
6040,	2.340203e-01
6041,	2.339946e-01
6042,	2.339689e-01
6043,	2.339432e-01
6044,	2.339175e-01
6045,	2.338918e-01
6046,	2.338662e-01
6047,	2.338405e-01
6048,	2.338148e-01
6049,	2.337891e-01
6050,	2.337634e-01
6051,	2.337377e-01
6052,	2.337121e-01
6053,	2.336864e-01
6054,	2.336607e-01
6055,	2.336350e-01
6056,	2.336093e-01
6057,	2.335837e-01
6058,	2.335580e-01
6059,	2.335323e-01
6060,	2.335066e-01
6061,	2.334809e-01
6062,	2.334553e-01
6063,	2.334296e-01
6064,	2.334039e-01
6065,	2.333782e-01
6066,	2.333525e-01
6067,	2.333269e-01
6068,	2.333012e-01
6069,	2.332755e-01
6070,	2.332498e-01
6071,	2.332242e-01
6072,	2.331985e-01
6073,	2.331728e-01
6074,	2.331471e-01
6075,	2.331215e-01
6076,	2.330958e-01
6077,	2.330701e-01
6078,	2.330444e-01
6079,	2.330188e-01
6080,	2.329931e-01
6081,	2.329674e-01
6082,	2.329418e-01
6083,	2.329161e-01
6084,	2.328904e-01
6085,	2.328647e-01
6086,	2.328391e-01
6087,	2.328134e-01
6088,	2.327877e-01
6089,	2.327621e-01
6090,	2.327364e-01
6091,	2.327107e-01
6092,	2.326851e-01
6093,	2.326594e-01
6094,	2.326337e-01
6095,	2.326080e-01
6096,	2.325824e-01
6097,	2.325567e-01
6098,	2.325310e-01
6099,	2.325054e-01
6100,	2.324797e-01
6101,	2.324541e-01
6102,	2.324284e-01
6103,	2.324027e-01
6104,	2.323771e-01
6105,	2.323514e-01
6106,	2.323257e-01
6107,	2.323001e-01
6108,	2.322744e-01
6109,	2.322487e-01
6110,	2.322231e-01
6111,	2.321974e-01
6112,	2.321718e-01
6113,	2.321461e-01
6114,	2.321204e-01
6115,	2.320948e-01
6116,	2.320691e-01
6117,	2.320434e-01
6118,	2.320178e-01
6119,	2.319921e-01
6120,	2.319665e-01
6121,	2.319408e-01
6122,	2.319152e-01
6123,	2.318895e-01
6124,	2.318638e-01
6125,	2.318382e-01
6126,	2.318125e-01
6127,	2.317869e-01
6128,	2.317612e-01
6129,	2.317356e-01
6130,	2.317099e-01
6131,	2.316842e-01
6132,	2.316586e-01
6133,	2.316329e-01
6134,	2.316073e-01
6135,	2.315816e-01
6136,	2.315560e-01
6137,	2.315303e-01
6138,	2.315047e-01
6139,	2.314790e-01
6140,	2.314534e-01
6141,	2.314277e-01
6142,	2.314021e-01
6143,	2.313764e-01
6144,	2.313508e-01
6145,	2.313251e-01
6146,	2.312995e-01
6147,	2.312738e-01
6148,	2.312482e-01
6149,	2.312225e-01
6150,	2.311969e-01
6151,	2.311712e-01
6152,	2.311456e-01
6153,	2.311199e-01
6154,	2.310943e-01
6155,	2.310686e-01
6156,	2.310430e-01
6157,	2.310173e-01
6158,	2.309917e-01
6159,	2.309660e-01
6160,	2.309404e-01
6161,	2.309147e-01
6162,	2.308891e-01
6163,	2.308634e-01
6164,	2.308378e-01
6165,	2.308122e-01
6166,	2.307865e-01
6167,	2.307609e-01
6168,	2.307352e-01
6169,	2.307096e-01
6170,	2.306839e-01
6171,	2.306583e-01
6172,	2.306327e-01
6173,	2.306070e-01
6174,	2.305814e-01
6175,	2.305557e-01
6176,	2.305301e-01
6177,	2.305045e-01
6178,	2.304788e-01
6179,	2.304532e-01
6180,	2.304275e-01
6181,	2.304019e-01
6182,	2.303763e-01
6183,	2.303506e-01
6184,	2.303250e-01
6185,	2.302994e-01
6186,	2.302737e-01
6187,	2.302481e-01
6188,	2.302224e-01
6189,	2.301968e-01
6190,	2.301712e-01
6191,	2.301455e-01
6192,	2.301199e-01
6193,	2.300943e-01
6194,	2.300686e-01
6195,	2.300430e-01
6196,	2.300174e-01
6197,	2.299917e-01
6198,	2.299661e-01
6199,	2.299405e-01
6200,	2.299148e-01
6201,	2.298892e-01
6202,	2.298636e-01
6203,	2.298379e-01
6204,	2.298123e-01
6205,	2.297867e-01
6206,	2.297610e-01
6207,	2.297354e-01
6208,	2.297098e-01
6209,	2.296842e-01
6210,	2.296585e-01
6211,	2.296329e-01
6212,	2.296073e-01
6213,	2.295816e-01
6214,	2.295560e-01
6215,	2.295304e-01
6216,	2.295048e-01
6217,	2.294791e-01
6218,	2.294535e-01
6219,	2.294279e-01
6220,	2.294023e-01
6221,	2.293766e-01
6222,	2.293510e-01
6223,	2.293254e-01
6224,	2.292998e-01
6225,	2.292741e-01
6226,	2.292485e-01
6227,	2.292229e-01
6228,	2.291973e-01
6229,	2.291717e-01
6230,	2.291460e-01
6231,	2.291204e-01
6232,	2.290948e-01
6233,	2.290692e-01
6234,	2.290435e-01
6235,	2.290179e-01
6236,	2.289923e-01
6237,	2.289667e-01
6238,	2.289411e-01
6239,	2.289154e-01
6240,	2.288898e-01
6241,	2.288642e-01
6242,	2.288386e-01
6243,	2.288130e-01
6244,	2.287874e-01
6245,	2.287617e-01
6246,	2.287361e-01
6247,	2.287105e-01
6248,	2.286849e-01
6249,	2.286593e-01
6250,	2.286337e-01
6251,	2.286080e-01
6252,	2.285824e-01
6253,	2.285568e-01
6254,	2.285312e-01
6255,	2.285056e-01
6256,	2.284800e-01
6257,	2.284544e-01
6258,	2.284288e-01
6259,	2.284031e-01
6260,	2.283775e-01
6261,	2.283519e-01
6262,	2.283263e-01
6263,	2.283007e-01
6264,	2.282751e-01
6265,	2.282495e-01
6266,	2.282239e-01
6267,	2.281983e-01
6268,	2.281726e-01
6269,	2.281470e-01
6270,	2.281214e-01
6271,	2.280958e-01
6272,	2.280702e-01
6273,	2.280446e-01
6274,	2.280190e-01
6275,	2.279934e-01
6276,	2.279678e-01
6277,	2.279422e-01
6278,	2.279166e-01
6279,	2.278910e-01
6280,	2.278654e-01
6281,	2.278398e-01
6282,	2.278142e-01
6283,	2.277886e-01
6284,	2.277629e-01
6285,	2.277373e-01
6286,	2.277117e-01
6287,	2.276861e-01
6288,	2.276605e-01
6289,	2.276349e-01
6290,	2.276093e-01
6291,	2.275837e-01
6292,	2.275581e-01
6293,	2.275325e-01
6294,	2.275069e-01
6295,	2.274813e-01
6296,	2.274557e-01
6297,	2.274301e-01
6298,	2.274045e-01
6299,	2.273789e-01
6300,	2.273533e-01
6301,	2.273277e-01
6302,	2.273021e-01
6303,	2.272765e-01
6304,	2.272509e-01
6305,	2.272254e-01
6306,	2.271998e-01
6307,	2.271742e-01
6308,	2.271486e-01
6309,	2.271230e-01
6310,	2.270974e-01
6311,	2.270718e-01
6312,	2.270462e-01
6313,	2.270206e-01
6314,	2.269950e-01
6315,	2.269694e-01
6316,	2.269438e-01
6317,	2.269182e-01
6318,	2.268926e-01
6319,	2.268670e-01
6320,	2.268414e-01
6321,	2.268159e-01
6322,	2.267903e-01
6323,	2.267647e-01
6324,	2.267391e-01
6325,	2.267135e-01
6326,	2.266879e-01
6327,	2.266623e-01
6328,	2.266367e-01
6329,	2.266111e-01
6330,	2.265855e-01
6331,	2.265600e-01
6332,	2.265344e-01
6333,	2.265088e-01
6334,	2.264832e-01
6335,	2.264576e-01
6336,	2.264320e-01
6337,	2.264064e-01
6338,	2.263809e-01
6339,	2.263553e-01
6340,	2.263297e-01
6341,	2.263041e-01
6342,	2.262785e-01
6343,	2.262529e-01
6344,	2.262274e-01
6345,	2.262018e-01
6346,	2.261762e-01
6347,	2.261506e-01
6348,	2.261250e-01
6349,	2.260994e-01
6350,	2.260739e-01
6351,	2.260483e-01
6352,	2.260227e-01
6353,	2.259971e-01
6354,	2.259715e-01
6355,	2.259460e-01
6356,	2.259204e-01
6357,	2.258948e-01
6358,	2.258692e-01
6359,	2.258436e-01
6360,	2.258181e-01
6361,	2.257925e-01
6362,	2.257669e-01
6363,	2.257413e-01
6364,	2.257158e-01
6365,	2.256902e-01
6366,	2.256646e-01
6367,	2.256390e-01
6368,	2.256135e-01
6369,	2.255879e-01
6370,	2.255623e-01
6371,	2.255367e-01
6372,	2.255112e-01
6373,	2.254856e-01
6374,	2.254600e-01
6375,	2.254344e-01
6376,	2.254089e-01
6377,	2.253833e-01
6378,	2.253577e-01
6379,	2.253322e-01
6380,	2.253066e-01
6381,	2.252810e-01
6382,	2.252554e-01
6383,	2.252299e-01
6384,	2.252043e-01
6385,	2.251787e-01
6386,	2.251532e-01
6387,	2.251276e-01
6388,	2.251020e-01
6389,	2.250765e-01
6390,	2.250509e-01
6391,	2.250253e-01
6392,	2.249998e-01
6393,	2.249742e-01
6394,	2.249486e-01
6395,	2.249231e-01
6396,	2.248975e-01
6397,	2.248719e-01
6398,	2.248464e-01
6399,	2.248208e-01
6400,	2.247952e-01
6401,	2.247697e-01
6402,	2.247441e-01
6403,	2.247186e-01
6404,	2.246930e-01
6405,	2.246674e-01
6406,	2.246419e-01
6407,	2.246163e-01
6408,	2.245907e-01
6409,	2.245652e-01
6410,	2.245396e-01
6411,	2.245141e-01
6412,	2.244885e-01
6413,	2.244629e-01
6414,	2.244374e-01
6415,	2.244118e-01
6416,	2.243863e-01
6417,	2.243607e-01
6418,	2.243351e-01
6419,	2.243096e-01
6420,	2.242840e-01
6421,	2.242585e-01
6422,	2.242329e-01
6423,	2.242074e-01
6424,	2.241818e-01
6425,	2.241563e-01
6426,	2.241307e-01
6427,	2.241051e-01
6428,	2.240796e-01
6429,	2.240540e-01
6430,	2.240285e-01
6431,	2.240029e-01
6432,	2.239774e-01
6433,	2.239518e-01
6434,	2.239263e-01
6435,	2.239007e-01
6436,	2.238752e-01
6437,	2.238496e-01
6438,	2.238241e-01
6439,	2.237985e-01
6440,	2.237730e-01
6441,	2.237474e-01
6442,	2.237219e-01
6443,	2.236963e-01
6444,	2.236708e-01
6445,	2.236452e-01
6446,	2.236197e-01
6447,	2.235941e-01
6448,	2.235686e-01
6449,	2.235430e-01
6450,	2.235175e-01
6451,	2.234919e-01
6452,	2.234664e-01
6453,	2.234408e-01
6454,	2.234153e-01
6455,	2.233897e-01
6456,	2.233642e-01
6457,	2.233387e-01
6458,	2.233131e-01
6459,	2.232876e-01
6460,	2.232620e-01
6461,	2.232365e-01
6462,	2.232109e-01
6463,	2.231854e-01
6464,	2.231599e-01
6465,	2.231343e-01
6466,	2.231088e-01
6467,	2.230832e-01
6468,	2.230577e-01
6469,	2.230321e-01
6470,	2.230066e-01
6471,	2.229811e-01
6472,	2.229555e-01
6473,	2.229300e-01
6474,	2.229045e-01
6475,	2.228789e-01
6476,	2.228534e-01
6477,	2.228278e-01
6478,	2.228023e-01
6479,	2.227768e-01
6480,	2.227512e-01
6481,	2.227257e-01
6482,	2.227002e-01
6483,	2.226746e-01
6484,	2.226491e-01
6485,	2.226235e-01
6486,	2.225980e-01
6487,	2.225725e-01
6488,	2.225469e-01
6489,	2.225214e-01
6490,	2.224959e-01
6491,	2.224703e-01
6492,	2.224448e-01
6493,	2.224193e-01
6494,	2.223938e-01
6495,	2.223682e-01
6496,	2.223427e-01
6497,	2.223172e-01
6498,	2.222916e-01
6499,	2.222661e-01
6500,	2.222406e-01
6501,	2.222150e-01
6502,	2.221895e-01
6503,	2.221640e-01
6504,	2.221385e-01
6505,	2.221129e-01
6506,	2.220874e-01
6507,	2.220619e-01
6508,	2.220363e-01
6509,	2.220108e-01
6510,	2.219853e-01
6511,	2.219598e-01
6512,	2.219342e-01
6513,	2.219087e-01
6514,	2.218832e-01
6515,	2.218577e-01
6516,	2.218321e-01
6517,	2.218066e-01
6518,	2.217811e-01
6519,	2.217556e-01
6520,	2.217300e-01
6521,	2.217045e-01
6522,	2.216790e-01
6523,	2.216535e-01
6524,	2.216280e-01
6525,	2.216024e-01
6526,	2.215769e-01
6527,	2.215514e-01
6528,	2.215259e-01
6529,	2.215004e-01
6530,	2.214748e-01
6531,	2.214493e-01
6532,	2.214238e-01
6533,	2.213983e-01
6534,	2.213728e-01
6535,	2.213472e-01
6536,	2.213217e-01
6537,	2.212962e-01
6538,	2.212707e-01
6539,	2.212452e-01
6540,	2.212197e-01
6541,	2.211941e-01
6542,	2.211686e-01
6543,	2.211431e-01
6544,	2.211176e-01
6545,	2.210921e-01
6546,	2.210666e-01
6547,	2.210411e-01
6548,	2.210155e-01
6549,	2.209900e-01
6550,	2.209645e-01
6551,	2.209390e-01
6552,	2.209135e-01
6553,	2.208880e-01
6554,	2.208625e-01
6555,	2.208370e-01
6556,	2.208115e-01
6557,	2.207859e-01
6558,	2.207604e-01
6559,	2.207349e-01
6560,	2.207094e-01
6561,	2.206839e-01
6562,	2.206584e-01
6563,	2.206329e-01
6564,	2.206074e-01
6565,	2.205819e-01
6566,	2.205564e-01
6567,	2.205309e-01
6568,	2.205054e-01
6569,	2.204799e-01
6570,	2.204543e-01
6571,	2.204288e-01
6572,	2.204033e-01
6573,	2.203778e-01
6574,	2.203523e-01
6575,	2.203268e-01
6576,	2.203013e-01
6577,	2.202758e-01
6578,	2.202503e-01
6579,	2.202248e-01
6580,	2.201993e-01
6581,	2.201738e-01
6582,	2.201483e-01
6583,	2.201228e-01
6584,	2.200973e-01
6585,	2.200718e-01
6586,	2.200463e-01
6587,	2.200208e-01
6588,	2.199953e-01
6589,	2.199698e-01
6590,	2.199443e-01
6591,	2.199188e-01
6592,	2.198933e-01
6593,	2.198678e-01
6594,	2.198423e-01
6595,	2.198168e-01
6596,	2.197913e-01
6597,	2.197658e-01
6598,	2.197403e-01
6599,	2.197148e-01
6600,	2.196893e-01
6601,	2.196638e-01
6602,	2.196384e-01
6603,	2.196129e-01
6604,	2.195874e-01
6605,	2.195619e-01
6606,	2.195364e-01
6607,	2.195109e-01
6608,	2.194854e-01
6609,	2.194599e-01
6610,	2.194344e-01
6611,	2.194089e-01
6612,	2.193834e-01
6613,	2.193579e-01
6614,	2.193324e-01
6615,	2.193070e-01
6616,	2.192815e-01
6617,	2.192560e-01
6618,	2.192305e-01
6619,	2.192050e-01
6620,	2.191795e-01
6621,	2.191540e-01
6622,	2.191285e-01
6623,	2.191031e-01
6624,	2.190776e-01
6625,	2.190521e-01
6626,	2.190266e-01
6627,	2.190011e-01
6628,	2.189756e-01
6629,	2.189501e-01
6630,	2.189247e-01
6631,	2.188992e-01
6632,	2.188737e-01
6633,	2.188482e-01
6634,	2.188227e-01
6635,	2.187972e-01
6636,	2.187718e-01
6637,	2.187463e-01
6638,	2.187208e-01
6639,	2.186953e-01
6640,	2.186698e-01
6641,	2.186443e-01
6642,	2.186189e-01
6643,	2.185934e-01
6644,	2.185679e-01
6645,	2.185424e-01
6646,	2.185169e-01
6647,	2.184915e-01
6648,	2.184660e-01
6649,	2.184405e-01
6650,	2.184150e-01
6651,	2.183896e-01
6652,	2.183641e-01
6653,	2.183386e-01
6654,	2.183131e-01
6655,	2.182877e-01
6656,	2.182622e-01
6657,	2.182367e-01
6658,	2.182112e-01
6659,	2.181858e-01
6660,	2.181603e-01
6661,	2.181348e-01
6662,	2.181093e-01
6663,	2.180839e-01
6664,	2.180584e-01
6665,	2.180329e-01
6666,	2.180074e-01
6667,	2.179820e-01
6668,	2.179565e-01
6669,	2.179310e-01
6670,	2.179056e-01
6671,	2.178801e-01
6672,	2.178546e-01
6673,	2.178292e-01
6674,	2.178037e-01
6675,	2.177782e-01
6676,	2.177527e-01
6677,	2.177273e-01
6678,	2.177018e-01
6679,	2.176763e-01
6680,	2.176509e-01
6681,	2.176254e-01
6682,	2.175999e-01
6683,	2.175745e-01
6684,	2.175490e-01
6685,	2.175236e-01
6686,	2.174981e-01
6687,	2.174726e-01
6688,	2.174472e-01
6689,	2.174217e-01
6690,	2.173962e-01
6691,	2.173708e-01
6692,	2.173453e-01
6693,	2.173198e-01
6694,	2.172944e-01
6695,	2.172689e-01
6696,	2.172435e-01
6697,	2.172180e-01
6698,	2.171925e-01
6699,	2.171671e-01
6700,	2.171416e-01
6701,	2.171162e-01
6702,	2.170907e-01
6703,	2.170652e-01
6704,	2.170398e-01
6705,	2.170143e-01
6706,	2.169889e-01
6707,	2.169634e-01
6708,	2.169380e-01
6709,	2.169125e-01
6710,	2.168870e-01
6711,	2.168616e-01
6712,	2.168361e-01
6713,	2.168107e-01
6714,	2.167852e-01
6715,	2.167598e-01
6716,	2.167343e-01
6717,	2.167089e-01
6718,	2.166834e-01
6719,	2.166580e-01
6720,	2.166325e-01
6721,	2.166070e-01
6722,	2.165816e-01
6723,	2.165561e-01
6724,	2.165307e-01
6725,	2.165052e-01
6726,	2.164798e-01
6727,	2.164543e-01
6728,	2.164289e-01
6729,	2.164034e-01
6730,	2.163780e-01
6731,	2.163525e-01
6732,	2.163271e-01
6733,	2.163017e-01
6734,	2.162762e-01
6735,	2.162508e-01
6736,	2.162253e-01
6737,	2.161999e-01
6738,	2.161744e-01
6739,	2.161490e-01
6740,	2.161235e-01
6741,	2.160981e-01
6742,	2.160726e-01
6743,	2.160472e-01
6744,	2.160218e-01
6745,	2.159963e-01
6746,	2.159709e-01
6747,	2.159454e-01
6748,	2.159200e-01
6749,	2.158945e-01
6750,	2.158691e-01
6751,	2.158437e-01
6752,	2.158182e-01
6753,	2.157928e-01
6754,	2.157673e-01
6755,	2.157419e-01
6756,	2.157165e-01
6757,	2.156910e-01
6758,	2.156656e-01
6759,	2.156401e-01
6760,	2.156147e-01
6761,	2.155893e-01
6762,	2.155638e-01
6763,	2.155384e-01
6764,	2.155130e-01
6765,	2.154875e-01
6766,	2.154621e-01
6767,	2.154366e-01
6768,	2.154112e-01
6769,	2.153858e-01
6770,	2.153603e-01
6771,	2.153349e-01
6772,	2.153095e-01
6773,	2.152840e-01
6774,	2.152586e-01
6775,	2.152332e-01
6776,	2.152077e-01
6777,	2.151823e-01
6778,	2.151569e-01
6779,	2.151314e-01
6780,	2.151060e-01
6781,	2.150806e-01
6782,	2.150552e-01
6783,	2.150297e-01
6784,	2.150043e-01
6785,	2.149789e-01
6786,	2.149534e-01
6787,	2.149280e-01
6788,	2.149026e-01
6789,	2.148772e-01
6790,	2.148517e-01
6791,	2.148263e-01
6792,	2.148009e-01
6793,	2.147755e-01
6794,	2.147500e-01
6795,	2.147246e-01
6796,	2.146992e-01
6797,	2.146738e-01
6798,	2.146483e-01
6799,	2.146229e-01
6800,	2.145975e-01
6801,	2.145721e-01
6802,	2.145466e-01
6803,	2.145212e-01
6804,	2.144958e-01
6805,	2.144704e-01
6806,	2.144449e-01
6807,	2.144195e-01
6808,	2.143941e-01
6809,	2.143687e-01
6810,	2.143433e-01
6811,	2.143178e-01
6812,	2.142924e-01
6813,	2.142670e-01
6814,	2.142416e-01
6815,	2.142162e-01
6816,	2.141908e-01
6817,	2.141653e-01
6818,	2.141399e-01
6819,	2.141145e-01
6820,	2.140891e-01
6821,	2.140637e-01
6822,	2.140383e-01
6823,	2.140128e-01
6824,	2.139874e-01
6825,	2.139620e-01
6826,	2.139366e-01
6827,	2.139112e-01
6828,	2.138858e-01
6829,	2.138604e-01
6830,	2.138350e-01
6831,	2.138095e-01
6832,	2.137841e-01
6833,	2.137587e-01
6834,	2.137333e-01
6835,	2.137079e-01
6836,	2.136825e-01
6837,	2.136571e-01
6838,	2.136317e-01
6839,	2.136063e-01
6840,	2.135809e-01
6841,	2.135554e-01
6842,	2.135300e-01
6843,	2.135046e-01
6844,	2.134792e-01
6845,	2.134538e-01
6846,	2.134284e-01
6847,	2.134030e-01
6848,	2.133776e-01
6849,	2.133522e-01
6850,	2.133268e-01
6851,	2.133014e-01
6852,	2.132760e-01
6853,	2.132506e-01
6854,	2.132252e-01
6855,	2.131998e-01
6856,	2.131744e-01
6857,	2.131490e-01
6858,	2.131236e-01
6859,	2.130982e-01
6860,	2.130728e-01
6861,	2.130474e-01
6862,	2.130220e-01
6863,	2.129966e-01
6864,	2.129712e-01
6865,	2.129458e-01
6866,	2.129204e-01
6867,	2.128950e-01
6868,	2.128696e-01
6869,	2.128442e-01
6870,	2.128188e-01
6871,	2.127934e-01
6872,	2.127680e-01
6873,	2.127426e-01
6874,	2.127172e-01
6875,	2.126918e-01
6876,	2.126664e-01
6877,	2.126410e-01
6878,	2.126156e-01
6879,	2.125902e-01
6880,	2.125648e-01
6881,	2.125394e-01
6882,	2.125140e-01
6883,	2.124886e-01
6884,	2.124632e-01
6885,	2.124378e-01
6886,	2.124125e-01
6887,	2.123871e-01
6888,	2.123617e-01
6889,	2.123363e-01
6890,	2.123109e-01
6891,	2.122855e-01
6892,	2.122601e-01
6893,	2.122347e-01
6894,	2.122093e-01
6895,	2.121840e-01
6896,	2.121586e-01
6897,	2.121332e-01
6898,	2.121078e-01
6899,	2.120824e-01
6900,	2.120570e-01
6901,	2.120316e-01
6902,	2.120062e-01
6903,	2.119809e-01
6904,	2.119555e-01
6905,	2.119301e-01
6906,	2.119047e-01
6907,	2.118793e-01
6908,	2.118539e-01
6909,	2.118286e-01
6910,	2.118032e-01
6911,	2.117778e-01
6912,	2.117524e-01
6913,	2.117270e-01
6914,	2.117017e-01
6915,	2.116763e-01
6916,	2.116509e-01
6917,	2.116255e-01
6918,	2.116001e-01
6919,	2.115748e-01
6920,	2.115494e-01
6921,	2.115240e-01
6922,	2.114986e-01
6923,	2.114732e-01
6924,	2.114479e-01
6925,	2.114225e-01
6926,	2.113971e-01
6927,	2.113717e-01
6928,	2.113464e-01
6929,	2.113210e-01
6930,	2.112956e-01
6931,	2.112702e-01
6932,	2.112449e-01
6933,	2.112195e-01
6934,	2.111941e-01
6935,	2.111687e-01
6936,	2.111434e-01
6937,	2.111180e-01
6938,	2.110926e-01
6939,	2.110673e-01
6940,	2.110419e-01
6941,	2.110165e-01
6942,	2.109911e-01
6943,	2.109658e-01
6944,	2.109404e-01
6945,	2.109150e-01
6946,	2.108897e-01
6947,	2.108643e-01
6948,	2.108389e-01
6949,	2.108136e-01
6950,	2.107882e-01
6951,	2.107628e-01
6952,	2.107375e-01
6953,	2.107121e-01
6954,	2.106867e-01
6955,	2.106614e-01
6956,	2.106360e-01
6957,	2.106106e-01
6958,	2.105853e-01
6959,	2.105599e-01
6960,	2.105345e-01
6961,	2.105092e-01
6962,	2.104838e-01
6963,	2.104585e-01
6964,	2.104331e-01
6965,	2.104077e-01
6966,	2.103824e-01
6967,	2.103570e-01
6968,	2.103316e-01
6969,	2.103063e-01
6970,	2.102809e-01
6971,	2.102556e-01
6972,	2.102302e-01
6973,	2.102048e-01
6974,	2.101795e-01
6975,	2.101541e-01
6976,	2.101288e-01
6977,	2.101034e-01
6978,	2.100781e-01
6979,	2.100527e-01
6980,	2.100273e-01
6981,	2.100020e-01
6982,	2.099766e-01
6983,	2.099513e-01
6984,	2.099259e-01
6985,	2.099006e-01
6986,	2.098752e-01
6987,	2.098499e-01
6988,	2.098245e-01
6989,	2.097992e-01
6990,	2.097738e-01
6991,	2.097485e-01
6992,	2.097231e-01
6993,	2.096978e-01
6994,	2.096724e-01
6995,	2.096471e-01
6996,	2.096217e-01
6997,	2.095964e-01
6998,	2.095710e-01
6999,	2.095457e-01
7000,	2.095203e-01
7001,	2.094950e-01
7002,	2.094696e-01
7003,	2.094443e-01
7004,	2.094189e-01
7005,	2.093936e-01
7006,	2.093682e-01
7007,	2.093429e-01
7008,	2.093175e-01
7009,	2.092922e-01
7010,	2.092669e-01
7011,	2.092415e-01
7012,	2.092162e-01
7013,	2.091908e-01
7014,	2.091655e-01
7015,	2.091401e-01
7016,	2.091148e-01
7017,	2.090895e-01
7018,	2.090641e-01
7019,	2.090388e-01
7020,	2.090134e-01
7021,	2.089881e-01
7022,	2.089628e-01
7023,	2.089374e-01
7024,	2.089121e-01
7025,	2.088867e-01
7026,	2.088614e-01
7027,	2.088361e-01
7028,	2.088107e-01
7029,	2.087854e-01
7030,	2.087601e-01
7031,	2.087347e-01
7032,	2.087094e-01
7033,	2.086840e-01
7034,	2.086587e-01
7035,	2.086334e-01
7036,	2.086080e-01
7037,	2.085827e-01
7038,	2.085574e-01
7039,	2.085320e-01
7040,	2.085067e-01
7041,	2.084814e-01
7042,	2.084560e-01
7043,	2.084307e-01
7044,	2.084054e-01
7045,	2.083801e-01
7046,	2.083547e-01
7047,	2.083294e-01
7048,	2.083041e-01
7049,	2.082787e-01
7050,	2.082534e-01
7051,	2.082281e-01
7052,	2.082027e-01
7053,	2.081774e-01
7054,	2.081521e-01
7055,	2.081268e-01
7056,	2.081014e-01
7057,	2.080761e-01
7058,	2.080508e-01
7059,	2.080255e-01
7060,	2.080001e-01
7061,	2.079748e-01
7062,	2.079495e-01
7063,	2.079242e-01
7064,	2.078988e-01
7065,	2.078735e-01
7066,	2.078482e-01
7067,	2.078229e-01
7068,	2.077976e-01
7069,	2.077722e-01
7070,	2.077469e-01
7071,	2.077216e-01
7072,	2.076963e-01
7073,	2.076710e-01
7074,	2.076456e-01
7075,	2.076203e-01
7076,	2.075950e-01
7077,	2.075697e-01
7078,	2.075444e-01
7079,	2.075190e-01
7080,	2.074937e-01
7081,	2.074684e-01
7082,	2.074431e-01
7083,	2.074178e-01
7084,	2.073925e-01
7085,	2.073671e-01
7086,	2.073418e-01
7087,	2.073165e-01
7088,	2.072912e-01
7089,	2.072659e-01
7090,	2.072406e-01
7091,	2.072153e-01
7092,	2.071900e-01
7093,	2.071646e-01
7094,	2.071393e-01
7095,	2.071140e-01
7096,	2.070887e-01
7097,	2.070634e-01
7098,	2.070381e-01
7099,	2.070128e-01
7100,	2.069875e-01
7101,	2.069622e-01
7102,	2.069369e-01
7103,	2.069115e-01
7104,	2.068862e-01
7105,	2.068609e-01
7106,	2.068356e-01
7107,	2.068103e-01
7108,	2.067850e-01
7109,	2.067597e-01
7110,	2.067344e-01
7111,	2.067091e-01
7112,	2.066838e-01
7113,	2.066585e-01
7114,	2.066332e-01
7115,	2.066079e-01
7116,	2.065826e-01
7117,	2.065573e-01
7118,	2.065320e-01
7119,	2.065067e-01
7120,	2.064814e-01
7121,	2.064561e-01
7122,	2.064308e-01
7123,	2.064055e-01
7124,	2.063802e-01
7125,	2.063549e-01
7126,	2.063296e-01
7127,	2.063043e-01
7128,	2.062790e-01
7129,	2.062537e-01
7130,	2.062284e-01
7131,	2.062031e-01
7132,	2.061778e-01
7133,	2.061525e-01
7134,	2.061272e-01
7135,	2.061019e-01
7136,	2.060766e-01
7137,	2.060513e-01
7138,	2.060260e-01
7139,	2.060007e-01
7140,	2.059754e-01
7141,	2.059502e-01
7142,	2.059249e-01
7143,	2.058996e-01
7144,	2.058743e-01
7145,	2.058490e-01
7146,	2.058237e-01
7147,	2.057984e-01
7148,	2.057731e-01
7149,	2.057478e-01
7150,	2.057225e-01
7151,	2.056972e-01
7152,	2.056720e-01
7153,	2.056467e-01
7154,	2.056214e-01
7155,	2.055961e-01
7156,	2.055708e-01
7157,	2.055455e-01
7158,	2.055202e-01
7159,	2.054950e-01
7160,	2.054697e-01
7161,	2.054444e-01
7162,	2.054191e-01
7163,	2.053938e-01
7164,	2.053685e-01
7165,	2.053433e-01
7166,	2.053180e-01
7167,	2.052927e-01
7168,	2.052674e-01
7169,	2.052421e-01
7170,	2.052168e-01
7171,	2.051916e-01
7172,	2.051663e-01
7173,	2.051410e-01
7174,	2.051157e-01
7175,	2.050904e-01
7176,	2.050652e-01
7177,	2.050399e-01
7178,	2.050146e-01
7179,	2.049893e-01
7180,	2.049641e-01
7181,	2.049388e-01
7182,	2.049135e-01
7183,	2.048882e-01
7184,	2.048630e-01
7185,	2.048377e-01
7186,	2.048124e-01
7187,	2.047871e-01
7188,	2.047619e-01
7189,	2.047366e-01
7190,	2.047113e-01
7191,	2.046860e-01
7192,	2.046608e-01
7193,	2.046355e-01
7194,	2.046102e-01
7195,	2.045850e-01
7196,	2.045597e-01
7197,	2.045344e-01
7198,	2.045091e-01
7199,	2.044839e-01
7200,	2.044586e-01
7201,	2.044333e-01
7202,	2.044081e-01
7203,	2.043828e-01
7204,	2.043575e-01
7205,	2.043323e-01
7206,	2.043070e-01
7207,	2.042817e-01
7208,	2.042565e-01
7209,	2.042312e-01
7210,	2.042059e-01
7211,	2.041807e-01
7212,	2.041554e-01
7213,	2.041302e-01
7214,	2.041049e-01
7215,	2.040796e-01
7216,	2.040544e-01
7217,	2.040291e-01
7218,	2.040038e-01
7219,	2.039786e-01
7220,	2.039533e-01
7221,	2.039281e-01
7222,	2.039028e-01
7223,	2.038775e-01
7224,	2.038523e-01
7225,	2.038270e-01
7226,	2.038018e-01
7227,	2.037765e-01
7228,	2.037512e-01
7229,	2.037260e-01
7230,	2.037007e-01
7231,	2.036755e-01
7232,	2.036502e-01
7233,	2.036250e-01
7234,	2.035997e-01
7235,	2.035745e-01
7236,	2.035492e-01
7237,	2.035240e-01
7238,	2.034987e-01
7239,	2.034734e-01
7240,	2.034482e-01
7241,	2.034229e-01
7242,	2.033977e-01
7243,	2.033724e-01
7244,	2.033472e-01
7245,	2.033219e-01
7246,	2.032967e-01
7247,	2.032714e-01
7248,	2.032462e-01
7249,	2.032209e-01
7250,	2.031957e-01
7251,	2.031704e-01
7252,	2.031452e-01
7253,	2.031200e-01
7254,	2.030947e-01
7255,	2.030695e-01
7256,	2.030442e-01
7257,	2.030190e-01
7258,	2.029937e-01
7259,	2.029685e-01
7260,	2.029432e-01
7261,	2.029180e-01
7262,	2.028928e-01
7263,	2.028675e-01
7264,	2.028423e-01
7265,	2.028170e-01
7266,	2.027918e-01
7267,	2.027665e-01
7268,	2.027413e-01
7269,	2.027161e-01
7270,	2.026908e-01
7271,	2.026656e-01
7272,	2.026403e-01
7273,	2.026151e-01
7274,	2.025899e-01
7275,	2.025646e-01
7276,	2.025394e-01
7277,	2.025142e-01
7278,	2.024889e-01
7279,	2.024637e-01
7280,	2.024384e-01
7281,	2.024132e-01
7282,	2.023880e-01
7283,	2.023627e-01
7284,	2.023375e-01
7285,	2.023123e-01
7286,	2.022870e-01
7287,	2.022618e-01
7288,	2.022366e-01
7289,	2.022113e-01
7290,	2.021861e-01
7291,	2.021609e-01
7292,	2.021356e-01
7293,	2.021104e-01
7294,	2.020852e-01
7295,	2.020600e-01
7296,	2.020347e-01
7297,	2.020095e-01
7298,	2.019843e-01
7299,	2.019590e-01
7300,	2.019338e-01
7301,	2.019086e-01
7302,	2.018834e-01
7303,	2.018581e-01
7304,	2.018329e-01
7305,	2.018077e-01
7306,	2.017825e-01
7307,	2.017572e-01
7308,	2.017320e-01
7309,	2.017068e-01
7310,	2.016816e-01
7311,	2.016563e-01
7312,	2.016311e-01
7313,	2.016059e-01
7314,	2.015807e-01
7315,	2.015555e-01
7316,	2.015302e-01
7317,	2.015050e-01
7318,	2.014798e-01
7319,	2.014546e-01
7320,	2.014294e-01
7321,	2.014041e-01
7322,	2.013789e-01
7323,	2.013537e-01
7324,	2.013285e-01
7325,	2.013033e-01
7326,	2.012781e-01
7327,	2.012528e-01
7328,	2.012276e-01
7329,	2.012024e-01
7330,	2.011772e-01
7331,	2.011520e-01
7332,	2.011268e-01
7333,	2.011016e-01
7334,	2.010763e-01
7335,	2.010511e-01
7336,	2.010259e-01
7337,	2.010007e-01
7338,	2.009755e-01
7339,	2.009503e-01
7340,	2.009251e-01
7341,	2.008999e-01
7342,	2.008747e-01
7343,	2.008494e-01
7344,	2.008242e-01
7345,	2.007990e-01
7346,	2.007738e-01
7347,	2.007486e-01
7348,	2.007234e-01
7349,	2.006982e-01
7350,	2.006730e-01
7351,	2.006478e-01
7352,	2.006226e-01
7353,	2.005974e-01
7354,	2.005722e-01
7355,	2.005470e-01
7356,	2.005218e-01
7357,	2.004966e-01
7358,	2.004714e-01
7359,	2.004462e-01
7360,	2.004210e-01
7361,	2.003958e-01
7362,	2.003706e-01
7363,	2.003454e-01
7364,	2.003202e-01
7365,	2.002950e-01
7366,	2.002698e-01
7367,	2.002446e-01
7368,	2.002194e-01
7369,	2.001942e-01
7370,	2.001690e-01
7371,	2.001438e-01
7372,	2.001186e-01
7373,	2.000934e-01
7374,	2.000682e-01
7375,	2.000430e-01
7376,	2.000178e-01
7377,	1.999926e-01
7378,	1.999674e-01
7379,	1.999422e-01
7380,	1.999170e-01
7381,	1.998918e-01
7382,	1.998666e-01
7383,	1.998414e-01
7384,	1.998162e-01
7385,	1.997910e-01
7386,	1.997659e-01
7387,	1.997407e-01
7388,	1.997155e-01
7389,	1.996903e-01
7390,	1.996651e-01
7391,	1.996399e-01
7392,	1.996147e-01
7393,	1.995895e-01
7394,	1.995643e-01
7395,	1.995392e-01
7396,	1.995140e-01
7397,	1.994888e-01
7398,	1.994636e-01
7399,	1.994384e-01
7400,	1.994132e-01
7401,	1.993880e-01
7402,	1.993629e-01
7403,	1.993377e-01
7404,	1.993125e-01
7405,	1.992873e-01
7406,	1.992621e-01
7407,	1.992370e-01
7408,	1.992118e-01
7409,	1.991866e-01
7410,	1.991614e-01
7411,	1.991362e-01
7412,	1.991111e-01
7413,	1.990859e-01
7414,	1.990607e-01
7415,	1.990355e-01
7416,	1.990103e-01
7417,	1.989852e-01
7418,	1.989600e-01
7419,	1.989348e-01
7420,	1.989096e-01
7421,	1.988845e-01
7422,	1.988593e-01
7423,	1.988341e-01
7424,	1.988089e-01
7425,	1.987838e-01
7426,	1.987586e-01
7427,	1.987334e-01
7428,	1.987082e-01
7429,	1.986831e-01
7430,	1.986579e-01
7431,	1.986327e-01
7432,	1.986076e-01
7433,	1.985824e-01
7434,	1.985572e-01
7435,	1.985320e-01
7436,	1.985069e-01
7437,	1.984817e-01
7438,	1.984565e-01
7439,	1.984314e-01
7440,	1.984062e-01
7441,	1.983810e-01
7442,	1.983559e-01
7443,	1.983307e-01
7444,	1.983055e-01
7445,	1.982804e-01
7446,	1.982552e-01
7447,	1.982301e-01
7448,	1.982049e-01
7449,	1.981797e-01
7450,	1.981546e-01
7451,	1.981294e-01
7452,	1.981042e-01
7453,	1.980791e-01
7454,	1.980539e-01
7455,	1.980288e-01
7456,	1.980036e-01
7457,	1.979784e-01
7458,	1.979533e-01
7459,	1.979281e-01
7460,	1.979030e-01
7461,	1.978778e-01
7462,	1.978526e-01
7463,	1.978275e-01
7464,	1.978023e-01
7465,	1.977772e-01
7466,	1.977520e-01
7467,	1.977269e-01
7468,	1.977017e-01
7469,	1.976766e-01
7470,	1.976514e-01
7471,	1.976262e-01
7472,	1.976011e-01
7473,	1.975759e-01
7474,	1.975508e-01
7475,	1.975256e-01
7476,	1.975005e-01
7477,	1.974753e-01
7478,	1.974502e-01
7479,	1.974250e-01
7480,	1.973999e-01
7481,	1.973747e-01
7482,	1.973496e-01
7483,	1.973244e-01
7484,	1.972993e-01
7485,	1.972742e-01
7486,	1.972490e-01
7487,	1.972239e-01
7488,	1.971987e-01
7489,	1.971736e-01
7490,	1.971484e-01
7491,	1.971233e-01
7492,	1.970981e-01
7493,	1.970730e-01
7494,	1.970478e-01
7495,	1.970227e-01
7496,	1.969976e-01
7497,	1.969724e-01
7498,	1.969473e-01
7499,	1.969221e-01
7500,	1.968970e-01
7501,	1.968719e-01
7502,	1.968467e-01
7503,	1.968216e-01
7504,	1.967964e-01
7505,	1.967713e-01
7506,	1.967462e-01
7507,	1.967210e-01
7508,	1.966959e-01
7509,	1.966708e-01
7510,	1.966456e-01
7511,	1.966205e-01
7512,	1.965954e-01
7513,	1.965702e-01
7514,	1.965451e-01
7515,	1.965200e-01
7516,	1.964948e-01
7517,	1.964697e-01
7518,	1.964446e-01
7519,	1.964194e-01
7520,	1.963943e-01
7521,	1.963692e-01
7522,	1.963440e-01
7523,	1.963189e-01
7524,	1.962938e-01
7525,	1.962686e-01
7526,	1.962435e-01
7527,	1.962184e-01
7528,	1.961933e-01
7529,	1.961681e-01
7530,	1.961430e-01
7531,	1.961179e-01
7532,	1.960928e-01
7533,	1.960676e-01
7534,	1.960425e-01
7535,	1.960174e-01
7536,	1.959923e-01
7537,	1.959671e-01
7538,	1.959420e-01
7539,	1.959169e-01
7540,	1.958918e-01
7541,	1.958666e-01
7542,	1.958415e-01
7543,	1.958164e-01
7544,	1.957913e-01
7545,	1.957662e-01
7546,	1.957410e-01
7547,	1.957159e-01
7548,	1.956908e-01
7549,	1.956657e-01
7550,	1.956406e-01
7551,	1.956155e-01
7552,	1.955903e-01
7553,	1.955652e-01
7554,	1.955401e-01
7555,	1.955150e-01
7556,	1.954899e-01
7557,	1.954648e-01
7558,	1.954397e-01
7559,	1.954145e-01
7560,	1.953894e-01
7561,	1.953643e-01
7562,	1.953392e-01
7563,	1.953141e-01
7564,	1.952890e-01
7565,	1.952639e-01
7566,	1.952388e-01
7567,	1.952136e-01
7568,	1.951885e-01
7569,	1.951634e-01
7570,	1.951383e-01
7571,	1.951132e-01
7572,	1.950881e-01
7573,	1.950630e-01
7574,	1.950379e-01
7575,	1.950128e-01
7576,	1.949877e-01
7577,	1.949626e-01
7578,	1.949375e-01
7579,	1.949124e-01
7580,	1.948873e-01
7581,	1.948622e-01
7582,	1.948371e-01
7583,	1.948120e-01
7584,	1.947869e-01
7585,	1.947618e-01
7586,	1.947367e-01
7587,	1.947116e-01
7588,	1.946865e-01
7589,	1.946614e-01
7590,	1.946363e-01
7591,	1.946112e-01
7592,	1.945861e-01
7593,	1.945610e-01
7594,	1.945359e-01
7595,	1.945108e-01
7596,	1.944857e-01
7597,	1.944606e-01
7598,	1.944355e-01
7599,	1.944104e-01
7600,	1.943853e-01
7601,	1.943602e-01
7602,	1.943351e-01
7603,	1.943100e-01
7604,	1.942849e-01
7605,	1.942598e-01
7606,	1.942347e-01
7607,	1.942097e-01
7608,	1.941846e-01
7609,	1.941595e-01
7610,	1.941344e-01
7611,	1.941093e-01
7612,	1.940842e-01
7613,	1.940591e-01
7614,	1.940340e-01
7615,	1.940089e-01
7616,	1.939839e-01
7617,	1.939588e-01
7618,	1.939337e-01
7619,	1.939086e-01
7620,	1.938835e-01
7621,	1.938584e-01
7622,	1.938333e-01
7623,	1.938083e-01
7624,	1.937832e-01
7625,	1.937581e-01
7626,	1.937330e-01
7627,	1.937079e-01
7628,	1.936829e-01
7629,	1.936578e-01
7630,	1.936327e-01
7631,	1.936076e-01
7632,	1.935825e-01
7633,	1.935575e-01
7634,	1.935324e-01
7635,	1.935073e-01
7636,	1.934822e-01
7637,	1.934572e-01
7638,	1.934321e-01
7639,	1.934070e-01
7640,	1.933819e-01
7641,	1.933568e-01
7642,	1.933318e-01
7643,	1.933067e-01
7644,	1.932816e-01
7645,	1.932566e-01
7646,	1.932315e-01
7647,	1.932064e-01
7648,	1.931813e-01
7649,	1.931563e-01
7650,	1.931312e-01
7651,	1.931061e-01
7652,	1.930811e-01
7653,	1.930560e-01
7654,	1.930309e-01
7655,	1.930059e-01
7656,	1.929808e-01
7657,	1.929557e-01
7658,	1.929307e-01
7659,	1.929056e-01
7660,	1.928805e-01
7661,	1.928555e-01
7662,	1.928304e-01
7663,	1.928053e-01
7664,	1.927803e-01
7665,	1.927552e-01
7666,	1.927301e-01
7667,	1.927051e-01
7668,	1.926800e-01
7669,	1.926550e-01
7670,	1.926299e-01
7671,	1.926048e-01
7672,	1.925798e-01
7673,	1.925547e-01
7674,	1.925297e-01
7675,	1.925046e-01
7676,	1.924795e-01
7677,	1.924545e-01
7678,	1.924294e-01
7679,	1.924044e-01
7680,	1.923793e-01
7681,	1.923543e-01
7682,	1.923292e-01
7683,	1.923041e-01
7684,	1.922791e-01
7685,	1.922540e-01
7686,	1.922290e-01
7687,	1.922039e-01
7688,	1.921789e-01
7689,	1.921538e-01
7690,	1.921288e-01
7691,	1.921037e-01
7692,	1.920787e-01
7693,	1.920536e-01
7694,	1.920286e-01
7695,	1.920035e-01
7696,	1.919785e-01
7697,	1.919534e-01
7698,	1.919284e-01
7699,	1.919033e-01
7700,	1.918783e-01
7701,	1.918532e-01
7702,	1.918282e-01
7703,	1.918032e-01
7704,	1.917781e-01
7705,	1.917531e-01
7706,	1.917280e-01
7707,	1.917030e-01
7708,	1.916779e-01
7709,	1.916529e-01
7710,	1.916279e-01
7711,	1.916028e-01
7712,	1.915778e-01
7713,	1.915527e-01
7714,	1.915277e-01
7715,	1.915027e-01
7716,	1.914776e-01
7717,	1.914526e-01
7718,	1.914275e-01
7719,	1.914025e-01
7720,	1.913775e-01
7721,	1.913524e-01
7722,	1.913274e-01
7723,	1.913024e-01
7724,	1.912773e-01
7725,	1.912523e-01
7726,	1.912273e-01
7727,	1.912022e-01
7728,	1.911772e-01
7729,	1.911522e-01
7730,	1.911271e-01
7731,	1.911021e-01
7732,	1.910771e-01
7733,	1.910520e-01
7734,	1.910270e-01
7735,	1.910020e-01
7736,	1.909770e-01
7737,	1.909519e-01
7738,	1.909269e-01
7739,	1.909019e-01
7740,	1.908768e-01
7741,	1.908518e-01
7742,	1.908268e-01
7743,	1.908018e-01
7744,	1.907767e-01
7745,	1.907517e-01
7746,	1.907267e-01
7747,	1.907017e-01
7748,	1.906766e-01
7749,	1.906516e-01
7750,	1.906266e-01
7751,	1.906016e-01
7752,	1.905766e-01
7753,	1.905515e-01
7754,	1.905265e-01
7755,	1.905015e-01
7756,	1.904765e-01
7757,	1.904515e-01
7758,	1.904264e-01
7759,	1.904014e-01
7760,	1.903764e-01
7761,	1.903514e-01
7762,	1.903264e-01
7763,	1.903014e-01
7764,	1.902764e-01
7765,	1.902513e-01
7766,	1.902263e-01
7767,	1.902013e-01
7768,	1.901763e-01
7769,	1.901513e-01
7770,	1.901263e-01
7771,	1.901013e-01
7772,	1.900763e-01
7773,	1.900512e-01
7774,	1.900262e-01
7775,	1.900012e-01
7776,	1.899762e-01
7777,	1.899512e-01
7778,	1.899262e-01
7779,	1.899012e-01
7780,	1.898762e-01
7781,	1.898512e-01
7782,	1.898262e-01
7783,	1.898012e-01
7784,	1.897762e-01
7785,	1.897512e-01
7786,	1.897262e-01
7787,	1.897011e-01
7788,	1.896761e-01
7789,	1.896511e-01
7790,	1.896261e-01
7791,	1.896011e-01
7792,	1.895761e-01
7793,	1.895511e-01
7794,	1.895261e-01
7795,	1.895011e-01
7796,	1.894761e-01
7797,	1.894511e-01
7798,	1.894261e-01
7799,	1.894011e-01
7800,	1.893762e-01
7801,	1.893512e-01
7802,	1.893262e-01
7803,	1.893012e-01
7804,	1.892762e-01
7805,	1.892512e-01
7806,	1.892262e-01
7807,	1.892012e-01
7808,	1.891762e-01
7809,	1.891512e-01
7810,	1.891262e-01
7811,	1.891012e-01
7812,	1.890762e-01
7813,	1.890512e-01
7814,	1.890263e-01
7815,	1.890013e-01
7816,	1.889763e-01
7817,	1.889513e-01
7818,	1.889263e-01
7819,	1.889013e-01
7820,	1.888763e-01
7821,	1.888513e-01
7822,	1.888264e-01
7823,	1.888014e-01
7824,	1.887764e-01
7825,	1.887514e-01
7826,	1.887264e-01
7827,	1.887014e-01
7828,	1.886764e-01
7829,	1.886515e-01
7830,	1.886265e-01
7831,	1.886015e-01
7832,	1.885765e-01
7833,	1.885515e-01
7834,	1.885266e-01
7835,	1.885016e-01
7836,	1.884766e-01
7837,	1.884516e-01
7838,	1.884266e-01
7839,	1.884017e-01
7840,	1.883767e-01
7841,	1.883517e-01
7842,	1.883267e-01
7843,	1.883018e-01
7844,	1.882768e-01
7845,	1.882518e-01
7846,	1.882268e-01
7847,	1.882019e-01
7848,	1.881769e-01
7849,	1.881519e-01
7850,	1.881270e-01
7851,	1.881020e-01
7852,	1.880770e-01
7853,	1.880520e-01
7854,	1.880271e-01
7855,	1.880021e-01
7856,	1.879771e-01
7857,	1.879522e-01
7858,	1.879272e-01
7859,	1.879022e-01
7860,	1.878773e-01
7861,	1.878523e-01
7862,	1.878273e-01
7863,	1.878024e-01
7864,	1.877774e-01
7865,	1.877524e-01
7866,	1.877275e-01
7867,	1.877025e-01
7868,	1.876776e-01
7869,	1.876526e-01
7870,	1.876276e-01
7871,	1.876027e-01
7872,	1.875777e-01
7873,	1.875528e-01
7874,	1.875278e-01
7875,	1.875028e-01
7876,	1.874779e-01
7877,	1.874529e-01
7878,	1.874280e-01
7879,	1.874030e-01
7880,	1.873781e-01
7881,	1.873531e-01
7882,	1.873281e-01
7883,	1.873032e-01
7884,	1.872782e-01
7885,	1.872533e-01
7886,	1.872283e-01
7887,	1.872034e-01
7888,	1.871784e-01
7889,	1.871535e-01
7890,	1.871285e-01
7891,	1.871036e-01
7892,	1.870786e-01
7893,	1.870537e-01
7894,	1.870287e-01
7895,	1.870038e-01
7896,	1.869788e-01
7897,	1.869539e-01
7898,	1.869289e-01
7899,	1.869040e-01
7900,	1.868790e-01
7901,	1.868541e-01
7902,	1.868292e-01
7903,	1.868042e-01
7904,	1.867793e-01
7905,	1.867543e-01
7906,	1.867294e-01
7907,	1.867044e-01
7908,	1.866795e-01
7909,	1.866546e-01
7910,	1.866296e-01
7911,	1.866047e-01
7912,	1.865797e-01
7913,	1.865548e-01
7914,	1.865299e-01
7915,	1.865049e-01
7916,	1.864800e-01
7917,	1.864551e-01
7918,	1.864301e-01
7919,	1.864052e-01
7920,	1.863802e-01
7921,	1.863553e-01
7922,	1.863304e-01
7923,	1.863054e-01
7924,	1.862805e-01
7925,	1.862556e-01
7926,	1.862306e-01
7927,	1.862057e-01
7928,	1.861808e-01
7929,	1.861559e-01
7930,	1.861309e-01
7931,	1.861060e-01
7932,	1.860811e-01
7933,	1.860561e-01
7934,	1.860312e-01
7935,	1.860063e-01
7936,	1.859814e-01
7937,	1.859564e-01
7938,	1.859315e-01
7939,	1.859066e-01
7940,	1.858817e-01
7941,	1.858567e-01
7942,	1.858318e-01
7943,	1.858069e-01
7944,	1.857820e-01
7945,	1.857570e-01
7946,	1.857321e-01
7947,	1.857072e-01
7948,	1.856823e-01
7949,	1.856574e-01
7950,	1.856324e-01
7951,	1.856075e-01
7952,	1.855826e-01
7953,	1.855577e-01
7954,	1.855328e-01
7955,	1.855079e-01
7956,	1.854829e-01
7957,	1.854580e-01
7958,	1.854331e-01
7959,	1.854082e-01
7960,	1.853833e-01
7961,	1.853584e-01
7962,	1.853335e-01
7963,	1.853085e-01
7964,	1.852836e-01
7965,	1.852587e-01
7966,	1.852338e-01
7967,	1.852089e-01
7968,	1.851840e-01
7969,	1.851591e-01
7970,	1.851342e-01
7971,	1.851093e-01
7972,	1.850844e-01
7973,	1.850594e-01
7974,	1.850345e-01
7975,	1.850096e-01
7976,	1.849847e-01
7977,	1.849598e-01
7978,	1.849349e-01
7979,	1.849100e-01
7980,	1.848851e-01
7981,	1.848602e-01
7982,	1.848353e-01
7983,	1.848104e-01
7984,	1.847855e-01
7985,	1.847606e-01
7986,	1.847357e-01
7987,	1.847108e-01
7988,	1.846859e-01
7989,	1.846610e-01
7990,	1.846361e-01
7991,	1.846112e-01
7992,	1.845863e-01
7993,	1.845614e-01
7994,	1.845365e-01
7995,	1.845116e-01
7996,	1.844867e-01
7997,	1.844618e-01
7998,	1.844369e-01
7999,	1.844120e-01
8000,	1.843872e-01
8001,	1.843623e-01
8002,	1.843374e-01
8003,	1.843125e-01
8004,	1.842876e-01
8005,	1.842627e-01
8006,	1.842378e-01
8007,	1.842129e-01
8008,	1.841880e-01
8009,	1.841631e-01
8010,	1.841383e-01
8011,	1.841134e-01
8012,	1.840885e-01
8013,	1.840636e-01
8014,	1.840387e-01
8015,	1.840138e-01
8016,	1.839889e-01
8017,	1.839641e-01
8018,	1.839392e-01
8019,	1.839143e-01
8020,	1.838894e-01
8021,	1.838645e-01
8022,	1.838397e-01
8023,	1.838148e-01
8024,	1.837899e-01
8025,	1.837650e-01
8026,	1.837401e-01
8027,	1.837153e-01
8028,	1.836904e-01
8029,	1.836655e-01
8030,	1.836406e-01
8031,	1.836158e-01
8032,	1.835909e-01
8033,	1.835660e-01
8034,	1.835411e-01
8035,	1.835163e-01
8036,	1.834914e-01
8037,	1.834665e-01
8038,	1.834416e-01
8039,	1.834168e-01
8040,	1.833919e-01
8041,	1.833670e-01
8042,	1.833422e-01
8043,	1.833173e-01
8044,	1.832924e-01
8045,	1.832675e-01
8046,	1.832427e-01
8047,	1.832178e-01
8048,	1.831929e-01
8049,	1.831681e-01
8050,	1.831432e-01
8051,	1.831183e-01
8052,	1.830935e-01
8053,	1.830686e-01
8054,	1.830438e-01
8055,	1.830189e-01
8056,	1.829940e-01
8057,	1.829692e-01
8058,	1.829443e-01
8059,	1.829194e-01
8060,	1.828946e-01
8061,	1.828697e-01
8062,	1.828449e-01
8063,	1.828200e-01
8064,	1.827952e-01
8065,	1.827703e-01
8066,	1.827454e-01
8067,	1.827206e-01
8068,	1.826957e-01
8069,	1.826709e-01
8070,	1.826460e-01
8071,	1.826212e-01
8072,	1.825963e-01
8073,	1.825715e-01
8074,	1.825466e-01
8075,	1.825218e-01
8076,	1.824969e-01
8077,	1.824721e-01
8078,	1.824472e-01
8079,	1.824224e-01
8080,	1.823975e-01
8081,	1.823727e-01
8082,	1.823478e-01
8083,	1.823230e-01
8084,	1.822981e-01
8085,	1.822733e-01
8086,	1.822484e-01
8087,	1.822236e-01
8088,	1.821987e-01
8089,	1.821739e-01
8090,	1.821490e-01
8091,	1.821242e-01
8092,	1.820994e-01
8093,	1.820745e-01
8094,	1.820497e-01
8095,	1.820248e-01
8096,	1.820000e-01
8097,	1.819752e-01
8098,	1.819503e-01
8099,	1.819255e-01
8100,	1.819006e-01
8101,	1.818758e-01
8102,	1.818510e-01
8103,	1.818261e-01
8104,	1.818013e-01
8105,	1.817765e-01
8106,	1.817516e-01
8107,	1.817268e-01
8108,	1.817020e-01
8109,	1.816771e-01
8110,	1.816523e-01
8111,	1.816275e-01
8112,	1.816026e-01
8113,	1.815778e-01
8114,	1.815530e-01
8115,	1.815281e-01
8116,	1.815033e-01
8117,	1.814785e-01
8118,	1.814536e-01
8119,	1.814288e-01
8120,	1.814040e-01
8121,	1.813792e-01
8122,	1.813543e-01
8123,	1.813295e-01
8124,	1.813047e-01
8125,	1.812799e-01
8126,	1.812550e-01
8127,	1.812302e-01
8128,	1.812054e-01
8129,	1.811806e-01
8130,	1.811558e-01
8131,	1.811309e-01
8132,	1.811061e-01
8133,	1.810813e-01
8134,	1.810565e-01
8135,	1.810317e-01
8136,	1.810068e-01
8137,	1.809820e-01
8138,	1.809572e-01
8139,	1.809324e-01
8140,	1.809076e-01
8141,	1.808828e-01
8142,	1.808579e-01
8143,	1.808331e-01
8144,	1.808083e-01
8145,	1.807835e-01
8146,	1.807587e-01
8147,	1.807339e-01
8148,	1.807091e-01
8149,	1.806843e-01
8150,	1.806594e-01
8151,	1.806346e-01
8152,	1.806098e-01
8153,	1.805850e-01
8154,	1.805602e-01
8155,	1.805354e-01
8156,	1.805106e-01
8157,	1.804858e-01
8158,	1.804610e-01
8159,	1.804362e-01
8160,	1.804114e-01
8161,	1.803866e-01
8162,	1.803618e-01
8163,	1.803370e-01
8164,	1.803122e-01
8165,	1.802874e-01
8166,	1.802626e-01
8167,	1.802378e-01
8168,	1.802130e-01
8169,	1.801882e-01
8170,	1.801634e-01
8171,	1.801386e-01
8172,	1.801138e-01
8173,	1.800890e-01
8174,	1.800642e-01
8175,	1.800394e-01
8176,	1.800146e-01
8177,	1.799898e-01
8178,	1.799650e-01
8179,	1.799402e-01
8180,	1.799154e-01
8181,	1.798906e-01
8182,	1.798658e-01
8183,	1.798410e-01
8184,	1.798162e-01
8185,	1.797914e-01
8186,	1.797667e-01
8187,	1.797419e-01
8188,	1.797171e-01
8189,	1.796923e-01
8190,	1.796675e-01
8191,	1.796427e-01
8192,	1.796179e-01
8193,	1.795931e-01
8194,	1.795684e-01
8195,	1.795436e-01
8196,	1.795188e-01
8197,	1.794940e-01
8198,	1.794692e-01
8199,	1.794444e-01
8200,	1.794197e-01
8201,	1.793949e-01
8202,	1.793701e-01
8203,	1.793453e-01
8204,	1.793205e-01
8205,	1.792958e-01
8206,	1.792710e-01
8207,	1.792462e-01
8208,	1.792214e-01
8209,	1.791967e-01
8210,	1.791719e-01
8211,	1.791471e-01
8212,	1.791223e-01
8213,	1.790976e-01
8214,	1.790728e-01
8215,	1.790480e-01
8216,	1.790232e-01
8217,	1.789985e-01
8218,	1.789737e-01
8219,	1.789489e-01
8220,	1.789242e-01
8221,	1.788994e-01
8222,	1.788746e-01
8223,	1.788498e-01
8224,	1.788251e-01
8225,	1.788003e-01
8226,	1.787755e-01
8227,	1.787508e-01
8228,	1.787260e-01
8229,	1.787012e-01
8230,	1.786765e-01
8231,	1.786517e-01
8232,	1.786270e-01
8233,	1.786022e-01
8234,	1.785774e-01
8235,	1.785527e-01
8236,	1.785279e-01
8237,	1.785032e-01
8238,	1.784784e-01
8239,	1.784536e-01
8240,	1.784289e-01
8241,	1.784041e-01
8242,	1.783794e-01
8243,	1.783546e-01
8244,	1.783298e-01
8245,	1.783051e-01
8246,	1.782803e-01
8247,	1.782556e-01
8248,	1.782308e-01
8249,	1.782061e-01
8250,	1.781813e-01
8251,	1.781566e-01
8252,	1.781318e-01
8253,	1.781071e-01
8254,	1.780823e-01
8255,	1.780576e-01
8256,	1.780328e-01
8257,	1.780081e-01
8258,	1.779833e-01
8259,	1.779586e-01
8260,	1.779338e-01
8261,	1.779091e-01
8262,	1.778843e-01
8263,	1.778596e-01
8264,	1.778348e-01
8265,	1.778101e-01
8266,	1.777854e-01
8267,	1.777606e-01
8268,	1.777359e-01
8269,	1.777111e-01
8270,	1.776864e-01
8271,	1.776617e-01
8272,	1.776369e-01
8273,	1.776122e-01
8274,	1.775874e-01
8275,	1.775627e-01
8276,	1.775380e-01
8277,	1.775132e-01
8278,	1.774885e-01
8279,	1.774638e-01
8280,	1.774390e-01
8281,	1.774143e-01
8282,	1.773896e-01
8283,	1.773648e-01
8284,	1.773401e-01
8285,	1.773154e-01
8286,	1.772906e-01
8287,	1.772659e-01
8288,	1.772412e-01
8289,	1.772164e-01
8290,	1.771917e-01
8291,	1.771670e-01
8292,	1.771423e-01
8293,	1.771175e-01
8294,	1.770928e-01
8295,	1.770681e-01
8296,	1.770433e-01
8297,	1.770186e-01
8298,	1.769939e-01
8299,	1.769692e-01
8300,	1.769445e-01
8301,	1.769197e-01
8302,	1.768950e-01
8303,	1.768703e-01
8304,	1.768456e-01
8305,	1.768208e-01
8306,	1.767961e-01
8307,	1.767714e-01
8308,	1.767467e-01
8309,	1.767220e-01
8310,	1.766973e-01
8311,	1.766725e-01
8312,	1.766478e-01
8313,	1.766231e-01
8314,	1.765984e-01
8315,	1.765737e-01
8316,	1.765490e-01
8317,	1.765243e-01
8318,	1.764995e-01
8319,	1.764748e-01
8320,	1.764501e-01
8321,	1.764254e-01
8322,	1.764007e-01
8323,	1.763760e-01
8324,	1.763513e-01
8325,	1.763266e-01
8326,	1.763019e-01
8327,	1.762772e-01
8328,	1.762525e-01
8329,	1.762278e-01
8330,	1.762030e-01
8331,	1.761783e-01
8332,	1.761536e-01
8333,	1.761289e-01
8334,	1.761042e-01
8335,	1.760795e-01
8336,	1.760548e-01
8337,	1.760301e-01
8338,	1.760054e-01
8339,	1.759807e-01
8340,	1.759560e-01
8341,	1.759313e-01
8342,	1.759066e-01
8343,	1.758819e-01
8344,	1.758572e-01
8345,	1.758326e-01
8346,	1.758079e-01
8347,	1.757832e-01
8348,	1.757585e-01
8349,	1.757338e-01
8350,	1.757091e-01
8351,	1.756844e-01
8352,	1.756597e-01
8353,	1.756350e-01
8354,	1.756103e-01
8355,	1.755856e-01
8356,	1.755609e-01
8357,	1.755363e-01
8358,	1.755116e-01
8359,	1.754869e-01
8360,	1.754622e-01
8361,	1.754375e-01
8362,	1.754128e-01
8363,	1.753881e-01
8364,	1.753635e-01
8365,	1.753388e-01
8366,	1.753141e-01
8367,	1.752894e-01
8368,	1.752647e-01
8369,	1.752400e-01
8370,	1.752154e-01
8371,	1.751907e-01
8372,	1.751660e-01
8373,	1.751413e-01
8374,	1.751166e-01
8375,	1.750920e-01
8376,	1.750673e-01
8377,	1.750426e-01
8378,	1.750179e-01
8379,	1.749933e-01
8380,	1.749686e-01
8381,	1.749439e-01
8382,	1.749192e-01
8383,	1.748946e-01
8384,	1.748699e-01
8385,	1.748452e-01
8386,	1.748206e-01
8387,	1.747959e-01
8388,	1.747712e-01
8389,	1.747466e-01
8390,	1.747219e-01
8391,	1.746972e-01
8392,	1.746726e-01
8393,	1.746479e-01
8394,	1.746232e-01
8395,	1.745986e-01
8396,	1.745739e-01
8397,	1.745492e-01
8398,	1.745246e-01
8399,	1.744999e-01
8400,	1.744752e-01
8401,	1.744506e-01
8402,	1.744259e-01
8403,	1.744013e-01
8404,	1.743766e-01
8405,	1.743519e-01
8406,	1.743273e-01
8407,	1.743026e-01
8408,	1.742780e-01
8409,	1.742533e-01
8410,	1.742287e-01
8411,	1.742040e-01
8412,	1.741794e-01
8413,	1.741547e-01
8414,	1.741300e-01
8415,	1.741054e-01
8416,	1.740807e-01
8417,	1.740561e-01
8418,	1.740314e-01
8419,	1.740068e-01
8420,	1.739821e-01
8421,	1.739575e-01
8422,	1.739328e-01
8423,	1.739082e-01
8424,	1.738836e-01
8425,	1.738589e-01
8426,	1.738343e-01
8427,	1.738096e-01
8428,	1.737850e-01
8429,	1.737603e-01
8430,	1.737357e-01
8431,	1.737110e-01
8432,	1.736864e-01
8433,	1.736618e-01
8434,	1.736371e-01
8435,	1.736125e-01
8436,	1.735878e-01
8437,	1.735632e-01
8438,	1.735386e-01
8439,	1.735139e-01
8440,	1.734893e-01
8441,	1.734647e-01
8442,	1.734400e-01
8443,	1.734154e-01
8444,	1.733908e-01
8445,	1.733661e-01
8446,	1.733415e-01
8447,	1.733169e-01
8448,	1.732922e-01
8449,	1.732676e-01
8450,	1.732430e-01
8451,	1.732183e-01
8452,	1.731937e-01
8453,	1.731691e-01
8454,	1.731445e-01
8455,	1.731198e-01
8456,	1.730952e-01
8457,	1.730706e-01
8458,	1.730459e-01
8459,	1.730213e-01
8460,	1.729967e-01
8461,	1.729721e-01
8462,	1.729475e-01
8463,	1.729228e-01
8464,	1.728982e-01
8465,	1.728736e-01
8466,	1.728490e-01
8467,	1.728244e-01
8468,	1.727997e-01
8469,	1.727751e-01
8470,	1.727505e-01
8471,	1.727259e-01
8472,	1.727013e-01
8473,	1.726767e-01
8474,	1.726520e-01
8475,	1.726274e-01
8476,	1.726028e-01
8477,	1.725782e-01
8478,	1.725536e-01
8479,	1.725290e-01
8480,	1.725044e-01
8481,	1.724798e-01
8482,	1.724551e-01
8483,	1.724305e-01
8484,	1.724059e-01
8485,	1.723813e-01
8486,	1.723567e-01
8487,	1.723321e-01
8488,	1.723075e-01
8489,	1.722829e-01
8490,	1.722583e-01
8491,	1.722337e-01
8492,	1.722091e-01
8493,	1.721845e-01
8494,	1.721599e-01
8495,	1.721353e-01
8496,	1.721107e-01
8497,	1.720861e-01
8498,	1.720615e-01
8499,	1.720369e-01
8500,	1.720123e-01
8501,	1.719877e-01
8502,	1.719631e-01
8503,	1.719385e-01
8504,	1.719139e-01
8505,	1.718893e-01
8506,	1.718647e-01
8507,	1.718401e-01
8508,	1.718155e-01
8509,	1.717909e-01
8510,	1.717663e-01
8511,	1.717417e-01
8512,	1.717172e-01
8513,	1.716926e-01
8514,	1.716680e-01
8515,	1.716434e-01
8516,	1.716188e-01
8517,	1.715942e-01
8518,	1.715696e-01
8519,	1.715450e-01
8520,	1.715205e-01
8521,	1.714959e-01
8522,	1.714713e-01
8523,	1.714467e-01
8524,	1.714221e-01
8525,	1.713975e-01
8526,	1.713730e-01
8527,	1.713484e-01
8528,	1.713238e-01
8529,	1.712992e-01
8530,	1.712746e-01
8531,	1.712501e-01
8532,	1.712255e-01
8533,	1.712009e-01
8534,	1.711763e-01
8535,	1.711518e-01
8536,	1.711272e-01
8537,	1.711026e-01
8538,	1.710780e-01
8539,	1.710535e-01
8540,	1.710289e-01
8541,	1.710043e-01
8542,	1.709798e-01
8543,	1.709552e-01
8544,	1.709306e-01
8545,	1.709060e-01
8546,	1.708815e-01
8547,	1.708569e-01
8548,	1.708323e-01
8549,	1.708078e-01
8550,	1.707832e-01
8551,	1.707587e-01
8552,	1.707341e-01
8553,	1.707095e-01
8554,	1.706850e-01
8555,	1.706604e-01
8556,	1.706358e-01
8557,	1.706113e-01
8558,	1.705867e-01
8559,	1.705622e-01
8560,	1.705376e-01
8561,	1.705130e-01
8562,	1.704885e-01
8563,	1.704639e-01
8564,	1.704394e-01
8565,	1.704148e-01
8566,	1.703903e-01
8567,	1.703657e-01
8568,	1.703412e-01
8569,	1.703166e-01
8570,	1.702921e-01
8571,	1.702675e-01
8572,	1.702429e-01
8573,	1.702184e-01
8574,	1.701939e-01
8575,	1.701693e-01
8576,	1.701448e-01
8577,	1.701202e-01
8578,	1.700957e-01
8579,	1.700711e-01
8580,	1.700466e-01
8581,	1.700220e-01
8582,	1.699975e-01
8583,	1.699729e-01
8584,	1.699484e-01
8585,	1.699239e-01
8586,	1.698993e-01
8587,	1.698748e-01
8588,	1.698502e-01
8589,	1.698257e-01
8590,	1.698012e-01
8591,	1.697766e-01
8592,	1.697521e-01
8593,	1.697275e-01
8594,	1.697030e-01
8595,	1.696785e-01
8596,	1.696539e-01
8597,	1.696294e-01
8598,	1.696049e-01
8599,	1.695803e-01
8600,	1.695558e-01
8601,	1.695313e-01
8602,	1.695067e-01
8603,	1.694822e-01
8604,	1.694577e-01
8605,	1.694332e-01
8606,	1.694086e-01
8607,	1.693841e-01
8608,	1.693596e-01
8609,	1.693351e-01
8610,	1.693105e-01
8611,	1.692860e-01
8612,	1.692615e-01
8613,	1.692370e-01
8614,	1.692124e-01
8615,	1.691879e-01
8616,	1.691634e-01
8617,	1.691389e-01
8618,	1.691143e-01
8619,	1.690898e-01
8620,	1.690653e-01
8621,	1.690408e-01
8622,	1.690163e-01
8623,	1.689918e-01
8624,	1.689672e-01
8625,	1.689427e-01
8626,	1.689182e-01
8627,	1.688937e-01
8628,	1.688692e-01
8629,	1.688447e-01
8630,	1.688202e-01
8631,	1.687957e-01
8632,	1.687711e-01
8633,	1.687466e-01
8634,	1.687221e-01
8635,	1.686976e-01
8636,	1.686731e-01
8637,	1.686486e-01
8638,	1.686241e-01
8639,	1.685996e-01
8640,	1.685751e-01
8641,	1.685506e-01
8642,	1.685261e-01
8643,	1.685016e-01
8644,	1.684771e-01
8645,	1.684526e-01
8646,	1.684281e-01
8647,	1.684036e-01
8648,	1.683791e-01
8649,	1.683546e-01
8650,	1.683301e-01
8651,	1.683056e-01
8652,	1.682811e-01
8653,	1.682566e-01
8654,	1.682321e-01
8655,	1.682076e-01
8656,	1.681831e-01
8657,	1.681586e-01
8658,	1.681341e-01
8659,	1.681096e-01
8660,	1.680851e-01
8661,	1.680607e-01
8662,	1.680362e-01
8663,	1.680117e-01
8664,	1.679872e-01
8665,	1.679627e-01
8666,	1.679382e-01
8667,	1.679137e-01
8668,	1.678892e-01
8669,	1.678648e-01
8670,	1.678403e-01
8671,	1.678158e-01
8672,	1.677913e-01
8673,	1.677668e-01
8674,	1.677423e-01
8675,	1.677179e-01
8676,	1.676934e-01
8677,	1.676689e-01
8678,	1.676444e-01
8679,	1.676199e-01
8680,	1.675955e-01
8681,	1.675710e-01
8682,	1.675465e-01
8683,	1.675220e-01
8684,	1.674976e-01
8685,	1.674731e-01
8686,	1.674486e-01
8687,	1.674242e-01
8688,	1.673997e-01
8689,	1.673752e-01
8690,	1.673507e-01
8691,	1.673263e-01
8692,	1.673018e-01
8693,	1.672773e-01
8694,	1.672529e-01
8695,	1.672284e-01
8696,	1.672039e-01
8697,	1.671795e-01
8698,	1.671550e-01
8699,	1.671305e-01
8700,	1.671061e-01
8701,	1.670816e-01
8702,	1.670572e-01
8703,	1.670327e-01
8704,	1.670082e-01
8705,	1.669838e-01
8706,	1.669593e-01
8707,	1.669349e-01
8708,	1.669104e-01
8709,	1.668859e-01
8710,	1.668615e-01
8711,	1.668370e-01
8712,	1.668126e-01
8713,	1.667881e-01
8714,	1.667637e-01
8715,	1.667392e-01
8716,	1.667148e-01
8717,	1.666903e-01
8718,	1.666659e-01
8719,	1.666414e-01
8720,	1.666170e-01
8721,	1.665925e-01
8722,	1.665681e-01
8723,	1.665436e-01
8724,	1.665192e-01
8725,	1.664947e-01
8726,	1.664703e-01
8727,	1.664458e-01
8728,	1.664214e-01
8729,	1.663970e-01
8730,	1.663725e-01
8731,	1.663481e-01
8732,	1.663236e-01
8733,	1.662992e-01
8734,	1.662748e-01
8735,	1.662503e-01
8736,	1.662259e-01
8737,	1.662014e-01
8738,	1.661770e-01
8739,	1.661526e-01
8740,	1.661281e-01
8741,	1.661037e-01
8742,	1.660793e-01
8743,	1.660548e-01
8744,	1.660304e-01
8745,	1.660060e-01
8746,	1.659815e-01
8747,	1.659571e-01
8748,	1.659327e-01
8749,	1.659083e-01
8750,	1.658838e-01
8751,	1.658594e-01
8752,	1.658350e-01
8753,	1.658106e-01
8754,	1.657861e-01
8755,	1.657617e-01
8756,	1.657373e-01
8757,	1.657129e-01
8758,	1.656884e-01
8759,	1.656640e-01
8760,	1.656396e-01
8761,	1.656152e-01
8762,	1.655908e-01
8763,	1.655663e-01
8764,	1.655419e-01
8765,	1.655175e-01
8766,	1.654931e-01
8767,	1.654687e-01
8768,	1.654443e-01
8769,	1.654198e-01
8770,	1.653954e-01
8771,	1.653710e-01
8772,	1.653466e-01
8773,	1.653222e-01
8774,	1.652978e-01
8775,	1.652734e-01
8776,	1.652490e-01
8777,	1.652246e-01
8778,	1.652001e-01
8779,	1.651757e-01
8780,	1.651513e-01
8781,	1.651269e-01
8782,	1.651025e-01
8783,	1.650781e-01
8784,	1.650537e-01
8785,	1.650293e-01
8786,	1.650049e-01
8787,	1.649805e-01
8788,	1.649561e-01
8789,	1.649317e-01
8790,	1.649073e-01
8791,	1.648829e-01
8792,	1.648585e-01
8793,	1.648341e-01
8794,	1.648097e-01
8795,	1.647853e-01
8796,	1.647609e-01
8797,	1.647365e-01
8798,	1.647121e-01
8799,	1.646878e-01
8800,	1.646634e-01
8801,	1.646390e-01
8802,	1.646146e-01
8803,	1.645902e-01
8804,	1.645658e-01
8805,	1.645414e-01
8806,	1.645170e-01
8807,	1.644926e-01
8808,	1.644683e-01
8809,	1.644439e-01
8810,	1.644195e-01
8811,	1.643951e-01
8812,	1.643707e-01
8813,	1.643463e-01
8814,	1.643220e-01
8815,	1.642976e-01
8816,	1.642732e-01
8817,	1.642488e-01
8818,	1.642244e-01
8819,	1.642001e-01
8820,	1.641757e-01
8821,	1.641513e-01
8822,	1.641269e-01
8823,	1.641025e-01
8824,	1.640782e-01
8825,	1.640538e-01
8826,	1.640294e-01
8827,	1.640051e-01
8828,	1.639807e-01
8829,	1.639563e-01
8830,	1.639319e-01
8831,	1.639076e-01
8832,	1.638832e-01
8833,	1.638588e-01
8834,	1.638345e-01
8835,	1.638101e-01
8836,	1.637857e-01
8837,	1.637614e-01
8838,	1.637370e-01
8839,	1.637126e-01
8840,	1.636883e-01
8841,	1.636639e-01
8842,	1.636396e-01
8843,	1.636152e-01
8844,	1.635908e-01
8845,	1.635665e-01
8846,	1.635421e-01
8847,	1.635178e-01
8848,	1.634934e-01
8849,	1.634691e-01
8850,	1.634447e-01
8851,	1.634203e-01
8852,	1.633960e-01
8853,	1.633716e-01
8854,	1.633473e-01
8855,	1.633229e-01
8856,	1.632986e-01
8857,	1.632742e-01
8858,	1.632499e-01
8859,	1.632255e-01
8860,	1.632012e-01
8861,	1.631768e-01
8862,	1.631525e-01
8863,	1.631281e-01
8864,	1.631038e-01
8865,	1.630795e-01
8866,	1.630551e-01
8867,	1.630308e-01
8868,	1.630064e-01
8869,	1.629821e-01
8870,	1.629577e-01
8871,	1.629334e-01
8872,	1.629091e-01
8873,	1.628847e-01
8874,	1.628604e-01
8875,	1.628360e-01
8876,	1.628117e-01
8877,	1.627874e-01
8878,	1.627630e-01
8879,	1.627387e-01
8880,	1.627144e-01
8881,	1.626900e-01
8882,	1.626657e-01
8883,	1.626414e-01
8884,	1.626170e-01
8885,	1.625927e-01
8886,	1.625684e-01
8887,	1.625441e-01
8888,	1.625197e-01
8889,	1.624954e-01
8890,	1.624711e-01
8891,	1.624468e-01
8892,	1.624224e-01
8893,	1.623981e-01
8894,	1.623738e-01
8895,	1.623495e-01
8896,	1.623251e-01
8897,	1.623008e-01
8898,	1.622765e-01
8899,	1.622522e-01
8900,	1.622279e-01
8901,	1.622035e-01
8902,	1.621792e-01
8903,	1.621549e-01
8904,	1.621306e-01
8905,	1.621063e-01
8906,	1.620820e-01
8907,	1.620577e-01
8908,	1.620333e-01
8909,	1.620090e-01
8910,	1.619847e-01
8911,	1.619604e-01
8912,	1.619361e-01
8913,	1.619118e-01
8914,	1.618875e-01
8915,	1.618632e-01
8916,	1.618389e-01
8917,	1.618146e-01
8918,	1.617903e-01
8919,	1.617660e-01
8920,	1.617416e-01
8921,	1.617173e-01
8922,	1.616930e-01
8923,	1.616687e-01
8924,	1.616444e-01
8925,	1.616201e-01
8926,	1.615958e-01
8927,	1.615715e-01
8928,	1.615472e-01
8929,	1.615229e-01
8930,	1.614987e-01
8931,	1.614744e-01
8932,	1.614501e-01
8933,	1.614258e-01
8934,	1.614015e-01
8935,	1.613772e-01
8936,	1.613529e-01
8937,	1.613286e-01
8938,	1.613043e-01
8939,	1.612800e-01
8940,	1.612557e-01
8941,	1.612314e-01
8942,	1.612072e-01
8943,	1.611829e-01
8944,	1.611586e-01
8945,	1.611343e-01
8946,	1.611100e-01
8947,	1.610857e-01
8948,	1.610614e-01
8949,	1.610372e-01
8950,	1.610129e-01
8951,	1.609886e-01
8952,	1.609643e-01
8953,	1.609400e-01
8954,	1.609158e-01
8955,	1.608915e-01
8956,	1.608672e-01
8957,	1.608429e-01
8958,	1.608187e-01
8959,	1.607944e-01
8960,	1.607701e-01
8961,	1.607458e-01
8962,	1.607216e-01
8963,	1.606973e-01
8964,	1.606730e-01
8965,	1.606488e-01
8966,	1.606245e-01
8967,	1.606002e-01
8968,	1.605760e-01
8969,	1.605517e-01
8970,	1.605274e-01
8971,	1.605032e-01
8972,	1.604789e-01
8973,	1.604546e-01
8974,	1.604304e-01
8975,	1.604061e-01
8976,	1.603818e-01
8977,	1.603576e-01
8978,	1.603333e-01
8979,	1.603091e-01
8980,	1.602848e-01
8981,	1.602605e-01
8982,	1.602363e-01
8983,	1.602120e-01
8984,	1.601878e-01
8985,	1.601635e-01
8986,	1.601393e-01
8987,	1.601150e-01
8988,	1.600908e-01
8989,	1.600665e-01
8990,	1.600423e-01
8991,	1.600180e-01
8992,	1.599938e-01
8993,	1.599695e-01
8994,	1.599453e-01
8995,	1.599210e-01
8996,	1.598968e-01
8997,	1.598725e-01
8998,	1.598483e-01
8999,	1.598240e-01
9000,	1.597998e-01
9001,	1.597756e-01
9002,	1.597513e-01
9003,	1.597271e-01
9004,	1.597028e-01
9005,	1.596786e-01
9006,	1.596544e-01
9007,	1.596301e-01
9008,	1.596059e-01
9009,	1.595816e-01
9010,	1.595574e-01
9011,	1.595332e-01
9012,	1.595089e-01
9013,	1.594847e-01
9014,	1.594605e-01
9015,	1.594362e-01
9016,	1.594120e-01
9017,	1.593878e-01
9018,	1.593636e-01
9019,	1.593393e-01
9020,	1.593151e-01
9021,	1.592909e-01
9022,	1.592666e-01
9023,	1.592424e-01
9024,	1.592182e-01
9025,	1.591940e-01
9026,	1.591697e-01
9027,	1.591455e-01
9028,	1.591213e-01
9029,	1.590971e-01
9030,	1.590729e-01
9031,	1.590486e-01
9032,	1.590244e-01
9033,	1.590002e-01
9034,	1.589760e-01
9035,	1.589518e-01
9036,	1.589276e-01
9037,	1.589033e-01
9038,	1.588791e-01
9039,	1.588549e-01
9040,	1.588307e-01
9041,	1.588065e-01
9042,	1.587823e-01
9043,	1.587581e-01
9044,	1.587339e-01
9045,	1.587097e-01
9046,	1.586854e-01
9047,	1.586612e-01
9048,	1.586370e-01
9049,	1.586128e-01
9050,	1.585886e-01
9051,	1.585644e-01
9052,	1.585402e-01
9053,	1.585160e-01
9054,	1.584918e-01
9055,	1.584676e-01
9056,	1.584434e-01
9057,	1.584192e-01
9058,	1.583950e-01
9059,	1.583708e-01
9060,	1.583466e-01
9061,	1.583224e-01
9062,	1.582982e-01
9063,	1.582740e-01
9064,	1.582498e-01
9065,	1.582256e-01
9066,	1.582015e-01
9067,	1.581773e-01
9068,	1.581531e-01
9069,	1.581289e-01
9070,	1.581047e-01
9071,	1.580805e-01
9072,	1.580563e-01
9073,	1.580321e-01
9074,	1.580079e-01
9075,	1.579838e-01
9076,	1.579596e-01
9077,	1.579354e-01
9078,	1.579112e-01
9079,	1.578870e-01
9080,	1.578629e-01
9081,	1.578387e-01
9082,	1.578145e-01
9083,	1.577903e-01
9084,	1.577661e-01
9085,	1.577420e-01
9086,	1.577178e-01
9087,	1.576936e-01
9088,	1.576694e-01
9089,	1.576453e-01
9090,	1.576211e-01
9091,	1.575969e-01
9092,	1.575727e-01
9093,	1.575486e-01
9094,	1.575244e-01
9095,	1.575002e-01
9096,	1.574761e-01
9097,	1.574519e-01
9098,	1.574277e-01
9099,	1.574036e-01
9100,	1.573794e-01
9101,	1.573552e-01
9102,	1.573311e-01
9103,	1.573069e-01
9104,	1.572827e-01
9105,	1.572586e-01
9106,	1.572344e-01
9107,	1.572103e-01
9108,	1.571861e-01
9109,	1.571619e-01
9110,	1.571378e-01
9111,	1.571136e-01
9112,	1.570895e-01
9113,	1.570653e-01
9114,	1.570412e-01
9115,	1.570170e-01
9116,	1.569929e-01
9117,	1.569687e-01
9118,	1.569446e-01
9119,	1.569204e-01
9120,	1.568963e-01
9121,	1.568721e-01
9122,	1.568480e-01
9123,	1.568238e-01
9124,	1.567997e-01
9125,	1.567755e-01
9126,	1.567514e-01
9127,	1.567272e-01
9128,	1.567031e-01
9129,	1.566790e-01
9130,	1.566548e-01
9131,	1.566307e-01
9132,	1.566065e-01
9133,	1.565824e-01
9134,	1.565583e-01
9135,	1.565341e-01
9136,	1.565100e-01
9137,	1.564858e-01
9138,	1.564617e-01
9139,	1.564376e-01
9140,	1.564134e-01
9141,	1.563893e-01
9142,	1.563652e-01
9143,	1.563410e-01
9144,	1.563169e-01
9145,	1.562928e-01
9146,	1.562687e-01
9147,	1.562445e-01
9148,	1.562204e-01
9149,	1.561963e-01
9150,	1.561722e-01
9151,	1.561480e-01
9152,	1.561239e-01
9153,	1.560998e-01
9154,	1.560757e-01
9155,	1.560515e-01
9156,	1.560274e-01
9157,	1.560033e-01
9158,	1.559792e-01
9159,	1.559551e-01
9160,	1.559309e-01
9161,	1.559068e-01
9162,	1.558827e-01
9163,	1.558586e-01
9164,	1.558345e-01
9165,	1.558104e-01
9166,	1.557863e-01
9167,	1.557622e-01
9168,	1.557380e-01
9169,	1.557139e-01
9170,	1.556898e-01
9171,	1.556657e-01
9172,	1.556416e-01
9173,	1.556175e-01
9174,	1.555934e-01
9175,	1.555693e-01
9176,	1.555452e-01
9177,	1.555211e-01
9178,	1.554970e-01
9179,	1.554729e-01
9180,	1.554488e-01
9181,	1.554247e-01
9182,	1.554006e-01
9183,	1.553765e-01
9184,	1.553524e-01
9185,	1.553283e-01
9186,	1.553042e-01
9187,	1.552801e-01
9188,	1.552560e-01
9189,	1.552319e-01
9190,	1.552078e-01
9191,	1.551837e-01
9192,	1.551596e-01
9193,	1.551355e-01
9194,	1.551115e-01
9195,	1.550874e-01
9196,	1.550633e-01
9197,	1.550392e-01
9198,	1.550151e-01
9199,	1.549910e-01
9200,	1.549669e-01
9201,	1.549429e-01
9202,	1.549188e-01
9203,	1.548947e-01
9204,	1.548706e-01
9205,	1.548465e-01
9206,	1.548224e-01
9207,	1.547984e-01
9208,	1.547743e-01
9209,	1.547502e-01
9210,	1.547261e-01
9211,	1.547021e-01
9212,	1.546780e-01
9213,	1.546539e-01
9214,	1.546298e-01
9215,	1.546058e-01
9216,	1.545817e-01
9217,	1.545576e-01
9218,	1.545336e-01
9219,	1.545095e-01
9220,	1.544854e-01
9221,	1.544614e-01
9222,	1.544373e-01
9223,	1.544132e-01
9224,	1.543892e-01
9225,	1.543651e-01
9226,	1.543410e-01
9227,	1.543170e-01
9228,	1.542929e-01
9229,	1.542688e-01
9230,	1.542448e-01
9231,	1.542207e-01
9232,	1.541967e-01
9233,	1.541726e-01
9234,	1.541486e-01
9235,	1.541245e-01
9236,	1.541004e-01
9237,	1.540764e-01
9238,	1.540523e-01
9239,	1.540283e-01
9240,	1.540042e-01
9241,	1.539802e-01
9242,	1.539561e-01
9243,	1.539321e-01
9244,	1.539080e-01
9245,	1.538840e-01
9246,	1.538599e-01
9247,	1.538359e-01
9248,	1.538119e-01
9249,	1.537878e-01
9250,	1.537638e-01
9251,	1.537397e-01
9252,	1.537157e-01
9253,	1.536916e-01
9254,	1.536676e-01
9255,	1.536436e-01
9256,	1.536195e-01
9257,	1.535955e-01
9258,	1.535715e-01
9259,	1.535474e-01
9260,	1.535234e-01
9261,	1.534994e-01
9262,	1.534753e-01
9263,	1.534513e-01
9264,	1.534273e-01
9265,	1.534032e-01
9266,	1.533792e-01
9267,	1.533552e-01
9268,	1.533311e-01
9269,	1.533071e-01
9270,	1.532831e-01
9271,	1.532591e-01
9272,	1.532350e-01
9273,	1.532110e-01
9274,	1.531870e-01
9275,	1.531630e-01
9276,	1.531389e-01
9277,	1.531149e-01
9278,	1.530909e-01
9279,	1.530669e-01
9280,	1.530429e-01
9281,	1.530189e-01
9282,	1.529948e-01
9283,	1.529708e-01
9284,	1.529468e-01
9285,	1.529228e-01
9286,	1.528988e-01
9287,	1.528748e-01
9288,	1.528508e-01
9289,	1.528267e-01
9290,	1.528027e-01
9291,	1.527787e-01
9292,	1.527547e-01
9293,	1.527307e-01
9294,	1.527067e-01
9295,	1.526827e-01
9296,	1.526587e-01
9297,	1.526347e-01
9298,	1.526107e-01
9299,	1.525867e-01
9300,	1.525627e-01
9301,	1.525387e-01
9302,	1.525147e-01
9303,	1.524907e-01
9304,	1.524667e-01
9305,	1.524427e-01
9306,	1.524187e-01
9307,	1.523947e-01
9308,	1.523707e-01
9309,	1.523467e-01
9310,	1.523227e-01
9311,	1.522987e-01
9312,	1.522748e-01
9313,	1.522508e-01
9314,	1.522268e-01
9315,	1.522028e-01
9316,	1.521788e-01
9317,	1.521548e-01
9318,	1.521308e-01
9319,	1.521068e-01
9320,	1.520829e-01
9321,	1.520589e-01
9322,	1.520349e-01
9323,	1.520109e-01
9324,	1.519869e-01
9325,	1.519630e-01
9326,	1.519390e-01
9327,	1.519150e-01
9328,	1.518910e-01
9329,	1.518670e-01
9330,	1.518431e-01
9331,	1.518191e-01
9332,	1.517951e-01
9333,	1.517711e-01
9334,	1.517472e-01
9335,	1.517232e-01
9336,	1.516992e-01
9337,	1.516753e-01
9338,	1.516513e-01
9339,	1.516273e-01
9340,	1.516034e-01
9341,	1.515794e-01
9342,	1.515554e-01
9343,	1.515315e-01
9344,	1.515075e-01
9345,	1.514835e-01
9346,	1.514596e-01
9347,	1.514356e-01
9348,	1.514117e-01
9349,	1.513877e-01
9350,	1.513637e-01
9351,	1.513398e-01
9352,	1.513158e-01
9353,	1.512919e-01
9354,	1.512679e-01
9355,	1.512440e-01
9356,	1.512200e-01
9357,	1.511961e-01
9358,	1.511721e-01
9359,	1.511482e-01
9360,	1.511242e-01
9361,	1.511003e-01
9362,	1.510763e-01
9363,	1.510524e-01
9364,	1.510284e-01
9365,	1.510045e-01
9366,	1.509805e-01
9367,	1.509566e-01
9368,	1.509327e-01
9369,	1.509087e-01
9370,	1.508848e-01
9371,	1.508608e-01
9372,	1.508369e-01
9373,	1.508130e-01
9374,	1.507890e-01
9375,	1.507651e-01
9376,	1.507412e-01
9377,	1.507172e-01
9378,	1.506933e-01
9379,	1.506694e-01
9380,	1.506454e-01
9381,	1.506215e-01
9382,	1.505976e-01
9383,	1.505736e-01
9384,	1.505497e-01
9385,	1.505258e-01
9386,	1.505019e-01
9387,	1.504779e-01
9388,	1.504540e-01
9389,	1.504301e-01
9390,	1.504062e-01
9391,	1.503822e-01
9392,	1.503583e-01
9393,	1.503344e-01
9394,	1.503105e-01
9395,	1.502866e-01
9396,	1.502626e-01
9397,	1.502387e-01
9398,	1.502148e-01
9399,	1.501909e-01
9400,	1.501670e-01
9401,	1.501431e-01
9402,	1.501192e-01
9403,	1.500952e-01
9404,	1.500713e-01
9405,	1.500474e-01
9406,	1.500235e-01
9407,	1.499996e-01
9408,	1.499757e-01
9409,	1.499518e-01
9410,	1.499279e-01
9411,	1.499040e-01
9412,	1.498801e-01
9413,	1.498562e-01
9414,	1.498323e-01
9415,	1.498084e-01
9416,	1.497845e-01
9417,	1.497606e-01
9418,	1.497367e-01
9419,	1.497128e-01
9420,	1.496889e-01
9421,	1.496650e-01
9422,	1.496411e-01
9423,	1.496172e-01
9424,	1.495933e-01
9425,	1.495694e-01
9426,	1.495455e-01
9427,	1.495216e-01
9428,	1.494977e-01
9429,	1.494739e-01
9430,	1.494500e-01
9431,	1.494261e-01
9432,	1.494022e-01
9433,	1.493783e-01
9434,	1.493544e-01
9435,	1.493306e-01
9436,	1.493067e-01
9437,	1.492828e-01
9438,	1.492589e-01
9439,	1.492350e-01
9440,	1.492112e-01
9441,	1.491873e-01
9442,	1.491634e-01
9443,	1.491395e-01
9444,	1.491156e-01
9445,	1.490918e-01
9446,	1.490679e-01
9447,	1.490440e-01
9448,	1.490202e-01
9449,	1.489963e-01
9450,	1.489724e-01
9451,	1.489486e-01
9452,	1.489247e-01
9453,	1.489008e-01
9454,	1.488770e-01
9455,	1.488531e-01
9456,	1.488292e-01
9457,	1.488054e-01
9458,	1.487815e-01
9459,	1.487576e-01
9460,	1.487338e-01
9461,	1.487099e-01
9462,	1.486861e-01
9463,	1.486622e-01
9464,	1.486384e-01
9465,	1.486145e-01
9466,	1.485906e-01
9467,	1.485668e-01
9468,	1.485429e-01
9469,	1.485191e-01
9470,	1.484952e-01
9471,	1.484714e-01
9472,	1.484475e-01
9473,	1.484237e-01
9474,	1.483998e-01
9475,	1.483760e-01
9476,	1.483521e-01
9477,	1.483283e-01
9478,	1.483045e-01
9479,	1.482806e-01
9480,	1.482568e-01
9481,	1.482329e-01
9482,	1.482091e-01
9483,	1.481853e-01
9484,	1.481614e-01
9485,	1.481376e-01
9486,	1.481137e-01
9487,	1.480899e-01
9488,	1.480661e-01
9489,	1.480422e-01
9490,	1.480184e-01
9491,	1.479946e-01
9492,	1.479707e-01
9493,	1.479469e-01
9494,	1.479231e-01
9495,	1.478993e-01
9496,	1.478754e-01
9497,	1.478516e-01
9498,	1.478278e-01
9499,	1.478040e-01
9500,	1.477801e-01
9501,	1.477563e-01
9502,	1.477325e-01
9503,	1.477087e-01
9504,	1.476849e-01
9505,	1.476610e-01
9506,	1.476372e-01
9507,	1.476134e-01
9508,	1.475896e-01
9509,	1.475658e-01
9510,	1.475420e-01
9511,	1.475181e-01
9512,	1.474943e-01
9513,	1.474705e-01
9514,	1.474467e-01
9515,	1.474229e-01
9516,	1.473991e-01
9517,	1.473753e-01
9518,	1.473515e-01
9519,	1.473277e-01
9520,	1.473039e-01
9521,	1.472801e-01
9522,	1.472563e-01
9523,	1.472325e-01
9524,	1.472087e-01
9525,	1.471849e-01
9526,	1.471611e-01
9527,	1.471373e-01
9528,	1.471135e-01
9529,	1.470897e-01
9530,	1.470659e-01
9531,	1.470421e-01
9532,	1.470183e-01
9533,	1.469945e-01
9534,	1.469707e-01
9535,	1.469469e-01
9536,	1.469231e-01
9537,	1.468993e-01
9538,	1.468755e-01
9539,	1.468518e-01
9540,	1.468280e-01
9541,	1.468042e-01
9542,	1.467804e-01
9543,	1.467566e-01
9544,	1.467328e-01
9545,	1.467091e-01
9546,	1.466853e-01
9547,	1.466615e-01
9548,	1.466377e-01
9549,	1.466139e-01
9550,	1.465902e-01
9551,	1.465664e-01
9552,	1.465426e-01
9553,	1.465188e-01
9554,	1.464951e-01
9555,	1.464713e-01
9556,	1.464475e-01
9557,	1.464238e-01
9558,	1.464000e-01
9559,	1.463762e-01
9560,	1.463525e-01
9561,	1.463287e-01
9562,	1.463049e-01
9563,	1.462812e-01
9564,	1.462574e-01
9565,	1.462336e-01
9566,	1.462099e-01
9567,	1.461861e-01
9568,	1.461624e-01
9569,	1.461386e-01
9570,	1.461148e-01
9571,	1.460911e-01
9572,	1.460673e-01
9573,	1.460436e-01
9574,	1.460198e-01
9575,	1.459961e-01
9576,	1.459723e-01
9577,	1.459486e-01
9578,	1.459248e-01
9579,	1.459011e-01
9580,	1.458773e-01
9581,	1.458536e-01
9582,	1.458298e-01
9583,	1.458061e-01
9584,	1.457823e-01
9585,	1.457586e-01
9586,	1.457349e-01
9587,	1.457111e-01
9588,	1.456874e-01
9589,	1.456636e-01
9590,	1.456399e-01
9591,	1.456162e-01
9592,	1.455924e-01
9593,	1.455687e-01
9594,	1.455450e-01
9595,	1.455212e-01
9596,	1.454975e-01
9597,	1.454738e-01
9598,	1.454500e-01
9599,	1.454263e-01
9600,	1.454026e-01
9601,	1.453788e-01
9602,	1.453551e-01
9603,	1.453314e-01
9604,	1.453077e-01
9605,	1.452839e-01
9606,	1.452602e-01
9607,	1.452365e-01
9608,	1.452128e-01
9609,	1.451891e-01
9610,	1.451653e-01
9611,	1.451416e-01
9612,	1.451179e-01
9613,	1.450942e-01
9614,	1.450705e-01
9615,	1.450468e-01
9616,	1.450231e-01
9617,	1.449993e-01
9618,	1.449756e-01
9619,	1.449519e-01
9620,	1.449282e-01
9621,	1.449045e-01
9622,	1.448808e-01
9623,	1.448571e-01
9624,	1.448334e-01
9625,	1.448097e-01
9626,	1.447860e-01
9627,	1.447623e-01
9628,	1.447386e-01
9629,	1.447149e-01
9630,	1.446912e-01
9631,	1.446675e-01
9632,	1.446438e-01
9633,	1.446201e-01
9634,	1.445964e-01
9635,	1.445727e-01
9636,	1.445490e-01
9637,	1.445253e-01
9638,	1.445016e-01
9639,	1.444779e-01
9640,	1.444542e-01
9641,	1.444305e-01
9642,	1.444069e-01
9643,	1.443832e-01
9644,	1.443595e-01
9645,	1.443358e-01
9646,	1.443121e-01
9647,	1.442884e-01
9648,	1.442648e-01
9649,	1.442411e-01
9650,	1.442174e-01
9651,	1.441937e-01
9652,	1.441700e-01
9653,	1.441464e-01
9654,	1.441227e-01
9655,	1.440990e-01
9656,	1.440753e-01
9657,	1.440517e-01
9658,	1.440280e-01
9659,	1.440043e-01
9660,	1.439807e-01
9661,	1.439570e-01
9662,	1.439333e-01
9663,	1.439097e-01
9664,	1.438860e-01
9665,	1.438623e-01
9666,	1.438387e-01
9667,	1.438150e-01
9668,	1.437913e-01
9669,	1.437677e-01
9670,	1.437440e-01
9671,	1.437204e-01
9672,	1.436967e-01
9673,	1.436730e-01
9674,	1.436494e-01
9675,	1.436257e-01
9676,	1.436021e-01
9677,	1.435784e-01
9678,	1.435548e-01
9679,	1.435311e-01
9680,	1.435075e-01
9681,	1.434838e-01
9682,	1.434602e-01
9683,	1.434365e-01
9684,	1.434129e-01
9685,	1.433892e-01
9686,	1.433656e-01
9687,	1.433419e-01
9688,	1.433183e-01
9689,	1.432947e-01
9690,	1.432710e-01
9691,	1.432474e-01
9692,	1.432238e-01
9693,	1.432001e-01
9694,	1.431765e-01
9695,	1.431528e-01
9696,	1.431292e-01
9697,	1.431056e-01
9698,	1.430819e-01
9699,	1.430583e-01
9700,	1.430347e-01
9701,	1.430111e-01
9702,	1.429874e-01
9703,	1.429638e-01
9704,	1.429402e-01
9705,	1.429165e-01
9706,	1.428929e-01
9707,	1.428693e-01
9708,	1.428457e-01
9709,	1.428221e-01
9710,	1.427984e-01
9711,	1.427748e-01
9712,	1.427512e-01
9713,	1.427276e-01
9714,	1.427040e-01
9715,	1.426804e-01
9716,	1.426567e-01
9717,	1.426331e-01
9718,	1.426095e-01
9719,	1.425859e-01
9720,	1.425623e-01
9721,	1.425387e-01
9722,	1.425151e-01
9723,	1.424915e-01
9724,	1.424679e-01
9725,	1.424443e-01
9726,	1.424207e-01
9727,	1.423971e-01
9728,	1.423735e-01
9729,	1.423499e-01
9730,	1.423263e-01
9731,	1.423027e-01
9732,	1.422791e-01
9733,	1.422555e-01
9734,	1.422319e-01
9735,	1.422083e-01
9736,	1.421847e-01
9737,	1.421611e-01
9738,	1.421375e-01
9739,	1.421139e-01
9740,	1.420903e-01
9741,	1.420667e-01
9742,	1.420431e-01
9743,	1.420196e-01
9744,	1.419960e-01
9745,	1.419724e-01
9746,	1.419488e-01
9747,	1.419252e-01
9748,	1.419016e-01
9749,	1.418781e-01
9750,	1.418545e-01
9751,	1.418309e-01
9752,	1.418073e-01
9753,	1.417837e-01
9754,	1.417602e-01
9755,	1.417366e-01
9756,	1.417130e-01
9757,	1.416894e-01
9758,	1.416659e-01
9759,	1.416423e-01
9760,	1.416187e-01
9761,	1.415952e-01
9762,	1.415716e-01
9763,	1.415480e-01
9764,	1.415245e-01
9765,	1.415009e-01
9766,	1.414773e-01
9767,	1.414538e-01
9768,	1.414302e-01
9769,	1.414067e-01
9770,	1.413831e-01
9771,	1.413595e-01
9772,	1.413360e-01
9773,	1.413124e-01
9774,	1.412889e-01
9775,	1.412653e-01
9776,	1.412418e-01
9777,	1.412182e-01
9778,	1.411947e-01
9779,	1.411711e-01
9780,	1.411476e-01
9781,	1.411240e-01
9782,	1.411005e-01
9783,	1.410769e-01
9784,	1.410534e-01
9785,	1.410298e-01
9786,	1.410063e-01
9787,	1.409828e-01
9788,	1.409592e-01
9789,	1.409357e-01
9790,	1.409121e-01
9791,	1.408886e-01
9792,	1.408651e-01
9793,	1.408415e-01
9794,	1.408180e-01
9795,	1.407945e-01
9796,	1.407709e-01
9797,	1.407474e-01
9798,	1.407239e-01
9799,	1.407003e-01
9800,	1.406768e-01
9801,	1.406533e-01
9802,	1.406298e-01
9803,	1.406062e-01
9804,	1.405827e-01
9805,	1.405592e-01
9806,	1.405357e-01
9807,	1.405121e-01
9808,	1.404886e-01
9809,	1.404651e-01
9810,	1.404416e-01
9811,	1.404181e-01
9812,	1.403946e-01
9813,	1.403710e-01
9814,	1.403475e-01
9815,	1.403240e-01
9816,	1.403005e-01
9817,	1.402770e-01
9818,	1.402535e-01
9819,	1.402300e-01
9820,	1.402065e-01
9821,	1.401830e-01
9822,	1.401595e-01
9823,	1.401360e-01
9824,	1.401125e-01
9825,	1.400890e-01
9826,	1.400655e-01
9827,	1.400420e-01
9828,	1.400185e-01
9829,	1.399950e-01
9830,	1.399715e-01
9831,	1.399480e-01
9832,	1.399245e-01
9833,	1.399010e-01
9834,	1.398775e-01
9835,	1.398540e-01
9836,	1.398305e-01
9837,	1.398070e-01
9838,	1.397835e-01
9839,	1.397600e-01
9840,	1.397365e-01
9841,	1.397131e-01
9842,	1.396896e-01
9843,	1.396661e-01
9844,	1.396426e-01
9845,	1.396191e-01
9846,	1.395957e-01
9847,	1.395722e-01
9848,	1.395487e-01
9849,	1.395252e-01
9850,	1.395017e-01
9851,	1.394783e-01
9852,	1.394548e-01
9853,	1.394313e-01
9854,	1.394079e-01
9855,	1.393844e-01
9856,	1.393609e-01
9857,	1.393374e-01
9858,	1.393140e-01
9859,	1.392905e-01
9860,	1.392670e-01
9861,	1.392436e-01
9862,	1.392201e-01
9863,	1.391967e-01
9864,	1.391732e-01
9865,	1.391497e-01
9866,	1.391263e-01
9867,	1.391028e-01
9868,	1.390794e-01
9869,	1.390559e-01
9870,	1.390325e-01
9871,	1.390090e-01
9872,	1.389855e-01
9873,	1.389621e-01
9874,	1.389386e-01
9875,	1.389152e-01
9876,	1.388917e-01
9877,	1.388683e-01
9878,	1.388449e-01
9879,	1.388214e-01
9880,	1.387980e-01
9881,	1.387745e-01
9882,	1.387511e-01
9883,	1.387276e-01
9884,	1.387042e-01
9885,	1.386808e-01
9886,	1.386573e-01
9887,	1.386339e-01
9888,	1.386105e-01
9889,	1.385870e-01
9890,	1.385636e-01
9891,	1.385402e-01
9892,	1.385167e-01
9893,	1.384933e-01
9894,	1.384699e-01
9895,	1.384464e-01
9896,	1.384230e-01
9897,	1.383996e-01
9898,	1.383762e-01
9899,	1.383527e-01
9900,	1.383293e-01
9901,	1.383059e-01
9902,	1.382825e-01
9903,	1.382591e-01
9904,	1.382356e-01
9905,	1.382122e-01
9906,	1.381888e-01
9907,	1.381654e-01
9908,	1.381420e-01
9909,	1.381186e-01
9910,	1.380951e-01
9911,	1.380717e-01
9912,	1.380483e-01
9913,	1.380249e-01
9914,	1.380015e-01
9915,	1.379781e-01
9916,	1.379547e-01
9917,	1.379313e-01
9918,	1.379079e-01
9919,	1.378845e-01
9920,	1.378611e-01
9921,	1.378377e-01
9922,	1.378143e-01
9923,	1.377909e-01
9924,	1.377675e-01
9925,	1.377441e-01
9926,	1.377207e-01
9927,	1.376973e-01
9928,	1.376739e-01
9929,	1.376505e-01
9930,	1.376271e-01
9931,	1.376038e-01
9932,	1.375804e-01
9933,	1.375570e-01
9934,	1.375336e-01
9935,	1.375102e-01
9936,	1.374868e-01
9937,	1.374634e-01
9938,	1.374401e-01
9939,	1.374167e-01
9940,	1.373933e-01
9941,	1.373699e-01
9942,	1.373465e-01
9943,	1.373232e-01
9944,	1.372998e-01
9945,	1.372764e-01
9946,	1.372530e-01
9947,	1.372297e-01
9948,	1.372063e-01
9949,	1.371829e-01
9950,	1.371596e-01
9951,	1.371362e-01
9952,	1.371128e-01
9953,	1.370895e-01
9954,	1.370661e-01
9955,	1.370427e-01
9956,	1.370194e-01
9957,	1.369960e-01
9958,	1.369727e-01
9959,	1.369493e-01
9960,	1.369259e-01
9961,	1.369026e-01
9962,	1.368792e-01
9963,	1.368559e-01
9964,	1.368325e-01
9965,	1.368092e-01
9966,	1.367858e-01
9967,	1.367625e-01
9968,	1.367391e-01
9969,	1.367158e-01
9970,	1.366924e-01
9971,	1.366691e-01
9972,	1.366457e-01
9973,	1.366224e-01
9974,	1.365991e-01
9975,	1.365757e-01
9976,	1.365524e-01
9977,	1.365290e-01
9978,	1.365057e-01
9979,	1.364824e-01
9980,	1.364590e-01
9981,	1.364357e-01
9982,	1.364124e-01
9983,	1.363890e-01
9984,	1.363657e-01
9985,	1.363424e-01
9986,	1.363190e-01
9987,	1.362957e-01
9988,	1.362724e-01
9989,	1.362491e-01
9990,	1.362257e-01
9991,	1.362024e-01
9992,	1.361791e-01
9993,	1.361558e-01
9994,	1.361324e-01
9995,	1.361091e-01
9996,	1.360858e-01
9997,	1.360625e-01
9998,	1.360392e-01
9999,	1.360159e-01
10000,	1.359925e-01
10001,	1.359692e-01
10002,	1.359459e-01
10003,	1.359226e-01
10004,	1.358993e-01
10005,	1.358760e-01
10006,	1.358527e-01
10007,	1.358294e-01
10008,	1.358061e-01
10009,	1.357828e-01
10010,	1.357595e-01
10011,	1.357362e-01
10012,	1.357129e-01
10013,	1.356896e-01
10014,	1.356663e-01
10015,	1.356430e-01
10016,	1.356197e-01
10017,	1.355964e-01
10018,	1.355731e-01
10019,	1.355498e-01
10020,	1.355265e-01
10021,	1.355032e-01
10022,	1.354799e-01
10023,	1.354566e-01
10024,	1.354334e-01
10025,	1.354101e-01
10026,	1.353868e-01
10027,	1.353635e-01
10028,	1.353402e-01
10029,	1.353169e-01
10030,	1.352937e-01
10031,	1.352704e-01
10032,	1.352471e-01
10033,	1.352238e-01
10034,	1.352006e-01
10035,	1.351773e-01
10036,	1.351540e-01
10037,	1.351307e-01
10038,	1.351075e-01
10039,	1.350842e-01
10040,	1.350609e-01
10041,	1.350377e-01
10042,	1.350144e-01
10043,	1.349911e-01
10044,	1.349679e-01
10045,	1.349446e-01
10046,	1.349213e-01
10047,	1.348981e-01
10048,	1.348748e-01
10049,	1.348516e-01
10050,	1.348283e-01
10051,	1.348050e-01
10052,	1.347818e-01
10053,	1.347585e-01
10054,	1.347353e-01
10055,	1.347120e-01
10056,	1.346888e-01
10057,	1.346655e-01
10058,	1.346423e-01
10059,	1.346190e-01
10060,	1.345958e-01
10061,	1.345725e-01
10062,	1.345493e-01
10063,	1.345261e-01
10064,	1.345028e-01
10065,	1.344796e-01
10066,	1.344563e-01
10067,	1.344331e-01
10068,	1.344099e-01
10069,	1.343866e-01
10070,	1.343634e-01
10071,	1.343401e-01
10072,	1.343169e-01
10073,	1.342937e-01
10074,	1.342705e-01
10075,	1.342472e-01
10076,	1.342240e-01
10077,	1.342008e-01
10078,	1.341775e-01
10079,	1.341543e-01
10080,	1.341311e-01
10081,	1.341079e-01
10082,	1.340847e-01
10083,	1.340614e-01
10084,	1.340382e-01
10085,	1.340150e-01
10086,	1.339918e-01
10087,	1.339686e-01
10088,	1.339453e-01
10089,	1.339221e-01
10090,	1.338989e-01
10091,	1.338757e-01
10092,	1.338525e-01
10093,	1.338293e-01
10094,	1.338061e-01
10095,	1.337829e-01
10096,	1.337597e-01
10097,	1.337365e-01
10098,	1.337133e-01
10099,	1.336901e-01
10100,	1.336669e-01
10101,	1.336437e-01
10102,	1.336205e-01
10103,	1.335973e-01
10104,	1.335741e-01
10105,	1.335509e-01
10106,	1.335277e-01
10107,	1.335045e-01
10108,	1.334813e-01
10109,	1.334581e-01
10110,	1.334349e-01
10111,	1.334117e-01
10112,	1.333885e-01
10113,	1.333653e-01
10114,	1.333422e-01
10115,	1.333190e-01
10116,	1.332958e-01
10117,	1.332726e-01
10118,	1.332494e-01
10119,	1.332263e-01
10120,	1.332031e-01
10121,	1.331799e-01
10122,	1.331567e-01
10123,	1.331336e-01
10124,	1.331104e-01
10125,	1.330872e-01
10126,	1.330640e-01
10127,	1.330409e-01
10128,	1.330177e-01
10129,	1.329945e-01
10130,	1.329714e-01
10131,	1.329482e-01
10132,	1.329250e-01
10133,	1.329019e-01
10134,	1.328787e-01
10135,	1.328555e-01
10136,	1.328324e-01
10137,	1.328092e-01
10138,	1.327861e-01
10139,	1.327629e-01
10140,	1.327398e-01
10141,	1.327166e-01
10142,	1.326934e-01
10143,	1.326703e-01
10144,	1.326471e-01
10145,	1.326240e-01
10146,	1.326008e-01
10147,	1.325777e-01
10148,	1.325546e-01
10149,	1.325314e-01
10150,	1.325083e-01
10151,	1.324851e-01
10152,	1.324620e-01
10153,	1.324388e-01
10154,	1.324157e-01
10155,	1.323926e-01
10156,	1.323694e-01
10157,	1.323463e-01
10158,	1.323232e-01
10159,	1.323000e-01
10160,	1.322769e-01
10161,	1.322538e-01
10162,	1.322306e-01
10163,	1.322075e-01
10164,	1.321844e-01
10165,	1.321613e-01
10166,	1.321381e-01
10167,	1.321150e-01
10168,	1.320919e-01
10169,	1.320688e-01
10170,	1.320456e-01
10171,	1.320225e-01
10172,	1.319994e-01
10173,	1.319763e-01
10174,	1.319532e-01
10175,	1.319301e-01
10176,	1.319069e-01
10177,	1.318838e-01
10178,	1.318607e-01
10179,	1.318376e-01
10180,	1.318145e-01
10181,	1.317914e-01
10182,	1.317683e-01
10183,	1.317452e-01
10184,	1.317221e-01
10185,	1.316990e-01
10186,	1.316759e-01
10187,	1.316528e-01
10188,	1.316297e-01
10189,	1.316066e-01
10190,	1.315835e-01
10191,	1.315604e-01
10192,	1.315373e-01
10193,	1.315142e-01
10194,	1.314911e-01
10195,	1.314680e-01
10196,	1.314449e-01
10197,	1.314218e-01
10198,	1.313987e-01
10199,	1.313757e-01
10200,	1.313526e-01
10201,	1.313295e-01
10202,	1.313064e-01
10203,	1.312833e-01
10204,	1.312602e-01
10205,	1.312372e-01
10206,	1.312141e-01
10207,	1.311910e-01
10208,	1.311679e-01
10209,	1.311448e-01
10210,	1.311218e-01
10211,	1.310987e-01
10212,	1.310756e-01
10213,	1.310526e-01
10214,	1.310295e-01
10215,	1.310064e-01
10216,	1.309834e-01
10217,	1.309603e-01
10218,	1.309372e-01
10219,	1.309142e-01
10220,	1.308911e-01
10221,	1.308680e-01
10222,	1.308450e-01
10223,	1.308219e-01
10224,	1.307989e-01
10225,	1.307758e-01
10226,	1.307528e-01
10227,	1.307297e-01
10228,	1.307066e-01
10229,	1.306836e-01
10230,	1.306605e-01
10231,	1.306375e-01
10232,	1.306144e-01
10233,	1.305914e-01
10234,	1.305684e-01
10235,	1.305453e-01
10236,	1.305223e-01
10237,	1.304992e-01
10238,	1.304762e-01
10239,	1.304531e-01
10240,	1.304301e-01
10241,	1.304071e-01
10242,	1.303840e-01
10243,	1.303610e-01
10244,	1.303380e-01
10245,	1.303149e-01
10246,	1.302919e-01
10247,	1.302689e-01
10248,	1.302458e-01
10249,	1.302228e-01
10250,	1.301998e-01
10251,	1.301768e-01
10252,	1.301537e-01
10253,	1.301307e-01
10254,	1.301077e-01
10255,	1.300847e-01
10256,	1.300617e-01
10257,	1.300386e-01
10258,	1.300156e-01
10259,	1.299926e-01
10260,	1.299696e-01
10261,	1.299466e-01
10262,	1.299236e-01
10263,	1.299006e-01
10264,	1.298775e-01
10265,	1.298545e-01
10266,	1.298315e-01
10267,	1.298085e-01
10268,	1.297855e-01
10269,	1.297625e-01
10270,	1.297395e-01
10271,	1.297165e-01
10272,	1.296935e-01
10273,	1.296705e-01
10274,	1.296475e-01
10275,	1.296245e-01
10276,	1.296015e-01
10277,	1.295785e-01
10278,	1.295555e-01
10279,	1.295325e-01
10280,	1.295096e-01
10281,	1.294866e-01
10282,	1.294636e-01
10283,	1.294406e-01
10284,	1.294176e-01
10285,	1.293946e-01
10286,	1.293716e-01
10287,	1.293487e-01
10288,	1.293257e-01
10289,	1.293027e-01
10290,	1.292797e-01
10291,	1.292567e-01
10292,	1.292338e-01
10293,	1.292108e-01
10294,	1.291878e-01
10295,	1.291648e-01
10296,	1.291419e-01
10297,	1.291189e-01
10298,	1.290959e-01
10299,	1.290730e-01
10300,	1.290500e-01
10301,	1.290270e-01
10302,	1.290041e-01
10303,	1.289811e-01
10304,	1.289581e-01
10305,	1.289352e-01
10306,	1.289122e-01
10307,	1.288893e-01
10308,	1.288663e-01
10309,	1.288434e-01
10310,	1.288204e-01
10311,	1.287974e-01
10312,	1.287745e-01
10313,	1.287515e-01
10314,	1.287286e-01
10315,	1.287056e-01
10316,	1.286827e-01
10317,	1.286597e-01
10318,	1.286368e-01
10319,	1.286139e-01
10320,	1.285909e-01
10321,	1.285680e-01
10322,	1.285450e-01
10323,	1.285221e-01
10324,	1.284992e-01
10325,	1.284762e-01
10326,	1.284533e-01
10327,	1.284304e-01
10328,	1.284074e-01
10329,	1.283845e-01
10330,	1.283616e-01
10331,	1.283386e-01
10332,	1.283157e-01
10333,	1.282928e-01
10334,	1.282699e-01
10335,	1.282469e-01
10336,	1.282240e-01
10337,	1.282011e-01
10338,	1.281782e-01
10339,	1.281553e-01
10340,	1.281323e-01
10341,	1.281094e-01
10342,	1.280865e-01
10343,	1.280636e-01
10344,	1.280407e-01
10345,	1.280178e-01
10346,	1.279949e-01
10347,	1.279719e-01
10348,	1.279490e-01
10349,	1.279261e-01
10350,	1.279032e-01
10351,	1.278803e-01
10352,	1.278574e-01
10353,	1.278345e-01
10354,	1.278116e-01
10355,	1.277887e-01
10356,	1.277658e-01
10357,	1.277429e-01
10358,	1.277200e-01
10359,	1.276971e-01
10360,	1.276742e-01
10361,	1.276514e-01
10362,	1.276285e-01
10363,	1.276056e-01
10364,	1.275827e-01
10365,	1.275598e-01
10366,	1.275369e-01
10367,	1.275140e-01
10368,	1.274911e-01
10369,	1.274683e-01
10370,	1.274454e-01
10371,	1.274225e-01
10372,	1.273996e-01
10373,	1.273767e-01
10374,	1.273539e-01
10375,	1.273310e-01
10376,	1.273081e-01
10377,	1.272853e-01
10378,	1.272624e-01
10379,	1.272395e-01
10380,	1.272166e-01
10381,	1.271938e-01
10382,	1.271709e-01
10383,	1.271480e-01
10384,	1.271252e-01
10385,	1.271023e-01
10386,	1.270795e-01
10387,	1.270566e-01
10388,	1.270337e-01
10389,	1.270109e-01
10390,	1.269880e-01
10391,	1.269652e-01
10392,	1.269423e-01
10393,	1.269195e-01
10394,	1.268966e-01
10395,	1.268738e-01
10396,	1.268509e-01
10397,	1.268281e-01
10398,	1.268052e-01
10399,	1.267824e-01
10400,	1.267595e-01
10401,	1.267367e-01
10402,	1.267139e-01
10403,	1.266910e-01
10404,	1.266682e-01
10405,	1.266454e-01
10406,	1.266225e-01
10407,	1.265997e-01
10408,	1.265769e-01
10409,	1.265540e-01
10410,	1.265312e-01
10411,	1.265084e-01
10412,	1.264855e-01
10413,	1.264627e-01
10414,	1.264399e-01
10415,	1.264171e-01
10416,	1.263942e-01
10417,	1.263714e-01
10418,	1.263486e-01
10419,	1.263258e-01
10420,	1.263030e-01
10421,	1.262801e-01
10422,	1.262573e-01
10423,	1.262345e-01
10424,	1.262117e-01
10425,	1.261889e-01
10426,	1.261661e-01
10427,	1.261433e-01
10428,	1.261205e-01
10429,	1.260977e-01
10430,	1.260748e-01
10431,	1.260520e-01
10432,	1.260292e-01
10433,	1.260064e-01
10434,	1.259836e-01
10435,	1.259608e-01
10436,	1.259380e-01
10437,	1.259153e-01
10438,	1.258925e-01
10439,	1.258697e-01
10440,	1.258469e-01
10441,	1.258241e-01
10442,	1.258013e-01
10443,	1.257785e-01
10444,	1.257557e-01
10445,	1.257329e-01
10446,	1.257101e-01
10447,	1.256874e-01
10448,	1.256646e-01
10449,	1.256418e-01
10450,	1.256190e-01
10451,	1.255962e-01
10452,	1.255735e-01
10453,	1.255507e-01
10454,	1.255279e-01
10455,	1.255051e-01
10456,	1.254824e-01
10457,	1.254596e-01
10458,	1.254368e-01
10459,	1.254141e-01
10460,	1.253913e-01
10461,	1.253685e-01
10462,	1.253458e-01
10463,	1.253230e-01
10464,	1.253002e-01
10465,	1.252775e-01
10466,	1.252547e-01
10467,	1.252320e-01
10468,	1.252092e-01
10469,	1.251865e-01
10470,	1.251637e-01
10471,	1.251410e-01
10472,	1.251182e-01
10473,	1.250955e-01
10474,	1.250727e-01
10475,	1.250500e-01
10476,	1.250272e-01
10477,	1.250045e-01
10478,	1.249817e-01
10479,	1.249590e-01
10480,	1.249362e-01
10481,	1.249135e-01
10482,	1.248908e-01
10483,	1.248680e-01
10484,	1.248453e-01
10485,	1.248226e-01
10486,	1.247998e-01
10487,	1.247771e-01
10488,	1.247544e-01
10489,	1.247316e-01
10490,	1.247089e-01
10491,	1.246862e-01
10492,	1.246635e-01
10493,	1.246407e-01
10494,	1.246180e-01
10495,	1.245953e-01
10496,	1.245726e-01
10497,	1.245499e-01
10498,	1.245271e-01
10499,	1.245044e-01
10500,	1.244817e-01
10501,	1.244590e-01
10502,	1.244363e-01
10503,	1.244136e-01
10504,	1.243909e-01
10505,	1.243682e-01
10506,	1.243454e-01
10507,	1.243227e-01
10508,	1.243000e-01
10509,	1.242773e-01
10510,	1.242546e-01
10511,	1.242319e-01
10512,	1.242092e-01
10513,	1.241865e-01
10514,	1.241638e-01
10515,	1.241411e-01
10516,	1.241185e-01
10517,	1.240958e-01
10518,	1.240731e-01
10519,	1.240504e-01
10520,	1.240277e-01
10521,	1.240050e-01
10522,	1.239823e-01
10523,	1.239596e-01
10524,	1.239370e-01
10525,	1.239143e-01
10526,	1.238916e-01
10527,	1.238689e-01
10528,	1.238462e-01
10529,	1.238236e-01
10530,	1.238009e-01
10531,	1.237782e-01
10532,	1.237555e-01
10533,	1.237329e-01
10534,	1.237102e-01
10535,	1.236875e-01
10536,	1.236649e-01
10537,	1.236422e-01
10538,	1.236195e-01
10539,	1.235969e-01
10540,	1.235742e-01
10541,	1.235515e-01
10542,	1.235289e-01
10543,	1.235062e-01
10544,	1.234836e-01
10545,	1.234609e-01
10546,	1.234383e-01
10547,	1.234156e-01
10548,	1.233930e-01
10549,	1.233703e-01
10550,	1.233477e-01
10551,	1.233250e-01
10552,	1.233024e-01
10553,	1.232797e-01
10554,	1.232571e-01
10555,	1.232344e-01
10556,	1.232118e-01
10557,	1.231892e-01
10558,	1.231665e-01
10559,	1.231439e-01
10560,	1.231213e-01
10561,	1.230986e-01
10562,	1.230760e-01
10563,	1.230534e-01
10564,	1.230307e-01
10565,	1.230081e-01
10566,	1.229855e-01
10567,	1.229629e-01
10568,	1.229402e-01
10569,	1.229176e-01
10570,	1.228950e-01
10571,	1.228724e-01
10572,	1.228497e-01
10573,	1.228271e-01
10574,	1.228045e-01
10575,	1.227819e-01
10576,	1.227593e-01
10577,	1.227367e-01
10578,	1.227141e-01
10579,	1.226915e-01
10580,	1.226688e-01
10581,	1.226462e-01
10582,	1.226236e-01
10583,	1.226010e-01
10584,	1.225784e-01
10585,	1.225558e-01
10586,	1.225332e-01
10587,	1.225106e-01
10588,	1.224880e-01
10589,	1.224654e-01
10590,	1.224428e-01
10591,	1.224202e-01
10592,	1.223977e-01
10593,	1.223751e-01
10594,	1.223525e-01
10595,	1.223299e-01
10596,	1.223073e-01
10597,	1.222847e-01
10598,	1.222621e-01
10599,	1.222396e-01
10600,	1.222170e-01
10601,	1.221944e-01
10602,	1.221718e-01
10603,	1.221492e-01
10604,	1.221267e-01
10605,	1.221041e-01
10606,	1.220815e-01
10607,	1.220589e-01
10608,	1.220364e-01
10609,	1.220138e-01
10610,	1.219912e-01
10611,	1.219687e-01
10612,	1.219461e-01
10613,	1.219235e-01
10614,	1.219010e-01
10615,	1.218784e-01
10616,	1.218559e-01
10617,	1.218333e-01
10618,	1.218108e-01
10619,	1.217882e-01
10620,	1.217656e-01
10621,	1.217431e-01
10622,	1.217205e-01
10623,	1.216980e-01
10624,	1.216754e-01
10625,	1.216529e-01
10626,	1.216304e-01
10627,	1.216078e-01
10628,	1.215853e-01
10629,	1.215627e-01
10630,	1.215402e-01
10631,	1.215176e-01
10632,	1.214951e-01
10633,	1.214726e-01
10634,	1.214500e-01
10635,	1.214275e-01
10636,	1.214050e-01
10637,	1.213824e-01
10638,	1.213599e-01
10639,	1.213374e-01
10640,	1.213149e-01
10641,	1.212923e-01
10642,	1.212698e-01
10643,	1.212473e-01
10644,	1.212248e-01
10645,	1.212023e-01
10646,	1.211797e-01
10647,	1.211572e-01
10648,	1.211347e-01
10649,	1.211122e-01
10650,	1.210897e-01
10651,	1.210672e-01
10652,	1.210447e-01
10653,	1.210222e-01
10654,	1.209996e-01
10655,	1.209771e-01
10656,	1.209546e-01
10657,	1.209321e-01
10658,	1.209096e-01
10659,	1.208871e-01
10660,	1.208646e-01
10661,	1.208421e-01
10662,	1.208196e-01
10663,	1.207972e-01
10664,	1.207747e-01
10665,	1.207522e-01
10666,	1.207297e-01
10667,	1.207072e-01
10668,	1.206847e-01
10669,	1.206622e-01
10670,	1.206397e-01
10671,	1.206173e-01
10672,	1.205948e-01
10673,	1.205723e-01
10674,	1.205498e-01
10675,	1.205273e-01
10676,	1.205049e-01
10677,	1.204824e-01
10678,	1.204599e-01
10679,	1.204374e-01
10680,	1.204150e-01
10681,	1.203925e-01
10682,	1.203700e-01
10683,	1.203476e-01
10684,	1.203251e-01
10685,	1.203026e-01
10686,	1.202802e-01
10687,	1.202577e-01
10688,	1.202353e-01
10689,	1.202128e-01
10690,	1.201904e-01
10691,	1.201679e-01
10692,	1.201454e-01
10693,	1.201230e-01
10694,	1.201005e-01
10695,	1.200781e-01
10696,	1.200556e-01
10697,	1.200332e-01
10698,	1.200108e-01
10699,	1.199883e-01
10700,	1.199659e-01
10701,	1.199434e-01
10702,	1.199210e-01
10703,	1.198986e-01
10704,	1.198761e-01
10705,	1.198537e-01
10706,	1.198313e-01
10707,	1.198088e-01
10708,	1.197864e-01
10709,	1.197640e-01
10710,	1.197415e-01
10711,	1.197191e-01
10712,	1.196967e-01
10713,	1.196743e-01
10714,	1.196518e-01
10715,	1.196294e-01
10716,	1.196070e-01
10717,	1.195846e-01
10718,	1.195622e-01
10719,	1.195398e-01
10720,	1.195173e-01
10721,	1.194949e-01
10722,	1.194725e-01
10723,	1.194501e-01
10724,	1.194277e-01
10725,	1.194053e-01
10726,	1.193829e-01
10727,	1.193605e-01
10728,	1.193381e-01
10729,	1.193157e-01
10730,	1.192933e-01
10731,	1.192709e-01
10732,	1.192485e-01
10733,	1.192261e-01
10734,	1.192037e-01
10735,	1.191813e-01
10736,	1.191589e-01
10737,	1.191365e-01
10738,	1.191142e-01
10739,	1.190918e-01
10740,	1.190694e-01
10741,	1.190470e-01
10742,	1.190246e-01
10743,	1.190022e-01
10744,	1.189799e-01
10745,	1.189575e-01
10746,	1.189351e-01
10747,	1.189127e-01
10748,	1.188904e-01
10749,	1.188680e-01
10750,	1.188456e-01
10751,	1.188233e-01
10752,	1.188009e-01
10753,	1.187785e-01
10754,	1.187562e-01
10755,	1.187338e-01
10756,	1.187114e-01
10757,	1.186891e-01
10758,	1.186667e-01
10759,	1.186444e-01
10760,	1.186220e-01
10761,	1.185997e-01
10762,	1.185773e-01
10763,	1.185550e-01
10764,	1.185326e-01
10765,	1.185103e-01
10766,	1.184879e-01
10767,	1.184656e-01
10768,	1.184432e-01
10769,	1.184209e-01
10770,	1.183985e-01
10771,	1.183762e-01
10772,	1.183539e-01
10773,	1.183315e-01
10774,	1.183092e-01
10775,	1.182869e-01
10776,	1.182645e-01
10777,	1.182422e-01
10778,	1.182199e-01
10779,	1.181975e-01
10780,	1.181752e-01
10781,	1.181529e-01
10782,	1.181306e-01
10783,	1.181082e-01
10784,	1.180859e-01
10785,	1.180636e-01
10786,	1.180413e-01
10787,	1.180190e-01
10788,	1.179967e-01
10789,	1.179744e-01
10790,	1.179520e-01
10791,	1.179297e-01
10792,	1.179074e-01
10793,	1.178851e-01
10794,	1.178628e-01
10795,	1.178405e-01
10796,	1.178182e-01
10797,	1.177959e-01
10798,	1.177736e-01
10799,	1.177513e-01
10800,	1.177290e-01
10801,	1.177067e-01
10802,	1.176844e-01
10803,	1.176621e-01
10804,	1.176398e-01
10805,	1.176176e-01
10806,	1.175953e-01
10807,	1.175730e-01
10808,	1.175507e-01
10809,	1.175284e-01
10810,	1.175061e-01
10811,	1.174839e-01
10812,	1.174616e-01
10813,	1.174393e-01
10814,	1.174170e-01
10815,	1.173948e-01
10816,	1.173725e-01
10817,	1.173502e-01
10818,	1.173279e-01
10819,	1.173057e-01
10820,	1.172834e-01
10821,	1.172611e-01
10822,	1.172389e-01
10823,	1.172166e-01
10824,	1.171944e-01
10825,	1.171721e-01
10826,	1.171498e-01
10827,	1.171276e-01
10828,	1.171053e-01
10829,	1.170831e-01
10830,	1.170608e-01
10831,	1.170386e-01
10832,	1.170163e-01
10833,	1.169941e-01
10834,	1.169718e-01
10835,	1.169496e-01
10836,	1.169274e-01
10837,	1.169051e-01
10838,	1.168829e-01
10839,	1.168606e-01
10840,	1.168384e-01
10841,	1.168162e-01
10842,	1.167939e-01
10843,	1.167717e-01
10844,	1.167495e-01
10845,	1.167272e-01
10846,	1.167050e-01
10847,	1.166828e-01
10848,	1.166606e-01
10849,	1.166383e-01
10850,	1.166161e-01
10851,	1.165939e-01
10852,	1.165717e-01
10853,	1.165495e-01
10854,	1.165273e-01
10855,	1.165050e-01
10856,	1.164828e-01
10857,	1.164606e-01
10858,	1.164384e-01
10859,	1.164162e-01
10860,	1.163940e-01
10861,	1.163718e-01
10862,	1.163496e-01
10863,	1.163274e-01
10864,	1.163052e-01
10865,	1.162830e-01
10866,	1.162608e-01
10867,	1.162386e-01
10868,	1.162164e-01
10869,	1.161942e-01
10870,	1.161720e-01
10871,	1.161498e-01
10872,	1.161277e-01
10873,	1.161055e-01
10874,	1.160833e-01
10875,	1.160611e-01
10876,	1.160389e-01
10877,	1.160167e-01
10878,	1.159946e-01
10879,	1.159724e-01
10880,	1.159502e-01
10881,	1.159280e-01
10882,	1.159059e-01
10883,	1.158837e-01
10884,	1.158615e-01
10885,	1.158394e-01
10886,	1.158172e-01
10887,	1.157950e-01
10888,	1.157729e-01
10889,	1.157507e-01
10890,	1.157286e-01
10891,	1.157064e-01
10892,	1.156842e-01
10893,	1.156621e-01
10894,	1.156399e-01
10895,	1.156178e-01
10896,	1.155956e-01
10897,	1.155735e-01
10898,	1.155513e-01
10899,	1.155292e-01
10900,	1.155070e-01
10901,	1.154849e-01
10902,	1.154628e-01
10903,	1.154406e-01
10904,	1.154185e-01
10905,	1.153964e-01
10906,	1.153742e-01
10907,	1.153521e-01
10908,	1.153300e-01
10909,	1.153078e-01
10910,	1.152857e-01
10911,	1.152636e-01
10912,	1.152414e-01
10913,	1.152193e-01
10914,	1.151972e-01
10915,	1.151751e-01
10916,	1.151530e-01
10917,	1.151308e-01
10918,	1.151087e-01
10919,	1.150866e-01
10920,	1.150645e-01
10921,	1.150424e-01
10922,	1.150203e-01
10923,	1.149982e-01
10924,	1.149761e-01
10925,	1.149540e-01
10926,	1.149319e-01
10927,	1.149098e-01
10928,	1.148877e-01
10929,	1.148656e-01
10930,	1.148435e-01
10931,	1.148214e-01
10932,	1.147993e-01
10933,	1.147772e-01
10934,	1.147551e-01
10935,	1.147330e-01
10936,	1.147109e-01
10937,	1.146888e-01
10938,	1.146667e-01
10939,	1.146447e-01
10940,	1.146226e-01
10941,	1.146005e-01
10942,	1.145784e-01
10943,	1.145563e-01
10944,	1.145343e-01
10945,	1.145122e-01
10946,	1.144901e-01
10947,	1.144681e-01
10948,	1.144460e-01
10949,	1.144239e-01
10950,	1.144019e-01
10951,	1.143798e-01
10952,	1.143577e-01
10953,	1.143357e-01
10954,	1.143136e-01
10955,	1.142916e-01
10956,	1.142695e-01
10957,	1.142474e-01
10958,	1.142254e-01
10959,	1.142033e-01
10960,	1.141813e-01
10961,	1.141592e-01
10962,	1.141372e-01
10963,	1.141152e-01
10964,	1.140931e-01
10965,	1.140711e-01
10966,	1.140490e-01
10967,	1.140270e-01
10968,	1.140050e-01
10969,	1.139829e-01
10970,	1.139609e-01
10971,	1.139389e-01
10972,	1.139168e-01
10973,	1.138948e-01
10974,	1.138728e-01
10975,	1.138508e-01
10976,	1.138287e-01
10977,	1.138067e-01
10978,	1.137847e-01
10979,	1.137627e-01
10980,	1.137406e-01
10981,	1.137186e-01
10982,	1.136966e-01
10983,	1.136746e-01
10984,	1.136526e-01
10985,	1.136306e-01
10986,	1.136086e-01
10987,	1.135866e-01
10988,	1.135646e-01
10989,	1.135426e-01
10990,	1.135206e-01
10991,	1.134986e-01
10992,	1.134766e-01
10993,	1.134546e-01
10994,	1.134326e-01
10995,	1.134106e-01
10996,	1.133886e-01
10997,	1.133666e-01
10998,	1.133446e-01
10999,	1.133226e-01
11000,	1.133006e-01
11001,	1.132787e-01
11002,	1.132567e-01
11003,	1.132347e-01
11004,	1.132127e-01
11005,	1.131907e-01
11006,	1.131688e-01
11007,	1.131468e-01
11008,	1.131248e-01
11009,	1.131029e-01
11010,	1.130809e-01
11011,	1.130589e-01
11012,	1.130370e-01
11013,	1.130150e-01
11014,	1.129930e-01
11015,	1.129711e-01
11016,	1.129491e-01
11017,	1.129271e-01
11018,	1.129052e-01
11019,	1.128832e-01
11020,	1.128613e-01
11021,	1.128393e-01
11022,	1.128174e-01
11023,	1.127954e-01
11024,	1.127735e-01
11025,	1.127515e-01
11026,	1.127296e-01
11027,	1.127077e-01
11028,	1.126857e-01
11029,	1.126638e-01
11030,	1.126418e-01
11031,	1.126199e-01
11032,	1.125980e-01
11033,	1.125761e-01
11034,	1.125541e-01
11035,	1.125322e-01
11036,	1.125103e-01
11037,	1.124883e-01
11038,	1.124664e-01
11039,	1.124445e-01
11040,	1.124226e-01
11041,	1.124007e-01
11042,	1.123787e-01
11043,	1.123568e-01
11044,	1.123349e-01
11045,	1.123130e-01
11046,	1.122911e-01
11047,	1.122692e-01
11048,	1.122473e-01
11049,	1.122254e-01
11050,	1.122035e-01
11051,	1.121816e-01
11052,	1.121597e-01
11053,	1.121378e-01
11054,	1.121159e-01
11055,	1.120940e-01
11056,	1.120721e-01
11057,	1.120502e-01
11058,	1.120283e-01
11059,	1.120064e-01
11060,	1.119845e-01
11061,	1.119626e-01
11062,	1.119408e-01
11063,	1.119189e-01
11064,	1.118970e-01
11065,	1.118751e-01
11066,	1.118532e-01
11067,	1.118314e-01
11068,	1.118095e-01
11069,	1.117876e-01
11070,	1.117657e-01
11071,	1.117439e-01
11072,	1.117220e-01
11073,	1.117001e-01
11074,	1.116783e-01
11075,	1.116564e-01
11076,	1.116346e-01
11077,	1.116127e-01
11078,	1.115908e-01
11079,	1.115690e-01
11080,	1.115471e-01
11081,	1.115253e-01
11082,	1.115034e-01
11083,	1.114816e-01
11084,	1.114597e-01
11085,	1.114379e-01
11086,	1.114160e-01
11087,	1.113942e-01
11088,	1.113724e-01
11089,	1.113505e-01
11090,	1.113287e-01
11091,	1.113069e-01
11092,	1.112850e-01
11093,	1.112632e-01
11094,	1.112414e-01
11095,	1.112195e-01
11096,	1.111977e-01
11097,	1.111759e-01
11098,	1.111540e-01
11099,	1.111322e-01
11100,	1.111104e-01
11101,	1.110886e-01
11102,	1.110668e-01
11103,	1.110450e-01
11104,	1.110231e-01
11105,	1.110013e-01
11106,	1.109795e-01
11107,	1.109577e-01
11108,	1.109359e-01
11109,	1.109141e-01
11110,	1.108923e-01
11111,	1.108705e-01
11112,	1.108487e-01
11113,	1.108269e-01
11114,	1.108051e-01
11115,	1.107833e-01
11116,	1.107615e-01
11117,	1.107397e-01
11118,	1.107179e-01
11119,	1.106961e-01
11120,	1.106743e-01
11121,	1.106526e-01
11122,	1.106308e-01
11123,	1.106090e-01
11124,	1.105872e-01
11125,	1.105654e-01
11126,	1.105437e-01
11127,	1.105219e-01
11128,	1.105001e-01
11129,	1.104783e-01
11130,	1.104566e-01
11131,	1.104348e-01
11132,	1.104130e-01
11133,	1.103913e-01
11134,	1.103695e-01
11135,	1.103477e-01
11136,	1.103260e-01
11137,	1.103042e-01
11138,	1.102825e-01
11139,	1.102607e-01
11140,	1.102390e-01
11141,	1.102172e-01
11142,	1.101955e-01
11143,	1.101737e-01
11144,	1.101520e-01
11145,	1.101302e-01
11146,	1.101085e-01
11147,	1.100867e-01
11148,	1.100650e-01
11149,	1.100433e-01
11150,	1.100215e-01
11151,	1.099998e-01
11152,	1.099781e-01
11153,	1.099563e-01
11154,	1.099346e-01
11155,	1.099129e-01
11156,	1.098911e-01
11157,	1.098694e-01
11158,	1.098477e-01
11159,	1.098260e-01
11160,	1.098043e-01
11161,	1.097825e-01
11162,	1.097608e-01
11163,	1.097391e-01
11164,	1.097174e-01
11165,	1.096957e-01
11166,	1.096740e-01
11167,	1.096523e-01
11168,	1.096306e-01
11169,	1.096089e-01
11170,	1.095872e-01
11171,	1.095655e-01
11172,	1.095438e-01
11173,	1.095221e-01
11174,	1.095004e-01
11175,	1.094787e-01
11176,	1.094570e-01
11177,	1.094353e-01
11178,	1.094136e-01
11179,	1.093919e-01
11180,	1.093702e-01
11181,	1.093485e-01
11182,	1.093269e-01
11183,	1.093052e-01
11184,	1.092835e-01
11185,	1.092618e-01
11186,	1.092401e-01
11187,	1.092185e-01
11188,	1.091968e-01
11189,	1.091751e-01
11190,	1.091535e-01
11191,	1.091318e-01
11192,	1.091101e-01
11193,	1.090885e-01
11194,	1.090668e-01
11195,	1.090452e-01
11196,	1.090235e-01
11197,	1.090018e-01
11198,	1.089802e-01
11199,	1.089585e-01
11200,	1.089369e-01
11201,	1.089152e-01
11202,	1.088936e-01
11203,	1.088719e-01
11204,	1.088503e-01
11205,	1.088287e-01
11206,	1.088070e-01
11207,	1.087854e-01
11208,	1.087637e-01
11209,	1.087421e-01
11210,	1.087205e-01
11211,	1.086988e-01
11212,	1.086772e-01
11213,	1.086556e-01
11214,	1.086340e-01
11215,	1.086123e-01
11216,	1.085907e-01
11217,	1.085691e-01
11218,	1.085475e-01
11219,	1.085258e-01
11220,	1.085042e-01
11221,	1.084826e-01
11222,	1.084610e-01
11223,	1.084394e-01
11224,	1.084178e-01
11225,	1.083962e-01
11226,	1.083746e-01
11227,	1.083530e-01
11228,	1.083314e-01
11229,	1.083098e-01
11230,	1.082882e-01
11231,	1.082666e-01
11232,	1.082450e-01
11233,	1.082234e-01
11234,	1.082018e-01
11235,	1.081802e-01
11236,	1.081586e-01
11237,	1.081370e-01
11238,	1.081154e-01
11239,	1.080939e-01
11240,	1.080723e-01
11241,	1.080507e-01
11242,	1.080291e-01
11243,	1.080075e-01
11244,	1.079860e-01
11245,	1.079644e-01
11246,	1.079428e-01
11247,	1.079213e-01
11248,	1.078997e-01
11249,	1.078781e-01
11250,	1.078566e-01
11251,	1.078350e-01
11252,	1.078134e-01
11253,	1.077919e-01
11254,	1.077703e-01
11255,	1.077488e-01
11256,	1.077272e-01
11257,	1.077057e-01
11258,	1.076841e-01
11259,	1.076626e-01
11260,	1.076410e-01
11261,	1.076195e-01
11262,	1.075979e-01
11263,	1.075764e-01
11264,	1.075548e-01
11265,	1.075333e-01
11266,	1.075118e-01
11267,	1.074902e-01
11268,	1.074687e-01
11269,	1.074472e-01
11270,	1.074257e-01
11271,	1.074041e-01
11272,	1.073826e-01
11273,	1.073611e-01
11274,	1.073396e-01
11275,	1.073180e-01
11276,	1.072965e-01
11277,	1.072750e-01
11278,	1.072535e-01
11279,	1.072320e-01
11280,	1.072105e-01
11281,	1.071890e-01
11282,	1.071674e-01
11283,	1.071459e-01
11284,	1.071244e-01
11285,	1.071029e-01
11286,	1.070814e-01
11287,	1.070599e-01
11288,	1.070384e-01
11289,	1.070169e-01
11290,	1.069955e-01
11291,	1.069740e-01
11292,	1.069525e-01
11293,	1.069310e-01
11294,	1.069095e-01
11295,	1.068880e-01
11296,	1.068665e-01
11297,	1.068450e-01
11298,	1.068236e-01
11299,	1.068021e-01
11300,	1.067806e-01
11301,	1.067591e-01
11302,	1.067377e-01
11303,	1.067162e-01
11304,	1.066947e-01
11305,	1.066733e-01
11306,	1.066518e-01
11307,	1.066303e-01
11308,	1.066089e-01
11309,	1.065874e-01
11310,	1.065660e-01
11311,	1.065445e-01
11312,	1.065231e-01
11313,	1.065016e-01
11314,	1.064801e-01
11315,	1.064587e-01
11316,	1.064373e-01
11317,	1.064158e-01
11318,	1.063944e-01
11319,	1.063729e-01
11320,	1.063515e-01
11321,	1.063300e-01
11322,	1.063086e-01
11323,	1.062872e-01
11324,	1.062657e-01
11325,	1.062443e-01
11326,	1.062229e-01
11327,	1.062015e-01
11328,	1.061800e-01
11329,	1.061586e-01
11330,	1.061372e-01
11331,	1.061158e-01
11332,	1.060943e-01
11333,	1.060729e-01
11334,	1.060515e-01
11335,	1.060301e-01
11336,	1.060087e-01
11337,	1.059873e-01
11338,	1.059659e-01
11339,	1.059445e-01
11340,	1.059231e-01
11341,	1.059017e-01
11342,	1.058803e-01
11343,	1.058589e-01
11344,	1.058375e-01
11345,	1.058161e-01
11346,	1.057947e-01
11347,	1.057733e-01
11348,	1.057519e-01
11349,	1.057305e-01
11350,	1.057091e-01
11351,	1.056877e-01
11352,	1.056664e-01
11353,	1.056450e-01
11354,	1.056236e-01
11355,	1.056022e-01
11356,	1.055808e-01
11357,	1.055595e-01
11358,	1.055381e-01
11359,	1.055167e-01
11360,	1.054954e-01
11361,	1.054740e-01
11362,	1.054526e-01
11363,	1.054313e-01
11364,	1.054099e-01
11365,	1.053886e-01
11366,	1.053672e-01
11367,	1.053458e-01
11368,	1.053245e-01
11369,	1.053031e-01
11370,	1.052818e-01
11371,	1.052604e-01
11372,	1.052391e-01
11373,	1.052178e-01
11374,	1.051964e-01
11375,	1.051751e-01
11376,	1.051537e-01
11377,	1.051324e-01
11378,	1.051111e-01
11379,	1.050897e-01
11380,	1.050684e-01
11381,	1.050471e-01
11382,	1.050257e-01
11383,	1.050044e-01
11384,	1.049831e-01
11385,	1.049618e-01
11386,	1.049404e-01
11387,	1.049191e-01
11388,	1.048978e-01
11389,	1.048765e-01
11390,	1.048552e-01
11391,	1.048339e-01
11392,	1.048126e-01
11393,	1.047913e-01
11394,	1.047699e-01
11395,	1.047486e-01
11396,	1.047273e-01
11397,	1.047060e-01
11398,	1.046847e-01
11399,	1.046634e-01
11400,	1.046422e-01
11401,	1.046209e-01
11402,	1.045996e-01
11403,	1.045783e-01
11404,	1.045570e-01
11405,	1.045357e-01
11406,	1.045144e-01
11407,	1.044931e-01
11408,	1.044719e-01
11409,	1.044506e-01
11410,	1.044293e-01
11411,	1.044080e-01
11412,	1.043868e-01
11413,	1.043655e-01
11414,	1.043442e-01
11415,	1.043229e-01
11416,	1.043017e-01
11417,	1.042804e-01
11418,	1.042592e-01
11419,	1.042379e-01
11420,	1.042166e-01
11421,	1.041954e-01
11422,	1.041741e-01
11423,	1.041529e-01
11424,	1.041316e-01
11425,	1.041104e-01
11426,	1.040891e-01
11427,	1.040679e-01
11428,	1.040466e-01
11429,	1.040254e-01
11430,	1.040042e-01
11431,	1.039829e-01
11432,	1.039617e-01
11433,	1.039405e-01
11434,	1.039192e-01
11435,	1.038980e-01
11436,	1.038768e-01
11437,	1.038555e-01
11438,	1.038343e-01
11439,	1.038131e-01
11440,	1.037919e-01
11441,	1.037706e-01
11442,	1.037494e-01
11443,	1.037282e-01
11444,	1.037070e-01
11445,	1.036858e-01
11446,	1.036646e-01
11447,	1.036434e-01
11448,	1.036222e-01
11449,	1.036010e-01
11450,	1.035798e-01
11451,	1.035585e-01
11452,	1.035374e-01
11453,	1.035162e-01
11454,	1.034950e-01
11455,	1.034738e-01
11456,	1.034526e-01
11457,	1.034314e-01
11458,	1.034102e-01
11459,	1.033890e-01
11460,	1.033678e-01
11461,	1.033466e-01
11462,	1.033255e-01
11463,	1.033043e-01
11464,	1.032831e-01
11465,	1.032619e-01
11466,	1.032408e-01
11467,	1.032196e-01
11468,	1.031984e-01
11469,	1.031772e-01
11470,	1.031561e-01
11471,	1.031349e-01
11472,	1.031138e-01
11473,	1.030926e-01
11474,	1.030714e-01
11475,	1.030503e-01
11476,	1.030291e-01
11477,	1.030080e-01
11478,	1.029868e-01
11479,	1.029657e-01
11480,	1.029445e-01
11481,	1.029234e-01
11482,	1.029022e-01
11483,	1.028811e-01
11484,	1.028600e-01
11485,	1.028388e-01
11486,	1.028177e-01
11487,	1.027966e-01
11488,	1.027754e-01
11489,	1.027543e-01
11490,	1.027332e-01
11491,	1.027120e-01
11492,	1.026909e-01
11493,	1.026698e-01
11494,	1.026487e-01
11495,	1.026275e-01
11496,	1.026064e-01
11497,	1.025853e-01
11498,	1.025642e-01
11499,	1.025431e-01
11500,	1.025220e-01
11501,	1.025009e-01
11502,	1.024798e-01
11503,	1.024587e-01
11504,	1.024376e-01
11505,	1.024165e-01
11506,	1.023954e-01
11507,	1.023743e-01
11508,	1.023532e-01
11509,	1.023321e-01
11510,	1.023110e-01
11511,	1.022899e-01
11512,	1.022688e-01
11513,	1.022477e-01
11514,	1.022266e-01
11515,	1.022056e-01
11516,	1.021845e-01
11517,	1.021634e-01
11518,	1.021423e-01
11519,	1.021212e-01
11520,	1.021002e-01
11521,	1.020791e-01
11522,	1.020580e-01
11523,	1.020370e-01
11524,	1.020159e-01
11525,	1.019948e-01
11526,	1.019738e-01
11527,	1.019527e-01
11528,	1.019317e-01
11529,	1.019106e-01
11530,	1.018896e-01
11531,	1.018685e-01
11532,	1.018475e-01
11533,	1.018264e-01
11534,	1.018054e-01
11535,	1.017843e-01
11536,	1.017633e-01
11537,	1.017422e-01
11538,	1.017212e-01
11539,	1.017002e-01
11540,	1.016791e-01
11541,	1.016581e-01
11542,	1.016371e-01
11543,	1.016160e-01
11544,	1.015950e-01
11545,	1.015740e-01
11546,	1.015530e-01
11547,	1.015319e-01
11548,	1.015109e-01
11549,	1.014899e-01
11550,	1.014689e-01
11551,	1.014479e-01
11552,	1.014269e-01
11553,	1.014058e-01
11554,	1.013848e-01
11555,	1.013638e-01
11556,	1.013428e-01
11557,	1.013218e-01
11558,	1.013008e-01
11559,	1.012798e-01
11560,	1.012588e-01
11561,	1.012378e-01
11562,	1.012168e-01
11563,	1.011958e-01
11564,	1.011749e-01
11565,	1.011539e-01
11566,	1.011329e-01
11567,	1.011119e-01
11568,	1.010909e-01
11569,	1.010699e-01
11570,	1.010490e-01
11571,	1.010280e-01
11572,	1.010070e-01
11573,	1.009860e-01
11574,	1.009651e-01
11575,	1.009441e-01
11576,	1.009231e-01
11577,	1.009022e-01
11578,	1.008812e-01
11579,	1.008602e-01
11580,	1.008393e-01
11581,	1.008183e-01
11582,	1.007974e-01
11583,	1.007764e-01
11584,	1.007555e-01
11585,	1.007345e-01
11586,	1.007136e-01
11587,	1.006926e-01
11588,	1.006717e-01
11589,	1.006507e-01
11590,	1.006298e-01
11591,	1.006089e-01
11592,	1.005879e-01
11593,	1.005670e-01
11594,	1.005461e-01
11595,	1.005251e-01
11596,	1.005042e-01
11597,	1.004833e-01
11598,	1.004624e-01
11599,	1.004414e-01
11600,	1.004205e-01
11601,	1.003996e-01
11602,	1.003787e-01
11603,	1.003578e-01
11604,	1.003368e-01
11605,	1.003159e-01
11606,	1.002950e-01
11607,	1.002741e-01
11608,	1.002532e-01
11609,	1.002323e-01
11610,	1.002114e-01
11611,	1.001905e-01
11612,	1.001696e-01
11613,	1.001487e-01
11614,	1.001278e-01
11615,	1.001069e-01
11616,	1.000860e-01
11617,	1.000651e-01
11618,	1.000443e-01
11619,	1.000234e-01
11620,	1.000025e-01
11621,	9.998162e-02
11622,	9.996074e-02
11623,	9.993986e-02
11624,	9.991898e-02
11625,	9.989811e-02
11626,	9.987724e-02
11627,	9.985637e-02
11628,	9.983550e-02
11629,	9.981464e-02
11630,	9.979378e-02
11631,	9.977291e-02
11632,	9.975206e-02
11633,	9.973120e-02
11634,	9.971034e-02
11635,	9.968949e-02
11636,	9.966864e-02
11637,	9.964779e-02
11638,	9.962694e-02
11639,	9.960609e-02
11640,	9.958525e-02
11641,	9.956441e-02
11642,	9.954357e-02
11643,	9.952273e-02
11644,	9.950189e-02
11645,	9.948106e-02
11646,	9.946022e-02
11647,	9.943939e-02
11648,	9.941857e-02
11649,	9.939774e-02
11650,	9.937691e-02
11651,	9.935609e-02
11652,	9.933527e-02
11653,	9.931445e-02
11654,	9.929363e-02
11655,	9.927282e-02
11656,	9.925201e-02
11657,	9.923119e-02
11658,	9.921039e-02
11659,	9.918958e-02
11660,	9.916877e-02
11661,	9.914797e-02
11662,	9.912717e-02
11663,	9.910637e-02
11664,	9.908557e-02
11665,	9.906477e-02
11666,	9.904398e-02
11667,	9.902319e-02
11668,	9.900240e-02
11669,	9.898161e-02
11670,	9.896082e-02
11671,	9.894004e-02
11672,	9.891926e-02
11673,	9.889848e-02
11674,	9.887770e-02
11675,	9.885692e-02
11676,	9.883615e-02
11677,	9.881538e-02
11678,	9.879461e-02
11679,	9.877384e-02
11680,	9.875307e-02
11681,	9.873231e-02
11682,	9.871154e-02
11683,	9.869078e-02
11684,	9.867002e-02
11685,	9.864927e-02
11686,	9.862851e-02
11687,	9.860776e-02
11688,	9.858701e-02
11689,	9.856626e-02
11690,	9.854551e-02
11691,	9.852477e-02
11692,	9.850402e-02
11693,	9.848328e-02
11694,	9.846254e-02
11695,	9.844181e-02
11696,	9.842107e-02
11697,	9.840034e-02
11698,	9.837961e-02
11699,	9.835888e-02
11700,	9.833815e-02
11701,	9.831742e-02
11702,	9.829670e-02
11703,	9.827598e-02
11704,	9.825526e-02
11705,	9.823454e-02
11706,	9.821382e-02
11707,	9.819311e-02
11708,	9.817240e-02
11709,	9.815169e-02
11710,	9.813098e-02
11711,	9.811027e-02
11712,	9.808957e-02
11713,	9.806887e-02
11714,	9.804817e-02
11715,	9.802747e-02
11716,	9.800677e-02
11717,	9.798608e-02
11718,	9.796539e-02
11719,	9.794470e-02
11720,	9.792401e-02
11721,	9.790332e-02
11722,	9.788264e-02
11723,	9.786196e-02
11724,	9.784128e-02
11725,	9.782060e-02
11726,	9.779992e-02
11727,	9.777925e-02
11728,	9.775857e-02
11729,	9.773790e-02
11730,	9.771723e-02
11731,	9.769657e-02
11732,	9.767590e-02
11733,	9.765524e-02
11734,	9.763458e-02
11735,	9.761392e-02
11736,	9.759326e-02
11737,	9.757261e-02
11738,	9.755196e-02
11739,	9.753131e-02
11740,	9.751066e-02
11741,	9.749001e-02
11742,	9.746937e-02
11743,	9.744872e-02
11744,	9.742808e-02
11745,	9.740744e-02
11746,	9.738681e-02
11747,	9.736617e-02
11748,	9.734554e-02
11749,	9.732491e-02
11750,	9.730428e-02
11751,	9.728365e-02
11752,	9.726303e-02
11753,	9.724240e-02
11754,	9.722178e-02
11755,	9.720116e-02
11756,	9.718055e-02
11757,	9.715993e-02
11758,	9.713932e-02
11759,	9.711871e-02
11760,	9.709810e-02
11761,	9.707749e-02
11762,	9.705688e-02
11763,	9.703628e-02
11764,	9.701568e-02
11765,	9.699508e-02
11766,	9.697448e-02
11767,	9.695389e-02
11768,	9.693330e-02
11769,	9.691270e-02
11770,	9.689212e-02
11771,	9.687153e-02
11772,	9.685094e-02
11773,	9.683036e-02
11774,	9.680978e-02
11775,	9.678920e-02
11776,	9.676862e-02
11777,	9.674805e-02
11778,	9.672747e-02
11779,	9.670690e-02
11780,	9.668633e-02
11781,	9.666577e-02
11782,	9.664520e-02
11783,	9.662464e-02
11784,	9.660408e-02
11785,	9.658352e-02
11786,	9.656296e-02
11787,	9.654241e-02
11788,	9.652185e-02
11789,	9.650130e-02
11790,	9.648075e-02
11791,	9.646020e-02
11792,	9.643966e-02
11793,	9.641912e-02
11794,	9.639858e-02
11795,	9.637804e-02
11796,	9.635750e-02
11797,	9.633696e-02
11798,	9.631643e-02
11799,	9.629590e-02
11800,	9.627537e-02
11801,	9.625484e-02
11802,	9.623432e-02
11803,	9.621380e-02
11804,	9.619328e-02
11805,	9.617276e-02
11806,	9.615224e-02
11807,	9.613172e-02
11808,	9.611121e-02
11809,	9.609070e-02
11810,	9.607019e-02
11811,	9.604969e-02
11812,	9.602918e-02
11813,	9.600868e-02
11814,	9.598818e-02
11815,	9.596768e-02
11816,	9.594718e-02
11817,	9.592669e-02
11818,	9.590619e-02
11819,	9.588570e-02
11820,	9.586522e-02
11821,	9.584473e-02
11822,	9.582424e-02
11823,	9.580376e-02
11824,	9.578328e-02
11825,	9.576280e-02
11826,	9.574233e-02
11827,	9.572185e-02
11828,	9.570138e-02
11829,	9.568091e-02
11830,	9.566044e-02
11831,	9.563997e-02
11832,	9.561951e-02
11833,	9.559905e-02
11834,	9.557859e-02
11835,	9.555813e-02
11836,	9.553767e-02
11837,	9.551722e-02
11838,	9.549677e-02
11839,	9.547632e-02
11840,	9.545587e-02
11841,	9.543542e-02
11842,	9.541498e-02
11843,	9.539454e-02
11844,	9.537410e-02
11845,	9.535366e-02
11846,	9.533323e-02
11847,	9.531279e-02
11848,	9.529236e-02
11849,	9.527193e-02
11850,	9.525150e-02
11851,	9.523108e-02
11852,	9.521065e-02
11853,	9.519023e-02
11854,	9.516981e-02
11855,	9.514940e-02
11856,	9.512898e-02
11857,	9.510857e-02
11858,	9.508816e-02
11859,	9.506775e-02
11860,	9.504734e-02
11861,	9.502694e-02
11862,	9.500653e-02
11863,	9.498613e-02
11864,	9.496573e-02
11865,	9.494534e-02
11866,	9.492494e-02
11867,	9.490455e-02
11868,	9.488416e-02
11869,	9.486377e-02
11870,	9.484338e-02
11871,	9.482300e-02
11872,	9.480262e-02
11873,	9.478224e-02
11874,	9.476186e-02
11875,	9.474148e-02
11876,	9.472111e-02
11877,	9.470074e-02
11878,	9.468037e-02
11879,	9.466000e-02
11880,	9.463963e-02
11881,	9.461927e-02
11882,	9.459891e-02
11883,	9.457855e-02
11884,	9.455819e-02
11885,	9.453783e-02
11886,	9.451748e-02
11887,	9.449713e-02
11888,	9.447678e-02
11889,	9.445643e-02
11890,	9.443609e-02
11891,	9.441574e-02
11892,	9.439540e-02
11893,	9.437506e-02
11894,	9.435473e-02
11895,	9.433439e-02
11896,	9.431406e-02
11897,	9.429373e-02
11898,	9.427340e-02
11899,	9.425307e-02
11900,	9.423275e-02
11901,	9.421243e-02
11902,	9.419211e-02
11903,	9.417179e-02
11904,	9.415147e-02
11905,	9.413116e-02
11906,	9.411084e-02
11907,	9.409053e-02
11908,	9.407023e-02
11909,	9.404992e-02
11910,	9.402962e-02
11911,	9.400932e-02
11912,	9.398902e-02
11913,	9.396872e-02
11914,	9.394842e-02
11915,	9.392813e-02
11916,	9.390784e-02
11917,	9.388755e-02
11918,	9.386726e-02
11919,	9.384698e-02
11920,	9.382669e-02
11921,	9.380641e-02
11922,	9.378614e-02
11923,	9.376586e-02
11924,	9.374558e-02
11925,	9.372531e-02
11926,	9.370504e-02
11927,	9.368477e-02
11928,	9.366451e-02
11929,	9.364424e-02
11930,	9.362398e-02
11931,	9.360372e-02
11932,	9.358346e-02
11933,	9.356321e-02
11934,	9.354295e-02
11935,	9.352270e-02
11936,	9.350245e-02
11937,	9.348221e-02
11938,	9.346196e-02
11939,	9.344172e-02
11940,	9.342148e-02
11941,	9.340124e-02
11942,	9.338100e-02
11943,	9.336077e-02
11944,	9.334053e-02
11945,	9.332030e-02
11946,	9.330007e-02
11947,	9.327985e-02
11948,	9.325962e-02
11949,	9.323940e-02
11950,	9.321918e-02
11951,	9.319896e-02
11952,	9.317875e-02
11953,	9.315853e-02
11954,	9.313832e-02
11955,	9.311811e-02
11956,	9.309791e-02
11957,	9.307770e-02
11958,	9.305750e-02
11959,	9.303730e-02
11960,	9.301710e-02
11961,	9.299690e-02
11962,	9.297671e-02
11963,	9.295651e-02
11964,	9.293632e-02
11965,	9.291613e-02
11966,	9.289595e-02
11967,	9.287576e-02
11968,	9.285558e-02
11969,	9.283540e-02
11970,	9.281522e-02
11971,	9.279505e-02
11972,	9.277487e-02
11973,	9.275470e-02
11974,	9.273453e-02
11975,	9.271437e-02
11976,	9.269420e-02
11977,	9.267404e-02
11978,	9.265388e-02
11979,	9.263372e-02
11980,	9.261356e-02
11981,	9.259341e-02
11982,	9.257325e-02
11983,	9.255310e-02
11984,	9.253296e-02
11985,	9.251281e-02
11986,	9.249267e-02
11987,	9.247252e-02
11988,	9.245238e-02
11989,	9.243225e-02
11990,	9.241211e-02
11991,	9.239198e-02
11992,	9.237185e-02
11993,	9.235172e-02
11994,	9.233159e-02
11995,	9.231147e-02
11996,	9.229134e-02
11997,	9.227122e-02
11998,	9.225111e-02
11999,	9.223099e-02
12000,	9.221087e-02
12001,	9.219076e-02
12002,	9.217065e-02
12003,	9.215055e-02
12004,	9.213044e-02
12005,	9.211034e-02
12006,	9.209023e-02
12007,	9.207014e-02
12008,	9.205004e-02
12009,	9.202994e-02
12010,	9.200985e-02
12011,	9.198976e-02
12012,	9.196967e-02
12013,	9.194959e-02
12014,	9.192950e-02
12015,	9.190942e-02
12016,	9.188934e-02
12017,	9.186926e-02
12018,	9.184919e-02
12019,	9.182911e-02
12020,	9.180904e-02
12021,	9.178897e-02
12022,	9.176890e-02
12023,	9.174884e-02
12024,	9.172878e-02
12025,	9.170872e-02
12026,	9.168866e-02
12027,	9.166860e-02
12028,	9.164855e-02
12029,	9.162850e-02
12030,	9.160845e-02
12031,	9.158840e-02
12032,	9.156835e-02
12033,	9.154831e-02
12034,	9.152827e-02
12035,	9.150823e-02
12036,	9.148819e-02
12037,	9.146816e-02
12038,	9.144812e-02
12039,	9.142809e-02
12040,	9.140806e-02
12041,	9.138804e-02
12042,	9.136801e-02
12043,	9.134799e-02
12044,	9.132797e-02
12045,	9.130796e-02
12046,	9.128794e-02
12047,	9.126793e-02
12048,	9.124792e-02
12049,	9.122791e-02
12050,	9.120790e-02
12051,	9.118790e-02
12052,	9.116789e-02
12053,	9.114789e-02
12054,	9.112789e-02
12055,	9.110790e-02
12056,	9.108790e-02
12057,	9.106791e-02
12058,	9.104792e-02
12059,	9.102794e-02
12060,	9.100795e-02
12061,	9.098797e-02
12062,	9.096799e-02
12063,	9.094801e-02
12064,	9.092803e-02
12065,	9.090806e-02
12066,	9.088809e-02
12067,	9.086812e-02
12068,	9.084815e-02
12069,	9.082818e-02
12070,	9.080822e-02
12071,	9.078826e-02
12072,	9.076830e-02
12073,	9.074834e-02
12074,	9.072839e-02
12075,	9.070843e-02
12076,	9.068848e-02
12077,	9.066854e-02
12078,	9.064859e-02
12079,	9.062865e-02
12080,	9.060870e-02
12081,	9.058876e-02
12082,	9.056883e-02
12083,	9.054889e-02
12084,	9.052896e-02
12085,	9.050903e-02
12086,	9.048910e-02
12087,	9.046917e-02
12088,	9.044925e-02
12089,	9.042933e-02
12090,	9.040941e-02
12091,	9.038949e-02
12092,	9.036957e-02
12093,	9.034966e-02
12094,	9.032975e-02
12095,	9.030984e-02
12096,	9.028993e-02
12097,	9.027003e-02
12098,	9.025013e-02
12099,	9.023023e-02
12100,	9.021033e-02
12101,	9.019043e-02
12102,	9.017054e-02
12103,	9.015065e-02
12104,	9.013076e-02
12105,	9.011087e-02
12106,	9.009099e-02
12107,	9.007111e-02
12108,	9.005122e-02
12109,	9.003135e-02
12110,	9.001147e-02
12111,	8.999160e-02
12112,	8.997173e-02
12113,	8.995186e-02
12114,	8.993199e-02
12115,	8.991212e-02
12116,	8.989226e-02
12117,	8.987240e-02
12118,	8.985254e-02
12119,	8.983269e-02
12120,	8.981283e-02
12121,	8.979298e-02
12122,	8.977313e-02
12123,	8.975328e-02
12124,	8.973344e-02
12125,	8.971359e-02
12126,	8.969375e-02
12127,	8.967392e-02
12128,	8.965408e-02
12129,	8.963424e-02
12130,	8.961441e-02
12131,	8.959458e-02
12132,	8.957476e-02
12133,	8.955493e-02
12134,	8.953511e-02
12135,	8.951529e-02
12136,	8.949547e-02
12137,	8.947565e-02
12138,	8.945584e-02
12139,	8.943603e-02
12140,	8.941622e-02
12141,	8.939641e-02
12142,	8.937660e-02
12143,	8.935680e-02
12144,	8.933700e-02
12145,	8.931720e-02
12146,	8.929740e-02
12147,	8.927761e-02
12148,	8.925782e-02
12149,	8.923803e-02
12150,	8.921824e-02
12151,	8.919846e-02
12152,	8.917867e-02
12153,	8.915889e-02
12154,	8.913911e-02
12155,	8.911934e-02
12156,	8.909956e-02
12157,	8.907979e-02
12158,	8.906002e-02
12159,	8.904025e-02
12160,	8.902049e-02
12161,	8.900072e-02
12162,	8.898096e-02
12163,	8.896121e-02
12164,	8.894145e-02
12165,	8.892169e-02
12166,	8.890194e-02
12167,	8.888219e-02
12168,	8.886245e-02
12169,	8.884270e-02
12170,	8.882296e-02
12171,	8.880322e-02
12172,	8.878348e-02
12173,	8.876374e-02
12174,	8.874401e-02
12175,	8.872428e-02
12176,	8.870455e-02
12177,	8.868482e-02
12178,	8.866510e-02
12179,	8.864537e-02
12180,	8.862565e-02
12181,	8.860593e-02
12182,	8.858622e-02
12183,	8.856650e-02
12184,	8.854679e-02
12185,	8.852708e-02
12186,	8.850738e-02
12187,	8.848767e-02
12188,	8.846797e-02
12189,	8.844827e-02
12190,	8.842857e-02
12191,	8.840888e-02
12192,	8.838918e-02
12193,	8.836949e-02
12194,	8.834980e-02
12195,	8.833012e-02
12196,	8.831043e-02
12197,	8.829075e-02
12198,	8.827107e-02
12199,	8.825139e-02
12200,	8.823172e-02
12201,	8.821204e-02
12202,	8.819237e-02
12203,	8.817270e-02
12204,	8.815304e-02
12205,	8.813337e-02
12206,	8.811371e-02
12207,	8.809405e-02
12208,	8.807440e-02
12209,	8.805474e-02
12210,	8.803509e-02
12211,	8.801544e-02
12212,	8.799579e-02
12213,	8.797614e-02
12214,	8.795650e-02
12215,	8.793686e-02
12216,	8.791722e-02
12217,	8.789758e-02
12218,	8.787795e-02
12219,	8.785832e-02
12220,	8.783869e-02
12221,	8.781906e-02
12222,	8.779943e-02
12223,	8.777981e-02
12224,	8.776019e-02
12225,	8.774057e-02
12226,	8.772095e-02
12227,	8.770134e-02
12228,	8.768173e-02
12229,	8.766212e-02
12230,	8.764251e-02
12231,	8.762291e-02
12232,	8.760331e-02
12233,	8.758370e-02
12234,	8.756411e-02
12235,	8.754451e-02
12236,	8.752492e-02
12237,	8.750533e-02
12238,	8.748574e-02
12239,	8.746615e-02
12240,	8.744657e-02
12241,	8.742699e-02
12242,	8.740741e-02
12243,	8.738783e-02
12244,	8.736825e-02
12245,	8.734868e-02
12246,	8.732911e-02
12247,	8.730954e-02
12248,	8.728997e-02
12249,	8.727041e-02
12250,	8.725085e-02
12251,	8.723129e-02
12252,	8.721173e-02
12253,	8.719218e-02
12254,	8.717263e-02
12255,	8.715308e-02
12256,	8.713353e-02
12257,	8.711398e-02
12258,	8.709444e-02
12259,	8.707490e-02
12260,	8.705536e-02
12261,	8.703582e-02
12262,	8.701629e-02
12263,	8.699676e-02
12264,	8.697723e-02
12265,	8.695770e-02
12266,	8.693818e-02
12267,	8.691866e-02
12268,	8.689914e-02
12269,	8.687962e-02
12270,	8.686011e-02
12271,	8.684059e-02
12272,	8.682108e-02
12273,	8.680157e-02
12274,	8.678207e-02
12275,	8.676256e-02
12276,	8.674306e-02
12277,	8.672356e-02
12278,	8.670407e-02
12279,	8.668457e-02
12280,	8.666508e-02
12281,	8.664559e-02
12282,	8.662610e-02
12283,	8.660662e-02
12284,	8.658714e-02
12285,	8.656766e-02
12286,	8.654818e-02
12287,	8.652870e-02
12288,	8.650923e-02
12289,	8.648976e-02
12290,	8.647029e-02
12291,	8.645082e-02
12292,	8.643136e-02
12293,	8.641190e-02
12294,	8.639244e-02
12295,	8.637298e-02
12296,	8.635353e-02
12297,	8.633408e-02
12298,	8.631463e-02
12299,	8.629518e-02
12300,	8.627573e-02
12301,	8.625629e-02
12302,	8.623685e-02
12303,	8.621741e-02
12304,	8.619798e-02
12305,	8.617854e-02
12306,	8.615911e-02
12307,	8.613968e-02
12308,	8.612025e-02
12309,	8.610083e-02
12310,	8.608141e-02
12311,	8.606199e-02
12312,	8.604257e-02
12313,	8.602316e-02
12314,	8.600375e-02
12315,	8.598434e-02
12316,	8.596493e-02
12317,	8.594552e-02
12318,	8.592612e-02
12319,	8.590672e-02
12320,	8.588732e-02
12321,	8.586793e-02
12322,	8.584853e-02
12323,	8.582914e-02
12324,	8.580975e-02
12325,	8.579037e-02
12326,	8.577098e-02
12327,	8.575160e-02
12328,	8.573222e-02
12329,	8.571285e-02
12330,	8.569347e-02
12331,	8.567410e-02
12332,	8.565473e-02
12333,	8.563536e-02
12334,	8.561600e-02
12335,	8.559664e-02
12336,	8.557728e-02
12337,	8.555792e-02
12338,	8.553856e-02
12339,	8.551921e-02
12340,	8.549986e-02
12341,	8.548051e-02
12342,	8.546117e-02
12343,	8.544182e-02
12344,	8.542248e-02
12345,	8.540314e-02
12346,	8.538381e-02
12347,	8.536447e-02
12348,	8.534514e-02
12349,	8.532581e-02
12350,	8.530648e-02
12351,	8.528716e-02
12352,	8.526784e-02
12353,	8.524852e-02
12354,	8.522920e-02
12355,	8.520988e-02
12356,	8.519057e-02
12357,	8.517126e-02
12358,	8.515195e-02
12359,	8.513265e-02
12360,	8.511334e-02
12361,	8.509404e-02
12362,	8.507475e-02
12363,	8.505545e-02
12364,	8.503615e-02
12365,	8.501686e-02
12366,	8.499758e-02
12367,	8.497829e-02
12368,	8.495901e-02
12369,	8.493972e-02
12370,	8.492044e-02
12371,	8.490117e-02
12372,	8.488189e-02
12373,	8.486262e-02
12374,	8.484335e-02
12375,	8.482409e-02
12376,	8.480482e-02
12377,	8.478556e-02
12378,	8.476630e-02
12379,	8.474704e-02
12380,	8.472779e-02
12381,	8.470853e-02
12382,	8.468928e-02
12383,	8.467004e-02
12384,	8.465079e-02
12385,	8.463155e-02
12386,	8.461231e-02
12387,	8.459307e-02
12388,	8.457383e-02
12389,	8.455460e-02
12390,	8.453537e-02
12391,	8.451614e-02
12392,	8.449691e-02
12393,	8.447769e-02
12394,	8.445847e-02
12395,	8.443925e-02
12396,	8.442003e-02
12397,	8.440082e-02
12398,	8.438161e-02
12399,	8.436240e-02
12400,	8.434319e-02
12401,	8.432399e-02
12402,	8.430479e-02
12403,	8.428559e-02
12404,	8.426639e-02
12405,	8.424719e-02
12406,	8.422800e-02
12407,	8.420881e-02
12408,	8.418962e-02
12409,	8.417044e-02
12410,	8.415126e-02
12411,	8.413208e-02
12412,	8.411290e-02
12413,	8.409372e-02
12414,	8.407455e-02
12415,	8.405538e-02
12416,	8.403621e-02
12417,	8.401705e-02
12418,	8.399788e-02
12419,	8.397872e-02
12420,	8.395957e-02
12421,	8.394041e-02
12422,	8.392126e-02
12423,	8.390211e-02
12424,	8.388296e-02
12425,	8.386381e-02
12426,	8.384467e-02
12427,	8.382553e-02
12428,	8.380639e-02
12429,	8.378725e-02
12430,	8.376812e-02
12431,	8.374899e-02
12432,	8.372986e-02
12433,	8.371073e-02
12434,	8.369161e-02
12435,	8.367249e-02
12436,	8.365337e-02
12437,	8.363425e-02
12438,	8.361514e-02
12439,	8.359602e-02
12440,	8.357691e-02
12441,	8.355781e-02
12442,	8.353870e-02
12443,	8.351960e-02
12444,	8.350050e-02
12445,	8.348140e-02
12446,	8.346231e-02
12447,	8.344322e-02
12448,	8.342413e-02
12449,	8.340504e-02
12450,	8.338596e-02
12451,	8.336687e-02
12452,	8.334779e-02
12453,	8.332872e-02
12454,	8.330964e-02
12455,	8.329057e-02
12456,	8.327150e-02
12457,	8.325243e-02
12458,	8.323337e-02
12459,	8.321430e-02
12460,	8.319524e-02
12461,	8.317618e-02
12462,	8.315713e-02
12463,	8.313808e-02
12464,	8.311903e-02
12465,	8.309997e-02
12466,	8.308093e-02
12467,	8.306189e-02
12468,	8.304285e-02
12469,	8.302381e-02
12470,	8.300477e-02
12471,	8.298574e-02
12472,	8.296671e-02
12473,	8.294768e-02
12474,	8.292865e-02
12475,	8.290963e-02
12476,	8.289061e-02
12477,	8.287159e-02
12478,	8.285258e-02
12479,	8.283356e-02
12480,	8.281455e-02
12481,	8.279554e-02
12482,	8.277654e-02
12483,	8.275753e-02
12484,	8.273853e-02
12485,	8.271953e-02
12486,	8.270054e-02
12487,	8.268154e-02
12488,	8.266255e-02
12489,	8.264356e-02
12490,	8.262458e-02
12491,	8.260559e-02
12492,	8.258661e-02
12493,	8.256763e-02
12494,	8.254866e-02
12495,	8.252968e-02
12496,	8.251071e-02
12497,	8.249174e-02
12498,	8.247278e-02
12499,	8.245381e-02
12500,	8.243485e-02
12501,	8.241589e-02
12502,	8.239693e-02
12503,	8.237798e-02
12504,	8.235903e-02
12505,	8.234008e-02
12506,	8.232113e-02
12507,	8.230219e-02
12508,	8.228325e-02
12509,	8.226431e-02
12510,	8.224537e-02
12511,	8.222644e-02
12512,	8.220751e-02
12513,	8.218858e-02
12514,	8.216965e-02
12515,	8.215073e-02
12516,	8.213181e-02
12517,	8.211289e-02
12518,	8.209397e-02
12519,	8.207506e-02
12520,	8.205614e-02
12521,	8.203723e-02
12522,	8.201833e-02
12523,	8.199942e-02
12524,	8.198052e-02
12525,	8.196162e-02
12526,	8.194273e-02
12527,	8.192383e-02
12528,	8.190494e-02
12529,	8.188605e-02
12530,	8.186716e-02
12531,	8.184828e-02
12532,	8.182940e-02
12533,	8.181052e-02
12534,	8.179164e-02
12535,	8.177276e-02
12536,	8.175389e-02
12537,	8.173502e-02
12538,	8.171616e-02
12539,	8.169729e-02
12540,	8.167843e-02
12541,	8.165957e-02
12542,	8.164072e-02
12543,	8.162186e-02
12544,	8.160301e-02
12545,	8.158416e-02
12546,	8.156531e-02
12547,	8.154647e-02
12548,	8.152763e-02
12549,	8.150879e-02
12550,	8.148995e-02
12551,	8.147112e-02
12552,	8.145229e-02
12553,	8.143346e-02
12554,	8.141463e-02
12555,	8.139581e-02
12556,	8.137698e-02
12557,	8.135817e-02
12558,	8.133935e-02
12559,	8.132053e-02
12560,	8.130172e-02
12561,	8.128291e-02
12562,	8.126411e-02
12563,	8.124530e-02
12564,	8.122650e-02
12565,	8.120770e-02
12566,	8.118891e-02
12567,	8.117011e-02
12568,	8.115132e-02
12569,	8.113253e-02
12570,	8.111375e-02
12571,	8.109496e-02
12572,	8.107618e-02
12573,	8.105740e-02
12574,	8.103862e-02
12575,	8.101985e-02
12576,	8.100108e-02
12577,	8.098231e-02
12578,	8.096354e-02
12579,	8.094478e-02
12580,	8.092602e-02
12581,	8.090726e-02
12582,	8.088850e-02
12583,	8.086975e-02
12584,	8.085100e-02
12585,	8.083225e-02
12586,	8.081350e-02
12587,	8.079476e-02
12588,	8.077602e-02
12589,	8.075728e-02
12590,	8.073855e-02
12591,	8.071981e-02
12592,	8.070108e-02
12593,	8.068235e-02
12594,	8.066363e-02
12595,	8.064490e-02
12596,	8.062618e-02
12597,	8.060746e-02
12598,	8.058875e-02
12599,	8.057003e-02
12600,	8.055132e-02
12601,	8.053261e-02
12602,	8.051391e-02
12603,	8.049520e-02
12604,	8.047650e-02
12605,	8.045780e-02
12606,	8.043911e-02
12607,	8.042042e-02
12608,	8.040172e-02
12609,	8.038304e-02
12610,	8.036435e-02
12611,	8.034567e-02
12612,	8.032699e-02
12613,	8.030831e-02
12614,	8.028963e-02
12615,	8.027096e-02
12616,	8.025229e-02
12617,	8.023362e-02
12618,	8.021496e-02
12619,	8.019630e-02
12620,	8.017764e-02
12621,	8.015898e-02
12622,	8.014032e-02
12623,	8.012167e-02
12624,	8.010302e-02
12625,	8.008437e-02
12626,	8.006573e-02
12627,	8.004709e-02
12628,	8.002845e-02
12629,	8.000981e-02
12630,	7.999117e-02
12631,	7.997254e-02
12632,	7.995391e-02
12633,	7.993529e-02
12634,	7.991666e-02
12635,	7.989804e-02
12636,	7.987942e-02
12637,	7.986080e-02
12638,	7.984219e-02
12639,	7.982358e-02
12640,	7.980497e-02
12641,	7.978636e-02
12642,	7.976776e-02
12643,	7.974915e-02
12644,	7.973056e-02
12645,	7.971196e-02
12646,	7.969336e-02
12647,	7.967477e-02
12648,	7.965618e-02
12649,	7.963760e-02
12650,	7.961901e-02
12651,	7.960043e-02
12652,	7.958185e-02
12653,	7.956328e-02
12654,	7.954470e-02
12655,	7.952613e-02
12656,	7.950757e-02
12657,	7.948900e-02
12658,	7.947044e-02
12659,	7.945188e-02
12660,	7.943332e-02
12661,	7.941476e-02
12662,	7.939621e-02
12663,	7.937766e-02
12664,	7.935911e-02
12665,	7.934056e-02
12666,	7.932202e-02
12667,	7.930348e-02
12668,	7.928494e-02
12669,	7.926641e-02
12670,	7.924787e-02
12671,	7.922934e-02
12672,	7.921082e-02
12673,	7.919229e-02
12674,	7.917377e-02
12675,	7.915525e-02
12676,	7.913673e-02
12677,	7.911821e-02
12678,	7.909970e-02
12679,	7.908119e-02
12680,	7.906268e-02
12681,	7.904418e-02
12682,	7.902568e-02
12683,	7.900718e-02
12684,	7.898868e-02
12685,	7.897019e-02
12686,	7.895170e-02
12687,	7.893321e-02
12688,	7.891472e-02
12689,	7.889623e-02
12690,	7.887775e-02
12691,	7.885927e-02
12692,	7.884080e-02
12693,	7.882232e-02
12694,	7.880385e-02
12695,	7.878538e-02
12696,	7.876692e-02
12697,	7.874845e-02
12698,	7.872999e-02
12699,	7.871154e-02
12700,	7.869308e-02
12701,	7.867463e-02
12702,	7.865618e-02
12703,	7.863773e-02
12704,	7.861928e-02
12705,	7.860084e-02
12706,	7.858240e-02
12707,	7.856396e-02
12708,	7.854553e-02
12709,	7.852709e-02
12710,	7.850866e-02
12711,	7.849024e-02
12712,	7.847181e-02
12713,	7.845339e-02
12714,	7.843497e-02
12715,	7.841655e-02
12716,	7.839814e-02
12717,	7.837973e-02
12718,	7.836132e-02
12719,	7.834291e-02
12720,	7.832451e-02
12721,	7.830610e-02
12722,	7.828770e-02
12723,	7.826931e-02
12724,	7.825091e-02
12725,	7.823252e-02
12726,	7.821413e-02
12727,	7.819575e-02
12728,	7.817736e-02
12729,	7.815898e-02
12730,	7.814060e-02
12731,	7.812223e-02
12732,	7.810386e-02
12733,	7.808548e-02
12734,	7.806712e-02
12735,	7.804875e-02
12736,	7.803039e-02
12737,	7.801203e-02
12738,	7.799367e-02
12739,	7.797531e-02
12740,	7.795696e-02
12741,	7.793861e-02
12742,	7.792026e-02
12743,	7.790192e-02
12744,	7.788358e-02
12745,	7.786524e-02
12746,	7.784690e-02
12747,	7.782857e-02
12748,	7.781024e-02
12749,	7.779191e-02
12750,	7.777358e-02
12751,	7.775526e-02
12752,	7.773693e-02
12753,	7.771861e-02
12754,	7.770030e-02
12755,	7.768198e-02
12756,	7.766367e-02
12757,	7.764536e-02
12758,	7.762706e-02
12759,	7.760875e-02
12760,	7.759045e-02
12761,	7.757215e-02
12762,	7.755386e-02
12763,	7.753556e-02
12764,	7.751727e-02
12765,	7.749899e-02
12766,	7.748070e-02
12767,	7.746242e-02
12768,	7.744414e-02
12769,	7.742586e-02
12770,	7.740759e-02
12771,	7.738931e-02
12772,	7.737105e-02
12773,	7.735278e-02
12774,	7.733451e-02
12775,	7.731625e-02
12776,	7.729799e-02
12777,	7.727974e-02
12778,	7.726148e-02
12779,	7.724323e-02
12780,	7.722498e-02
12781,	7.720674e-02
12782,	7.718849e-02
12783,	7.717025e-02
12784,	7.715201e-02
12785,	7.713378e-02
12786,	7.711555e-02
12787,	7.709732e-02
12788,	7.707909e-02
12789,	7.706086e-02
12790,	7.704264e-02
12791,	7.702442e-02
12792,	7.700620e-02
12793,	7.698799e-02
12794,	7.696978e-02
12795,	7.695157e-02
12796,	7.693336e-02
12797,	7.691515e-02
12798,	7.689695e-02
12799,	7.687875e-02
12800,	7.686056e-02
12801,	7.684236e-02
12802,	7.682417e-02
12803,	7.680598e-02
12804,	7.678780e-02
12805,	7.676961e-02
12806,	7.675143e-02
12807,	7.673325e-02
12808,	7.671508e-02
12809,	7.669691e-02
12810,	7.667874e-02
12811,	7.666057e-02
12812,	7.664240e-02
12813,	7.662424e-02
12814,	7.660608e-02
12815,	7.658792e-02
12816,	7.656977e-02
12817,	7.655162e-02
12818,	7.653347e-02
12819,	7.651532e-02
12820,	7.649718e-02
12821,	7.647904e-02
12822,	7.646090e-02
12823,	7.644276e-02
12824,	7.642463e-02
12825,	7.640650e-02
12826,	7.638837e-02
12827,	7.637024e-02
12828,	7.635212e-02
12829,	7.633400e-02
12830,	7.631588e-02
12831,	7.629776e-02
12832,	7.627965e-02
12833,	7.626154e-02
12834,	7.624343e-02
12835,	7.622533e-02
12836,	7.620723e-02
12837,	7.618913e-02
12838,	7.617103e-02
12839,	7.615293e-02
12840,	7.613484e-02
12841,	7.611675e-02
12842,	7.609867e-02
12843,	7.608058e-02
12844,	7.606250e-02
12845,	7.604442e-02
12846,	7.602635e-02
12847,	7.600827e-02
12848,	7.599020e-02
12849,	7.597214e-02
12850,	7.595407e-02
12851,	7.593601e-02
12852,	7.591795e-02
12853,	7.589989e-02
12854,	7.588184e-02
12855,	7.586378e-02
12856,	7.584573e-02
12857,	7.582769e-02
12858,	7.580964e-02
12859,	7.579160e-02
12860,	7.577356e-02
12861,	7.575553e-02
12862,	7.573749e-02
12863,	7.571946e-02
12864,	7.570143e-02
12865,	7.568341e-02
12866,	7.566538e-02
12867,	7.564736e-02
12868,	7.562935e-02
12869,	7.561133e-02
12870,	7.559332e-02
12871,	7.557531e-02
12872,	7.555730e-02
12873,	7.553930e-02
12874,	7.552130e-02
12875,	7.550330e-02
12876,	7.548530e-02
12877,	7.546731e-02
12878,	7.544931e-02
12879,	7.543133e-02
12880,	7.541334e-02
12881,	7.539536e-02
12882,	7.537737e-02
12883,	7.535940e-02
12884,	7.534142e-02
12885,	7.532345e-02
12886,	7.530548e-02
12887,	7.528751e-02
12888,	7.526955e-02
12889,	7.525158e-02
12890,	7.523362e-02
12891,	7.521567e-02
12892,	7.519771e-02
12893,	7.517976e-02
12894,	7.516181e-02
12895,	7.514386e-02
12896,	7.512592e-02
12897,	7.510798e-02
12898,	7.509004e-02
12899,	7.507211e-02
12900,	7.505417e-02
12901,	7.503624e-02
12902,	7.501831e-02
12903,	7.500039e-02
12904,	7.498247e-02
12905,	7.496455e-02
12906,	7.494663e-02
12907,	7.492871e-02
12908,	7.491080e-02
12909,	7.489289e-02
12910,	7.487499e-02
12911,	7.485708e-02
12912,	7.483918e-02
12913,	7.482128e-02
12914,	7.480339e-02
12915,	7.478549e-02
12916,	7.476760e-02
12917,	7.474971e-02
12918,	7.473183e-02
12919,	7.471395e-02
12920,	7.469607e-02
12921,	7.467819e-02
12922,	7.466031e-02
12923,	7.464244e-02
12924,	7.462457e-02
12925,	7.460670e-02
12926,	7.458884e-02
12927,	7.457098e-02
12928,	7.455312e-02
12929,	7.453526e-02
12930,	7.451741e-02
12931,	7.449956e-02
12932,	7.448171e-02
12933,	7.446386e-02
12934,	7.444602e-02
12935,	7.442818e-02
12936,	7.441034e-02
12937,	7.439251e-02
12938,	7.437467e-02
12939,	7.435684e-02
12940,	7.433902e-02
12941,	7.432119e-02
12942,	7.430337e-02
12943,	7.428555e-02
12944,	7.426774e-02
12945,	7.424992e-02
12946,	7.423211e-02
12947,	7.421430e-02
12948,	7.419650e-02
12949,	7.417869e-02
12950,	7.416089e-02
12951,	7.414310e-02
12952,	7.412530e-02
12953,	7.410751e-02
12954,	7.408972e-02
12955,	7.407193e-02
12956,	7.405415e-02
12957,	7.403636e-02
12958,	7.401859e-02
12959,	7.400081e-02
12960,	7.398303e-02
12961,	7.396526e-02
12962,	7.394750e-02
12963,	7.392973e-02
12964,	7.391197e-02
12965,	7.389421e-02
12966,	7.387645e-02
12967,	7.385869e-02
12968,	7.384094e-02
12969,	7.382319e-02
12970,	7.380544e-02
12971,	7.378770e-02
12972,	7.376996e-02
12973,	7.375222e-02
12974,	7.373448e-02
12975,	7.371675e-02
12976,	7.369902e-02
12977,	7.368129e-02
12978,	7.366356e-02
12979,	7.364584e-02
12980,	7.362812e-02
12981,	7.361040e-02
12982,	7.359268e-02
12983,	7.357497e-02
12984,	7.355726e-02
12985,	7.353955e-02
12986,	7.352185e-02
12987,	7.350415e-02
12988,	7.348645e-02
12989,	7.346875e-02
12990,	7.345106e-02
12991,	7.343337e-02
12992,	7.341568e-02
12993,	7.339799e-02
12994,	7.338031e-02
12995,	7.336263e-02
12996,	7.334495e-02
12997,	7.332727e-02
12998,	7.330960e-02
12999,	7.329193e-02
13000,	7.327426e-02
13001,	7.325660e-02
13002,	7.323894e-02
13003,	7.322128e-02
13004,	7.320362e-02
13005,	7.318597e-02
13006,	7.316832e-02
13007,	7.315067e-02
13008,	7.313302e-02
13009,	7.311538e-02
13010,	7.309774e-02
13011,	7.308010e-02
13012,	7.306246e-02
13013,	7.304483e-02
13014,	7.302720e-02
13015,	7.300957e-02
13016,	7.299194e-02
13017,	7.297432e-02
13018,	7.295670e-02
13019,	7.293909e-02
13020,	7.292147e-02
13021,	7.290386e-02
13022,	7.288625e-02
13023,	7.286864e-02
13024,	7.285104e-02
13025,	7.283344e-02
13026,	7.281584e-02
13027,	7.279825e-02
13028,	7.278065e-02
13029,	7.276306e-02
13030,	7.274548e-02
13031,	7.272789e-02
13032,	7.271031e-02
13033,	7.269273e-02
13034,	7.267515e-02
13035,	7.265758e-02
13036,	7.264001e-02
13037,	7.262244e-02
13038,	7.260487e-02
13039,	7.258731e-02
13040,	7.256975e-02
13041,	7.255219e-02
13042,	7.253463e-02
13043,	7.251708e-02
13044,	7.249953e-02
13045,	7.248198e-02
13046,	7.246444e-02
13047,	7.244689e-02
13048,	7.242935e-02
13049,	7.241182e-02
13050,	7.239428e-02
13051,	7.237675e-02
13052,	7.235922e-02
13053,	7.234169e-02
13054,	7.232417e-02
13055,	7.230665e-02
13056,	7.228913e-02
13057,	7.227162e-02
13058,	7.225410e-02
13059,	7.223659e-02
13060,	7.221908e-02
13061,	7.220158e-02
13062,	7.218408e-02
13063,	7.216658e-02
13064,	7.214908e-02
13065,	7.213159e-02
13066,	7.211409e-02
13067,	7.209660e-02
13068,	7.207912e-02
13069,	7.206163e-02
13070,	7.204415e-02
13071,	7.202667e-02
13072,	7.200920e-02
13073,	7.199172e-02
13074,	7.197425e-02
13075,	7.195679e-02
13076,	7.193932e-02
13077,	7.192186e-02
13078,	7.190440e-02
13079,	7.188694e-02
13080,	7.186949e-02
13081,	7.185203e-02
13082,	7.183458e-02
13083,	7.181714e-02
13084,	7.179969e-02
13085,	7.178225e-02
13086,	7.176481e-02
13087,	7.174738e-02
13088,	7.172994e-02
13089,	7.171251e-02
13090,	7.169508e-02
13091,	7.167766e-02
13092,	7.166024e-02
13093,	7.164281e-02
13094,	7.162540e-02
13095,	7.160798e-02
13096,	7.159057e-02
13097,	7.157316e-02
13098,	7.155575e-02
13099,	7.153835e-02
13100,	7.152095e-02
13101,	7.150355e-02
13102,	7.148615e-02
13103,	7.146876e-02
13104,	7.145137e-02
13105,	7.143398e-02
13106,	7.141659e-02
13107,	7.139920e-02
13108,	7.138182e-02
13109,	7.136445e-02
13110,	7.134707e-02
13111,	7.132970e-02
13112,	7.131233e-02
13113,	7.129496e-02
13114,	7.127760e-02
13115,	7.126023e-02
13116,	7.124287e-02
13117,	7.122552e-02
13118,	7.120816e-02
13119,	7.119081e-02
13120,	7.117346e-02
13121,	7.115612e-02
13122,	7.113877e-02
13123,	7.112143e-02
13124,	7.110409e-02
13125,	7.108676e-02
13126,	7.106942e-02
13127,	7.105209e-02
13128,	7.103477e-02
13129,	7.101744e-02
13130,	7.100012e-02
13131,	7.098280e-02
13132,	7.096548e-02
13133,	7.094817e-02
13134,	7.093085e-02
13135,	7.091355e-02
13136,	7.089624e-02
13137,	7.087893e-02
13138,	7.086163e-02
13139,	7.084433e-02
13140,	7.082704e-02
13141,	7.080975e-02
13142,	7.079245e-02
13143,	7.077517e-02
13144,	7.075788e-02
13145,	7.074060e-02
13146,	7.072332e-02
13147,	7.070604e-02
13148,	7.068876e-02
13149,	7.067149e-02
13150,	7.065422e-02
13151,	7.063695e-02
13152,	7.061969e-02
13153,	7.060243e-02
13154,	7.058517e-02
13155,	7.056791e-02
13156,	7.055066e-02
13157,	7.053341e-02
13158,	7.051616e-02
13159,	7.049891e-02
13160,	7.048167e-02
13161,	7.046443e-02
13162,	7.044719e-02
13163,	7.042995e-02
13164,	7.041272e-02
13165,	7.039549e-02
13166,	7.037826e-02
13167,	7.036104e-02
13168,	7.034382e-02
13169,	7.032660e-02
13170,	7.030938e-02
13171,	7.029216e-02
13172,	7.027495e-02
13173,	7.025774e-02
13174,	7.024054e-02
13175,	7.022333e-02
13176,	7.020613e-02
13177,	7.018893e-02
13178,	7.017174e-02
13179,	7.015454e-02
13180,	7.013735e-02
13181,	7.012016e-02
13182,	7.010298e-02
13183,	7.008579e-02
13184,	7.006861e-02
13185,	7.005144e-02
13186,	7.003426e-02
13187,	7.001709e-02
13188,	6.999992e-02
13189,	6.998275e-02
13190,	6.996559e-02
13191,	6.994842e-02
13192,	6.993126e-02
13193,	6.991411e-02
13194,	6.989695e-02
13195,	6.987980e-02
13196,	6.986265e-02
13197,	6.984551e-02
13198,	6.982836e-02
13199,	6.981122e-02
13200,	6.979408e-02
13201,	6.977694e-02
13202,	6.975981e-02
13203,	6.974268e-02
13204,	6.972555e-02
13205,	6.970842e-02
13206,	6.969130e-02
13207,	6.967418e-02
13208,	6.965706e-02
13209,	6.963995e-02
13210,	6.962284e-02
13211,	6.960573e-02
13212,	6.958862e-02
13213,	6.957152e-02
13214,	6.955441e-02
13215,	6.953731e-02
13216,	6.952022e-02
13217,	6.950312e-02
13218,	6.948603e-02
13219,	6.946894e-02
13220,	6.945186e-02
13221,	6.943477e-02
13222,	6.941769e-02
13223,	6.940061e-02
13224,	6.938354e-02
13225,	6.936646e-02
13226,	6.934939e-02
13227,	6.933233e-02
13228,	6.931526e-02
13229,	6.929820e-02
13230,	6.928114e-02
13231,	6.926408e-02
13232,	6.924702e-02
13233,	6.922997e-02
13234,	6.921292e-02
13235,	6.919588e-02
13236,	6.917883e-02
13237,	6.916179e-02
13238,	6.914475e-02
13239,	6.912771e-02
13240,	6.911068e-02
13241,	6.909365e-02
13242,	6.907662e-02
13243,	6.905959e-02
13244,	6.904257e-02
13245,	6.902555e-02
13246,	6.900853e-02
13247,	6.899151e-02
13248,	6.897450e-02
13249,	6.895749e-02
13250,	6.894048e-02
13251,	6.892348e-02
13252,	6.890647e-02
13253,	6.888947e-02
13254,	6.887248e-02
13255,	6.885548e-02
13256,	6.883849e-02
13257,	6.882150e-02
13258,	6.880451e-02
13259,	6.878753e-02
13260,	6.877055e-02
13261,	6.875357e-02
13262,	6.873659e-02
13263,	6.871962e-02
13264,	6.870264e-02
13265,	6.868568e-02
13266,	6.866871e-02
13267,	6.865175e-02
13268,	6.863478e-02
13269,	6.861783e-02
13270,	6.860087e-02
13271,	6.858392e-02
13272,	6.856697e-02
13273,	6.855002e-02
13274,	6.853307e-02
13275,	6.851613e-02
13276,	6.849919e-02
13277,	6.848225e-02
13278,	6.846532e-02
13279,	6.844838e-02
13280,	6.843145e-02
13281,	6.841453e-02
13282,	6.839760e-02
13283,	6.838068e-02
13284,	6.836376e-02
13285,	6.834684e-02
13286,	6.832993e-02
13287,	6.831302e-02
13288,	6.829611e-02
13289,	6.827920e-02
13290,	6.826230e-02
13291,	6.824540e-02
13292,	6.822850e-02
13293,	6.821160e-02
13294,	6.819471e-02
13295,	6.817782e-02
13296,	6.816092e-02
13297,	6.814404e-02
13298,	6.812715e-02
13299,	6.811027e-02
13300,	6.809340e-02
13301,	6.807652e-02
13302,	6.805965e-02
13303,	6.804278e-02
13304,	6.802591e-02
13305,	6.800904e-02
13306,	6.799218e-02
13307,	6.797532e-02
13308,	6.795846e-02
13309,	6.794161e-02
13310,	6.792476e-02
13311,	6.790791e-02
13312,	6.789106e-02
13313,	6.787422e-02
13314,	6.785738e-02
13315,	6.784054e-02
13316,	6.782370e-02
13317,	6.780687e-02
13318,	6.779003e-02
13319,	6.777321e-02
13320,	6.775638e-02
13321,	6.773956e-02
13322,	6.772274e-02
13323,	6.770592e-02
13324,	6.768910e-02
13325,	6.767229e-02
13326,	6.765548e-02
13327,	6.763867e-02
13328,	6.762186e-02
13329,	6.760506e-02
13330,	6.758826e-02
13331,	6.757146e-02
13332,	6.755467e-02
13333,	6.753788e-02
13334,	6.752109e-02
13335,	6.750430e-02
13336,	6.748752e-02
13337,	6.747073e-02
13338,	6.745395e-02
13339,	6.743718e-02
13340,	6.742040e-02
13341,	6.740363e-02
13342,	6.738686e-02
13343,	6.737010e-02
13344,	6.735333e-02
13345,	6.733657e-02
13346,	6.731981e-02
13347,	6.730306e-02
13348,	6.728630e-02
13349,	6.726955e-02
13350,	6.725280e-02
13351,	6.723606e-02
13352,	6.721931e-02
13353,	6.720257e-02
13354,	6.718584e-02
13355,	6.716910e-02
13356,	6.715237e-02
13357,	6.713564e-02
13358,	6.711891e-02
13359,	6.710219e-02
13360,	6.708546e-02
13361,	6.706874e-02
13362,	6.705203e-02
13363,	6.703531e-02
13364,	6.701860e-02
13365,	6.700189e-02
13366,	6.698518e-02
13367,	6.696848e-02
13368,	6.695178e-02
13369,	6.693508e-02
13370,	6.691838e-02
13371,	6.690169e-02
13372,	6.688500e-02
13373,	6.686831e-02
13374,	6.685162e-02
13375,	6.683494e-02
13376,	6.681826e-02
13377,	6.680158e-02
13378,	6.678490e-02
13379,	6.676823e-02
13380,	6.675156e-02
13381,	6.673489e-02
13382,	6.671823e-02
13383,	6.670156e-02
13384,	6.668490e-02
13385,	6.666824e-02
13386,	6.665159e-02
13387,	6.663494e-02
13388,	6.661829e-02
13389,	6.660164e-02
13390,	6.658500e-02
13391,	6.656835e-02
13392,	6.655171e-02
13393,	6.653508e-02
13394,	6.651844e-02
13395,	6.650181e-02
13396,	6.648518e-02
13397,	6.646855e-02
13398,	6.645193e-02
13399,	6.643531e-02
13400,	6.641869e-02
13401,	6.640207e-02
13402,	6.638546e-02
13403,	6.636885e-02
13404,	6.635224e-02
13405,	6.633563e-02
13406,	6.631903e-02
13407,	6.630243e-02
13408,	6.628583e-02
13409,	6.626923e-02
13410,	6.625264e-02
13411,	6.623605e-02
13412,	6.621946e-02
13413,	6.620288e-02
13414,	6.618630e-02
13415,	6.616972e-02
13416,	6.615314e-02
13417,	6.613656e-02
13418,	6.611999e-02
13419,	6.610342e-02
13420,	6.608685e-02
13421,	6.607029e-02
13422,	6.605373e-02
13423,	6.603717e-02
13424,	6.602061e-02
13425,	6.600406e-02
13426,	6.598751e-02
13427,	6.597096e-02
13428,	6.595441e-02
13429,	6.593787e-02
13430,	6.592133e-02
13431,	6.590479e-02
13432,	6.588825e-02
13433,	6.587172e-02
13434,	6.585519e-02
13435,	6.583866e-02
13436,	6.582214e-02
13437,	6.580561e-02
13438,	6.578909e-02
13439,	6.577258e-02
13440,	6.575606e-02
13441,	6.573955e-02
13442,	6.572304e-02
13443,	6.570653e-02
13444,	6.569003e-02
13445,	6.567352e-02
13446,	6.565702e-02
13447,	6.564053e-02
13448,	6.562403e-02
13449,	6.560754e-02
13450,	6.559105e-02
13451,	6.557456e-02
13452,	6.555808e-02
13453,	6.554160e-02
13454,	6.552512e-02
13455,	6.550864e-02
13456,	6.549217e-02
13457,	6.547570e-02
13458,	6.545923e-02
13459,	6.544277e-02
13460,	6.542630e-02
13461,	6.540984e-02
13462,	6.539338e-02
13463,	6.537693e-02
13464,	6.536047e-02
13465,	6.534402e-02
13466,	6.532758e-02
13467,	6.531113e-02
13468,	6.529469e-02
13469,	6.527825e-02
13470,	6.526181e-02
13471,	6.524538e-02
13472,	6.522894e-02
13473,	6.521252e-02
13474,	6.519609e-02
13475,	6.517966e-02
13476,	6.516324e-02
13477,	6.514682e-02
13478,	6.513041e-02
13479,	6.511399e-02
13480,	6.509758e-02
13481,	6.508117e-02
13482,	6.506477e-02
13483,	6.504836e-02
13484,	6.503196e-02
13485,	6.501556e-02
13486,	6.499917e-02
13487,	6.498277e-02
13488,	6.496638e-02
13489,	6.494999e-02
13490,	6.493361e-02
13491,	6.491723e-02
13492,	6.490085e-02
13493,	6.488447e-02
13494,	6.486809e-02
13495,	6.485171e-02
13496,	6.483534e-02
13497,	6.481898e-02
13498,	6.480261e-02
13499,	6.478625e-02
13500,	6.476989e-02
13501,	6.475353e-02
13502,	6.473718e-02
13503,	6.472083e-02
13504,	6.470448e-02
13505,	6.468813e-02
13506,	6.467179e-02
13507,	6.465545e-02
13508,	6.463911e-02
13509,	6.462277e-02
13510,	6.460644e-02
13511,	6.459011e-02
13512,	6.457378e-02
13513,	6.455745e-02
13514,	6.454113e-02
13515,	6.452481e-02
13516,	6.450849e-02
13517,	6.449217e-02
13518,	6.447586e-02
13519,	6.445955e-02
13520,	6.444324e-02
13521,	6.442694e-02
13522,	6.441063e-02
13523,	6.439433e-02
13524,	6.437804e-02
13525,	6.436174e-02
13526,	6.434545e-02
13527,	6.432916e-02
13528,	6.431287e-02
13529,	6.429659e-02
13530,	6.428031e-02
13531,	6.426403e-02
13532,	6.424775e-02
13533,	6.423148e-02
13534,	6.421521e-02
13535,	6.419894e-02
13536,	6.418267e-02
13537,	6.416641e-02
13538,	6.415015e-02
13539,	6.413389e-02
13540,	6.411763e-02
13541,	6.410138e-02
13542,	6.408513e-02
13543,	6.406888e-02
13544,	6.405263e-02
13545,	6.403639e-02
13546,	6.402015e-02
13547,	6.400391e-02
13548,	6.398768e-02
13549,	6.397144e-02
13550,	6.395521e-02
13551,	6.393899e-02
13552,	6.392276e-02
13553,	6.390654e-02
13554,	6.389032e-02
13555,	6.387410e-02
13556,	6.385789e-02
13557,	6.384168e-02
13558,	6.382547e-02
13559,	6.380926e-02
13560,	6.379306e-02
13561,	6.377685e-02
13562,	6.376065e-02
13563,	6.374446e-02
13564,	6.372826e-02
13565,	6.371207e-02
13566,	6.369588e-02
13567,	6.367970e-02
13568,	6.366352e-02
13569,	6.364733e-02
13570,	6.363116e-02
13571,	6.361498e-02
13572,	6.359881e-02
13573,	6.358264e-02
13574,	6.356647e-02
13575,	6.355030e-02
13576,	6.353414e-02
13577,	6.351798e-02
13578,	6.350182e-02
13579,	6.348567e-02
13580,	6.346951e-02
13581,	6.345337e-02
13582,	6.343722e-02
13583,	6.342107e-02
13584,	6.340493e-02
13585,	6.338879e-02
13586,	6.337265e-02
13587,	6.335652e-02
13588,	6.334039e-02
13589,	6.332426e-02
13590,	6.330813e-02
13591,	6.329201e-02
13592,	6.327589e-02
13593,	6.325977e-02
13594,	6.324365e-02
13595,	6.322753e-02
13596,	6.321142e-02
13597,	6.319531e-02
13598,	6.317921e-02
13599,	6.316310e-02
13600,	6.314700e-02
13601,	6.313090e-02
13602,	6.311481e-02
13603,	6.309872e-02
13604,	6.308263e-02
13605,	6.306654e-02
13606,	6.305045e-02
13607,	6.303437e-02
13608,	6.301829e-02
13609,	6.300221e-02
13610,	6.298614e-02
13611,	6.297006e-02
13612,	6.295399e-02
13613,	6.293793e-02
13614,	6.292186e-02
13615,	6.290580e-02
13616,	6.288974e-02
13617,	6.287368e-02
13618,	6.285763e-02
13619,	6.284158e-02
13620,	6.282553e-02
13621,	6.280948e-02
13622,	6.279344e-02
13623,	6.277740e-02
13624,	6.276136e-02
13625,	6.274532e-02
13626,	6.272929e-02
13627,	6.271326e-02
13628,	6.269723e-02
13629,	6.268120e-02
13630,	6.266518e-02
13631,	6.264916e-02
13632,	6.263314e-02
13633,	6.261712e-02
13634,	6.260111e-02
13635,	6.258510e-02
13636,	6.256909e-02
13637,	6.255309e-02
13638,	6.253708e-02
13639,	6.252108e-02
13640,	6.250508e-02
13641,	6.248909e-02
13642,	6.247310e-02
13643,	6.245711e-02
13644,	6.244112e-02
13645,	6.242513e-02
13646,	6.240915e-02
13647,	6.239317e-02
13648,	6.237720e-02
13649,	6.236122e-02
13650,	6.234525e-02
13651,	6.232928e-02
13652,	6.231331e-02
13653,	6.229735e-02
13654,	6.228139e-02
13655,	6.226543e-02
13656,	6.224947e-02
13657,	6.223352e-02
13658,	6.221757e-02
13659,	6.220162e-02
13660,	6.218567e-02
13661,	6.216973e-02
13662,	6.215379e-02
13663,	6.213785e-02
13664,	6.212191e-02
13665,	6.210598e-02
13666,	6.209005e-02
13667,	6.207412e-02
13668,	6.205819e-02
13669,	6.204227e-02
13670,	6.202635e-02
13671,	6.201043e-02
13672,	6.199451e-02
13673,	6.197860e-02
13674,	6.196269e-02
13675,	6.194678e-02
13676,	6.193088e-02
13677,	6.191498e-02
13678,	6.189908e-02
13679,	6.188318e-02
13680,	6.186728e-02
13681,	6.185139e-02
13682,	6.183550e-02
13683,	6.181961e-02
13684,	6.180373e-02
13685,	6.178785e-02
13686,	6.177197e-02
13687,	6.175609e-02
13688,	6.174021e-02
13689,	6.172434e-02
13690,	6.170847e-02
13691,	6.169261e-02
13692,	6.167674e-02
13693,	6.166088e-02
13694,	6.164502e-02
13695,	6.162916e-02
13696,	6.161331e-02
13697,	6.159746e-02
13698,	6.158160e-02
13699,	6.156576e-02
13700,	6.154991e-02
13701,	6.153407e-02
13702,	6.151823e-02
13703,	6.150240e-02
13704,	6.148656e-02
13705,	6.147073e-02
13706,	6.145490e-02
13707,	6.143908e-02
13708,	6.142326e-02
13709,	6.140743e-02
13710,	6.139162e-02
13711,	6.137580e-02
13712,	6.135999e-02
13713,	6.134418e-02
13714,	6.132837e-02
13715,	6.131256e-02
13716,	6.129676e-02
13717,	6.128096e-02
13718,	6.126516e-02
13719,	6.124937e-02
13720,	6.123357e-02
13721,	6.121778e-02
13722,	6.120199e-02
13723,	6.118621e-02
13724,	6.117043e-02
13725,	6.115465e-02
13726,	6.113887e-02
13727,	6.112309e-02
13728,	6.110732e-02
13729,	6.109155e-02
13730,	6.107578e-02
13731,	6.106002e-02
13732,	6.104426e-02
13733,	6.102850e-02
13734,	6.101274e-02
13735,	6.099699e-02
13736,	6.098123e-02
13737,	6.096548e-02
13738,	6.094974e-02
13739,	6.093399e-02
13740,	6.091825e-02
13741,	6.090251e-02
13742,	6.088677e-02
13743,	6.087104e-02
13744,	6.085531e-02
13745,	6.083958e-02
13746,	6.082385e-02
13747,	6.080813e-02
13748,	6.079241e-02
13749,	6.077669e-02
13750,	6.076097e-02
13751,	6.074526e-02
13752,	6.072955e-02
13753,	6.071384e-02
13754,	6.069813e-02
13755,	6.068243e-02
13756,	6.066673e-02
13757,	6.065103e-02
13758,	6.063533e-02
13759,	6.061964e-02
13760,	6.060395e-02
13761,	6.058826e-02
13762,	6.057257e-02
13763,	6.055689e-02
13764,	6.054121e-02
13765,	6.052553e-02
13766,	6.050985e-02
13767,	6.049418e-02
13768,	6.047851e-02
13769,	6.046284e-02
13770,	6.044718e-02
13771,	6.043151e-02
13772,	6.041585e-02
13773,	6.040019e-02
13774,	6.038454e-02
13775,	6.036889e-02
13776,	6.035324e-02
13777,	6.033759e-02
13778,	6.032194e-02
13779,	6.030630e-02
13780,	6.029066e-02
13781,	6.027502e-02
13782,	6.025939e-02
13783,	6.024375e-02
13784,	6.022812e-02
13785,	6.021250e-02
13786,	6.019687e-02
13787,	6.018125e-02
13788,	6.016563e-02
13789,	6.015001e-02
13790,	6.013440e-02
13791,	6.011878e-02
13792,	6.010317e-02
13793,	6.008757e-02
13794,	6.007196e-02
13795,	6.005636e-02
13796,	6.004076e-02
13797,	6.002516e-02
13798,	6.000957e-02
13799,	5.999397e-02
13800,	5.997839e-02
13801,	5.996280e-02
13802,	5.994721e-02
13803,	5.993163e-02
13804,	5.991605e-02
13805,	5.990047e-02
13806,	5.988489e-02
13807,	5.986932e-02
13808,	5.985375e-02
13809,	5.983819e-02
13810,	5.982262e-02
13811,	5.980706e-02
13812,	5.979150e-02
13813,	5.977594e-02
13814,	5.976039e-02
13815,	5.974484e-02
13816,	5.972929e-02
13817,	5.971374e-02
13818,	5.969820e-02
13819,	5.968266e-02
13820,	5.966712e-02
13821,	5.965158e-02
13822,	5.963605e-02
13823,	5.962052e-02
13824,	5.960499e-02
13825,	5.958946e-02
13826,	5.957394e-02
13827,	5.955841e-02
13828,	5.954290e-02
13829,	5.952738e-02
13830,	5.951187e-02
13831,	5.949635e-02
13832,	5.948085e-02
13833,	5.946534e-02
13834,	5.944984e-02
13835,	5.943433e-02
13836,	5.941884e-02
13837,	5.940334e-02
13838,	5.938785e-02
13839,	5.937236e-02
13840,	5.935687e-02
13841,	5.934138e-02
13842,	5.932590e-02
13843,	5.931042e-02
13844,	5.929494e-02
13845,	5.927946e-02
13846,	5.926399e-02
13847,	5.924852e-02
13848,	5.923305e-02
13849,	5.921758e-02
13850,	5.920212e-02
13851,	5.918666e-02
13852,	5.917120e-02
13853,	5.915575e-02
13854,	5.914029e-02
13855,	5.912484e-02
13856,	5.910940e-02
13857,	5.909395e-02
13858,	5.907851e-02
13859,	5.906307e-02
13860,	5.904763e-02
13861,	5.903219e-02
13862,	5.901676e-02
13863,	5.900133e-02
13864,	5.898590e-02
13865,	5.897048e-02
13866,	5.895506e-02
13867,	5.893964e-02
13868,	5.892422e-02
13869,	5.890880e-02
13870,	5.889339e-02
13871,	5.887798e-02
13872,	5.886257e-02
13873,	5.884717e-02
13874,	5.883177e-02
13875,	5.881637e-02
13876,	5.880097e-02
13877,	5.878557e-02
13878,	5.877018e-02
13879,	5.875479e-02
13880,	5.873940e-02
13881,	5.872402e-02
13882,	5.870864e-02
13883,	5.869326e-02
13884,	5.867788e-02
13885,	5.866251e-02
13886,	5.864713e-02
13887,	5.863177e-02
13888,	5.861640e-02
13889,	5.860103e-02
13890,	5.858567e-02
13891,	5.857031e-02
13892,	5.855496e-02
13893,	5.853960e-02
13894,	5.852425e-02
13895,	5.850890e-02
13896,	5.849355e-02
13897,	5.847821e-02
13898,	5.846287e-02
13899,	5.844753e-02
13900,	5.843219e-02
13901,	5.841686e-02
13902,	5.840153e-02
13903,	5.838620e-02
13904,	5.837087e-02
13905,	5.835555e-02
13906,	5.834023e-02
13907,	5.832491e-02
13908,	5.830959e-02
13909,	5.829427e-02
13910,	5.827896e-02
13911,	5.826365e-02
13912,	5.824835e-02
13913,	5.823304e-02
13914,	5.821774e-02
13915,	5.820245e-02
13916,	5.818715e-02
13917,	5.817186e-02
13918,	5.815657e-02
13919,	5.814128e-02
13920,	5.812599e-02
13921,	5.811071e-02
13922,	5.809543e-02
13923,	5.808015e-02
13924,	5.806487e-02
13925,	5.804960e-02
13926,	5.803433e-02
13927,	5.801906e-02
13928,	5.800380e-02
13929,	5.798854e-02
13930,	5.797328e-02
13931,	5.795802e-02
13932,	5.794276e-02
13933,	5.792751e-02
13934,	5.791226e-02
13935,	5.789701e-02
13936,	5.788177e-02
13937,	5.786653e-02
13938,	5.785129e-02
13939,	5.783605e-02
13940,	5.782081e-02
13941,	5.780558e-02
13942,	5.779035e-02
13943,	5.777513e-02
13944,	5.775990e-02
13945,	5.774468e-02
13946,	5.772946e-02
13947,	5.771424e-02
13948,	5.769903e-02
13949,	5.768382e-02
13950,	5.766861e-02
13951,	5.765340e-02
13952,	5.763820e-02
13953,	5.762300e-02
13954,	5.760780e-02
13955,	5.759260e-02
13956,	5.757741e-02
13957,	5.756222e-02
13958,	5.754703e-02
13959,	5.753184e-02
13960,	5.751666e-02
13961,	5.750148e-02
13962,	5.748630e-02
13963,	5.747113e-02
13964,	5.745595e-02
13965,	5.744078e-02
13966,	5.742562e-02
13967,	5.741045e-02
13968,	5.739529e-02
13969,	5.738013e-02
13970,	5.736497e-02
13971,	5.734981e-02
13972,	5.733466e-02
13973,	5.731951e-02
13974,	5.730436e-02
13975,	5.728922e-02
13976,	5.727408e-02
13977,	5.725894e-02
13978,	5.724380e-02
13979,	5.722867e-02
13980,	5.721354e-02
13981,	5.719841e-02
13982,	5.718328e-02
13983,	5.716816e-02
13984,	5.715303e-02
13985,	5.713791e-02
13986,	5.712280e-02
13987,	5.710768e-02
13988,	5.709257e-02
13989,	5.707747e-02
13990,	5.706236e-02
13991,	5.704726e-02
13992,	5.703215e-02
13993,	5.701706e-02
13994,	5.700196e-02
13995,	5.698687e-02
13996,	5.697178e-02
13997,	5.695669e-02
13998,	5.694160e-02
13999,	5.692652e-02
14000,	5.691144e-02
14001,	5.689636e-02
14002,	5.688129e-02
14003,	5.686622e-02
14004,	5.685115e-02
14005,	5.683608e-02
14006,	5.682102e-02
14007,	5.680595e-02
14008,	5.679090e-02
14009,	5.677584e-02
14010,	5.676078e-02
14011,	5.674573e-02
14012,	5.673068e-02
14013,	5.671564e-02
14014,	5.670059e-02
14015,	5.668555e-02
14016,	5.667051e-02
14017,	5.665547e-02
14018,	5.664044e-02
14019,	5.662541e-02
14020,	5.661038e-02
14021,	5.659536e-02
14022,	5.658033e-02
14023,	5.656531e-02
14024,	5.655030e-02
14025,	5.653528e-02
14026,	5.652027e-02
14027,	5.650526e-02
14028,	5.649025e-02
14029,	5.647525e-02
14030,	5.646025e-02
14031,	5.644525e-02
14032,	5.643025e-02
14033,	5.641526e-02
14034,	5.640026e-02
14035,	5.638528e-02
14036,	5.637029e-02
14037,	5.635531e-02
14038,	5.634033e-02
14039,	5.632535e-02
14040,	5.631037e-02
14041,	5.629540e-02
14042,	5.628043e-02
14043,	5.626546e-02
14044,	5.625050e-02
14045,	5.623553e-02
14046,	5.622057e-02
14047,	5.620562e-02
14048,	5.619066e-02
14049,	5.617571e-02
14050,	5.616076e-02
14051,	5.614581e-02
14052,	5.613087e-02
14053,	5.611593e-02
14054,	5.610099e-02
14055,	5.608605e-02
14056,	5.607112e-02
14057,	5.605619e-02
14058,	5.604126e-02
14059,	5.602634e-02
14060,	5.601141e-02
14061,	5.599649e-02
14062,	5.598158e-02
14063,	5.596666e-02
14064,	5.595175e-02
14065,	5.593684e-02
14066,	5.592193e-02
14067,	5.590703e-02
14068,	5.589213e-02
14069,	5.587723e-02
14070,	5.586233e-02
14071,	5.584744e-02
14072,	5.583254e-02
14073,	5.581766e-02
14074,	5.580277e-02
14075,	5.578789e-02
14076,	5.577301e-02
14077,	5.575813e-02
14078,	5.574325e-02
14079,	5.572838e-02
14080,	5.571351e-02
14081,	5.569864e-02
14082,	5.568378e-02
14083,	5.566892e-02
14084,	5.565406e-02
14085,	5.563920e-02
14086,	5.562435e-02
14087,	5.560950e-02
14088,	5.559465e-02
14089,	5.557980e-02
14090,	5.556496e-02
14091,	5.555012e-02
14092,	5.553528e-02
14093,	5.552044e-02
14094,	5.550561e-02
14095,	5.549078e-02
14096,	5.547595e-02
14097,	5.546113e-02
14098,	5.544631e-02
14099,	5.543149e-02
14100,	5.541667e-02
14101,	5.540186e-02
14102,	5.538704e-02
14103,	5.537224e-02
14104,	5.535743e-02
14105,	5.534263e-02
14106,	5.532783e-02
14107,	5.531303e-02
14108,	5.529823e-02
14109,	5.528344e-02
14110,	5.526865e-02
14111,	5.525386e-02
14112,	5.523908e-02
14113,	5.522430e-02
14114,	5.520952e-02
14115,	5.519474e-02
14116,	5.517997e-02
14117,	5.516520e-02
14118,	5.515043e-02
14119,	5.513566e-02
14120,	5.512090e-02
14121,	5.510614e-02
14122,	5.509138e-02
14123,	5.507662e-02
14124,	5.506187e-02
14125,	5.504712e-02
14126,	5.503237e-02
14127,	5.501763e-02
14128,	5.500288e-02
14129,	5.498814e-02
14130,	5.497341e-02
14131,	5.495867e-02
14132,	5.494394e-02
14133,	5.492922e-02
14134,	5.491449e-02
14135,	5.489977e-02
14136,	5.488505e-02
14137,	5.487033e-02
14138,	5.485562e-02
14139,	5.484090e-02
14140,	5.482619e-02
14141,	5.481149e-02
14142,	5.479678e-02
14143,	5.478208e-02
14144,	5.476738e-02
14145,	5.475269e-02
14146,	5.473800e-02
14147,	5.472330e-02
14148,	5.470862e-02
14149,	5.469393e-02
14150,	5.467925e-02
14151,	5.466457e-02
14152,	5.464989e-02
14153,	5.463522e-02
14154,	5.462055e-02
14155,	5.460588e-02
14156,	5.459121e-02
14157,	5.457655e-02
14158,	5.456189e-02
14159,	5.454723e-02
14160,	5.453258e-02
14161,	5.451792e-02
14162,	5.450328e-02
14163,	5.448863e-02
14164,	5.447398e-02
14165,	5.445934e-02
14166,	5.444470e-02
14167,	5.443007e-02
14168,	5.441543e-02
14169,	5.440080e-02
14170,	5.438618e-02
14171,	5.437155e-02
14172,	5.435693e-02
14173,	5.434231e-02
14174,	5.432769e-02
14175,	5.431308e-02
14176,	5.429847e-02
14177,	5.428386e-02
14178,	5.426925e-02
14179,	5.425465e-02
14180,	5.424005e-02
14181,	5.422545e-02
14182,	5.421085e-02
14183,	5.419626e-02
14184,	5.418167e-02
14185,	5.416709e-02
14186,	5.415250e-02
14187,	5.413792e-02
14188,	5.412334e-02
14189,	5.410876e-02
14190,	5.409419e-02
14191,	5.407962e-02
14192,	5.406505e-02
14193,	5.405049e-02
14194,	5.403593e-02
14195,	5.402137e-02
14196,	5.400681e-02
14197,	5.399226e-02
14198,	5.397770e-02
14199,	5.396316e-02
14200,	5.394861e-02
14201,	5.393407e-02
14202,	5.391953e-02
14203,	5.390499e-02
14204,	5.389045e-02
14205,	5.387592e-02
14206,	5.386139e-02
14207,	5.384687e-02
14208,	5.383234e-02
14209,	5.381782e-02
14210,	5.380330e-02
14211,	5.378879e-02
14212,	5.377427e-02
14213,	5.375976e-02
14214,	5.374526e-02
14215,	5.373075e-02
14216,	5.371625e-02
14217,	5.370175e-02
14218,	5.368725e-02
14219,	5.367276e-02
14220,	5.365827e-02
14221,	5.364378e-02
14222,	5.362930e-02
14223,	5.361481e-02
14224,	5.360033e-02
14225,	5.358586e-02
14226,	5.357138e-02
14227,	5.355691e-02
14228,	5.354244e-02
14229,	5.352798e-02
14230,	5.351351e-02
14231,	5.349905e-02
14232,	5.348459e-02
14233,	5.347013e-02
14234,	5.345568e-02
14235,	5.344123e-02
14236,	5.342678e-02
14237,	5.341234e-02
14238,	5.339790e-02
14239,	5.338346e-02
14240,	5.336902e-02
14241,	5.335459e-02
14242,	5.334016e-02
14243,	5.332573e-02
14244,	5.331131e-02
14245,	5.329689e-02
14246,	5.328247e-02
14247,	5.326805e-02
14248,	5.325364e-02
14249,	5.323922e-02
14250,	5.322482e-02
14251,	5.321041e-02
14252,	5.319601e-02
14253,	5.318161e-02
14254,	5.316721e-02
14255,	5.315282e-02
14256,	5.313843e-02
14257,	5.312404e-02
14258,	5.310965e-02
14259,	5.309527e-02
14260,	5.308089e-02
14261,	5.306651e-02
14262,	5.305213e-02
14263,	5.303776e-02
14264,	5.302339e-02
14265,	5.300903e-02
14266,	5.299466e-02
14267,	5.298030e-02
14268,	5.296594e-02
14269,	5.295159e-02
14270,	5.293723e-02
14271,	5.292288e-02
14272,	5.290854e-02
14273,	5.289419e-02
14274,	5.287985e-02
14275,	5.286551e-02
14276,	5.285118e-02
14277,	5.283684e-02
14278,	5.282251e-02
14279,	5.280818e-02
14280,	5.279386e-02
14281,	5.277954e-02
14282,	5.276522e-02
14283,	5.275090e-02
14284,	5.273659e-02
14285,	5.272228e-02
14286,	5.270797e-02
14287,	5.269366e-02
14288,	5.267936e-02
14289,	5.266506e-02
14290,	5.265076e-02
14291,	5.263647e-02
14292,	5.262217e-02
14293,	5.260789e-02
14294,	5.259360e-02
14295,	5.257932e-02
14296,	5.256503e-02
14297,	5.255076e-02
14298,	5.253648e-02
14299,	5.252221e-02
14300,	5.250794e-02
14301,	5.249367e-02
14302,	5.247941e-02
14303,	5.246515e-02
14304,	5.245089e-02
14305,	5.243663e-02
14306,	5.242238e-02
14307,	5.240813e-02
14308,	5.239388e-02
14309,	5.237964e-02
14310,	5.236540e-02
14311,	5.235116e-02
14312,	5.233692e-02
14313,	5.232269e-02
14314,	5.230846e-02
14315,	5.229423e-02
14316,	5.228000e-02
14317,	5.226578e-02
14318,	5.225156e-02
14319,	5.223735e-02
14320,	5.222313e-02
14321,	5.220892e-02
14322,	5.219471e-02
14323,	5.218051e-02
14324,	5.216630e-02
14325,	5.215210e-02
14326,	5.213791e-02
14327,	5.212371e-02
14328,	5.210952e-02
14329,	5.209533e-02
14330,	5.208114e-02
14331,	5.206696e-02
14332,	5.205278e-02
14333,	5.203860e-02
14334,	5.202443e-02
14335,	5.201026e-02
14336,	5.199609e-02
14337,	5.198192e-02
14338,	5.196775e-02
14339,	5.195359e-02
14340,	5.193944e-02
14341,	5.192528e-02
14342,	5.191112e-02
14343,	5.189697e-02
14344,	5.188282e-02
14345,	5.186868e-02
14346,	5.185454e-02
14347,	5.184040e-02
14348,	5.182626e-02
14349,	5.181213e-02
14350,	5.179800e-02
14351,	5.178387e-02
14352,	5.176974e-02
14353,	5.175562e-02
14354,	5.174150e-02
14355,	5.172738e-02
14356,	5.171327e-02
14357,	5.169916e-02
14358,	5.168505e-02
14359,	5.167094e-02
14360,	5.165684e-02
14361,	5.164274e-02
14362,	5.162864e-02
14363,	5.161455e-02
14364,	5.160046e-02
14365,	5.158637e-02
14366,	5.157228e-02
14367,	5.155820e-02
14368,	5.154412e-02
14369,	5.153004e-02
14370,	5.151596e-02
14371,	5.150189e-02
14372,	5.148782e-02
14373,	5.147375e-02
14374,	5.145969e-02
14375,	5.144563e-02
14376,	5.143157e-02
14377,	5.141751e-02
14378,	5.140346e-02
14379,	5.138941e-02
14380,	5.137536e-02
14381,	5.136132e-02
14382,	5.134728e-02
14383,	5.133324e-02
14384,	5.131920e-02
14385,	5.130517e-02
14386,	5.129114e-02
14387,	5.127711e-02
14388,	5.126308e-02
14389,	5.124906e-02
14390,	5.123504e-02
14391,	5.122102e-02
14392,	5.120701e-02
14393,	5.119300e-02
14394,	5.117899e-02
14395,	5.116498e-02
14396,	5.115098e-02
14397,	5.113698e-02
14398,	5.112298e-02
14399,	5.110899e-02
14400,	5.109500e-02
14401,	5.108101e-02
14402,	5.106702e-02
14403,	5.105304e-02
14404,	5.103906e-02
14405,	5.102508e-02
14406,	5.101110e-02
14407,	5.099713e-02
14408,	5.098316e-02
14409,	5.096919e-02
14410,	5.095523e-02
14411,	5.094127e-02
14412,	5.092731e-02
14413,	5.091335e-02
14414,	5.089940e-02
14415,	5.088545e-02
14416,	5.087150e-02
14417,	5.085756e-02
14418,	5.084361e-02
14419,	5.082967e-02
14420,	5.081574e-02
14421,	5.080180e-02
14422,	5.078787e-02
14423,	5.077394e-02
14424,	5.076002e-02
14425,	5.074610e-02
14426,	5.073218e-02
14427,	5.071826e-02
14428,	5.070434e-02
14429,	5.069043e-02
14430,	5.067652e-02
14431,	5.066262e-02
14432,	5.064871e-02
14433,	5.063481e-02
14434,	5.062091e-02
14435,	5.060702e-02
14436,	5.059313e-02
14437,	5.057924e-02
14438,	5.056535e-02
14439,	5.055146e-02
14440,	5.053758e-02
14441,	5.052370e-02
14442,	5.050983e-02
14443,	5.049595e-02
14444,	5.048208e-02
14445,	5.046822e-02
14446,	5.045435e-02
14447,	5.044049e-02
14448,	5.042663e-02
14449,	5.041277e-02
14450,	5.039892e-02
14451,	5.038507e-02
14452,	5.037122e-02
14453,	5.035737e-02
14454,	5.034352e-02
14455,	5.032968e-02
14456,	5.031585e-02
14457,	5.030201e-02
14458,	5.028818e-02
14459,	5.027435e-02
14460,	5.026052e-02
14461,	5.024670e-02
14462,	5.023288e-02
14463,	5.021906e-02
14464,	5.020525e-02
14465,	5.019143e-02
14466,	5.017762e-02
14467,	5.016382e-02
14468,	5.015001e-02
14469,	5.013621e-02
14470,	5.012241e-02
14471,	5.010861e-02
14472,	5.009482e-02
14473,	5.008103e-02
14474,	5.006724e-02
14475,	5.005346e-02
14476,	5.003968e-02
14477,	5.002590e-02
14478,	5.001212e-02
14479,	4.999835e-02
14480,	4.998457e-02
14481,	4.997081e-02
14482,	4.995704e-02
14483,	4.994328e-02
14484,	4.992952e-02
14485,	4.991576e-02
14486,	4.990200e-02
14487,	4.988825e-02
14488,	4.987450e-02
14489,	4.986076e-02
14490,	4.984701e-02
14491,	4.983327e-02
14492,	4.981953e-02
14493,	4.980580e-02
14494,	4.979206e-02
14495,	4.977833e-02
14496,	4.976461e-02
14497,	4.975088e-02
14498,	4.973716e-02
14499,	4.972344e-02
14500,	4.970972e-02
14501,	4.969601e-02
14502,	4.968230e-02
14503,	4.966859e-02
14504,	4.965489e-02
14505,	4.964118e-02
14506,	4.962748e-02
14507,	4.961378e-02
14508,	4.960009e-02
14509,	4.958640e-02
14510,	4.957271e-02
14511,	4.955902e-02
14512,	4.954534e-02
14513,	4.953166e-02
14514,	4.951798e-02
14515,	4.950431e-02
14516,	4.949063e-02
14517,	4.947696e-02
14518,	4.946330e-02
14519,	4.944963e-02
14520,	4.943597e-02
14521,	4.942231e-02
14522,	4.940865e-02
14523,	4.939500e-02
14524,	4.938135e-02
14525,	4.936770e-02
14526,	4.935406e-02
14527,	4.934041e-02
14528,	4.932678e-02
14529,	4.931314e-02
14530,	4.929950e-02
14531,	4.928587e-02
14532,	4.927224e-02
14533,	4.925862e-02
14534,	4.924499e-02
14535,	4.923137e-02
14536,	4.921776e-02
14537,	4.920414e-02
14538,	4.919053e-02
14539,	4.917692e-02
14540,	4.916331e-02
14541,	4.914971e-02
14542,	4.913611e-02
14543,	4.912251e-02
14544,	4.910891e-02
14545,	4.909532e-02
14546,	4.908173e-02
14547,	4.906814e-02
14548,	4.905456e-02
14549,	4.904097e-02
14550,	4.902740e-02
14551,	4.901382e-02
14552,	4.900024e-02
14553,	4.898667e-02
14554,	4.897311e-02
14555,	4.895954e-02
14556,	4.894598e-02
14557,	4.893242e-02
14558,	4.891886e-02
14559,	4.890530e-02
14560,	4.889175e-02
14561,	4.887820e-02
14562,	4.886466e-02
14563,	4.885111e-02
14564,	4.883756e-02
14565,	4.882403e-02
14566,	4.881049e-02
14567,	4.879696e-02
14568,	4.878343e-02
14569,	4.876990e-02
14570,	4.875638e-02
14571,	4.874285e-02
14572,	4.872933e-02
14573,	4.871582e-02
14574,	4.870230e-02
14575,	4.868879e-02
14576,	4.867528e-02
14577,	4.866178e-02
14578,	4.864828e-02
14579,	4.863478e-02
14580,	4.862128e-02
14581,	4.860778e-02
14582,	4.859429e-02
14583,	4.858080e-02
14584,	4.856732e-02
14585,	4.855383e-02
14586,	4.854035e-02
14587,	4.852687e-02
14588,	4.851340e-02
14589,	4.849993e-02
14590,	4.848646e-02
14591,	4.847299e-02
14592,	4.845952e-02
14593,	4.844606e-02
14594,	4.843260e-02
14595,	4.841915e-02
14596,	4.840569e-02
14597,	4.839224e-02
14598,	4.837879e-02
14599,	4.836535e-02
14600,	4.835191e-02
14601,	4.833847e-02
14602,	4.832503e-02
14603,	4.831160e-02
14604,	4.829816e-02
14605,	4.828474e-02
14606,	4.827131e-02
14607,	4.825789e-02
14608,	4.824447e-02
14609,	4.823105e-02
14610,	4.821763e-02
14611,	4.820422e-02
14612,	4.819081e-02
14613,	4.817740e-02
14614,	4.816400e-02
14615,	4.815060e-02
14616,	4.813720e-02
14617,	4.812380e-02
14618,	4.811041e-02
14619,	4.809702e-02
14620,	4.808363e-02
14621,	4.807025e-02
14622,	4.805687e-02
14623,	4.804349e-02
14624,	4.803011e-02
14625,	4.801674e-02
14626,	4.800336e-02
14627,	4.799000e-02
14628,	4.797663e-02
14629,	4.796327e-02
14630,	4.794991e-02
14631,	4.793655e-02
14632,	4.792320e-02
14633,	4.790984e-02
14634,	4.789649e-02
14635,	4.788315e-02
14636,	4.786980e-02
14637,	4.785646e-02
14638,	4.784313e-02
14639,	4.782979e-02
14640,	4.781646e-02
14641,	4.780313e-02
14642,	4.778980e-02
14643,	4.777648e-02
14644,	4.776316e-02
14645,	4.774984e-02
14646,	4.773652e-02
14647,	4.772321e-02
14648,	4.770990e-02
14649,	4.769659e-02
14650,	4.768328e-02
14651,	4.766998e-02
14652,	4.765668e-02
14653,	4.764339e-02
14654,	4.763009e-02
14655,	4.761680e-02
14656,	4.760351e-02
14657,	4.759023e-02
14658,	4.757694e-02
14659,	4.756366e-02
14660,	4.755039e-02
14661,	4.753711e-02
14662,	4.752384e-02
14663,	4.751057e-02
14664,	4.749730e-02
14665,	4.748404e-02
14666,	4.747078e-02
14667,	4.745752e-02
14668,	4.744427e-02
14669,	4.743101e-02
14670,	4.741776e-02
14671,	4.740452e-02
14672,	4.739127e-02
14673,	4.737803e-02
14674,	4.736479e-02
14675,	4.735156e-02
14676,	4.733832e-02
14677,	4.732509e-02
14678,	4.731186e-02
14679,	4.729863e-02
14680,	4.728541e-02
14681,	4.727219e-02
14682,	4.725897e-02
14683,	4.724576e-02
14684,	4.723255e-02
14685,	4.721934e-02
14686,	4.720614e-02
14687,	4.719293e-02
14688,	4.717973e-02
14689,	4.716654e-02
14690,	4.715334e-02
14691,	4.714015e-02
14692,	4.712696e-02
14693,	4.711377e-02
14694,	4.710059e-02
14695,	4.708741e-02
14696,	4.707423e-02
14697,	4.706106e-02
14698,	4.704789e-02
14699,	4.703472e-02
14700,	4.702155e-02
14701,	4.700839e-02
14702,	4.699523e-02
14703,	4.698207e-02
14704,	4.696891e-02
14705,	4.695576e-02
14706,	4.694261e-02
14707,	4.692946e-02
14708,	4.691632e-02
14709,	4.690318e-02
14710,	4.689004e-02
14711,	4.687690e-02
14712,	4.686377e-02
14713,	4.685064e-02
14714,	4.683751e-02
14715,	4.682439e-02
14716,	4.681126e-02
14717,	4.679815e-02
14718,	4.678503e-02
14719,	4.677192e-02
14720,	4.675881e-02
14721,	4.674570e-02
14722,	4.673259e-02
14723,	4.671949e-02
14724,	4.670639e-02
14725,	4.669329e-02
14726,	4.668020e-02
14727,	4.666711e-02
14728,	4.665402e-02
14729,	4.664094e-02
14730,	4.662785e-02
14731,	4.661477e-02
14732,	4.660170e-02
14733,	4.658862e-02
14734,	4.657555e-02
14735,	4.656248e-02
14736,	4.654942e-02
14737,	4.653636e-02
14738,	4.652330e-02
14739,	4.651024e-02
14740,	4.649718e-02
14741,	4.648413e-02
14742,	4.647108e-02
14743,	4.645804e-02
14744,	4.644499e-02
14745,	4.643195e-02
14746,	4.641892e-02
14747,	4.640588e-02
14748,	4.639285e-02
14749,	4.637982e-02
14750,	4.636679e-02
14751,	4.635377e-02
14752,	4.634075e-02
14753,	4.632773e-02
14754,	4.631472e-02
14755,	4.630171e-02
14756,	4.628870e-02
14757,	4.627569e-02
14758,	4.626269e-02
14759,	4.624969e-02
14760,	4.623669e-02
14761,	4.622369e-02
14762,	4.621070e-02
14763,	4.619771e-02
14764,	4.618472e-02
14765,	4.617174e-02
14766,	4.615876e-02
14767,	4.614578e-02
14768,	4.613281e-02
14769,	4.611983e-02
14770,	4.610686e-02
14771,	4.609390e-02
14772,	4.608093e-02
14773,	4.606797e-02
14774,	4.605501e-02
14775,	4.604206e-02
14776,	4.602910e-02
14777,	4.601615e-02
14778,	4.600321e-02
14779,	4.599026e-02
14780,	4.597732e-02
14781,	4.596438e-02
14782,	4.595145e-02
14783,	4.593852e-02
14784,	4.592559e-02
14785,	4.591266e-02
14786,	4.589974e-02
14787,	4.588681e-02
14788,	4.587390e-02
14789,	4.586098e-02
14790,	4.584806e-02
14791,	4.583515e-02
14792,	4.582224e-02
14793,	4.580934e-02
14794,	4.579644e-02
14795,	4.578354e-02
14796,	4.577064e-02
14797,	4.575775e-02
14798,	4.574486e-02
14799,	4.573197e-02
14800,	4.571909e-02
14801,	4.570621e-02
14802,	4.569333e-02
14803,	4.568045e-02
14804,	4.566758e-02
14805,	4.565471e-02
14806,	4.564185e-02
14807,	4.562898e-02
14808,	4.561612e-02
14809,	4.560326e-02
14810,	4.559041e-02
14811,	4.557755e-02
14812,	4.556470e-02
14813,	4.555186e-02
14814,	4.553901e-02
14815,	4.552617e-02
14816,	4.551334e-02
14817,	4.550050e-02
14818,	4.548767e-02
14819,	4.547484e-02
14820,	4.546201e-02
14821,	4.544919e-02
14822,	4.543637e-02
14823,	4.542355e-02
14824,	4.541074e-02
14825,	4.539792e-02
14826,	4.538511e-02
14827,	4.537231e-02
14828,	4.535950e-02
14829,	4.534670e-02
14830,	4.533391e-02
14831,	4.532111e-02
14832,	4.530832e-02
14833,	4.529553e-02
14834,	4.528275e-02
14835,	4.526996e-02
14836,	4.525718e-02
14837,	4.524440e-02
14838,	4.523163e-02
14839,	4.521886e-02
14840,	4.520609e-02
14841,	4.519332e-02
14842,	4.518056e-02
14843,	4.516780e-02
14844,	4.515504e-02
14845,	4.514229e-02
14846,	4.512954e-02
14847,	4.511679e-02
14848,	4.510404e-02
14849,	4.509130e-02
14850,	4.507856e-02
14851,	4.506583e-02
14852,	4.505309e-02
14853,	4.504036e-02
14854,	4.502763e-02
14855,	4.501491e-02
14856,	4.500219e-02
14857,	4.498947e-02
14858,	4.497675e-02
14859,	4.496404e-02
14860,	4.495133e-02
14861,	4.493862e-02
14862,	4.492591e-02
14863,	4.491321e-02
14864,	4.490051e-02
14865,	4.488782e-02
14866,	4.487512e-02
14867,	4.486243e-02
14868,	4.484975e-02
14869,	4.483706e-02
14870,	4.482438e-02
14871,	4.481170e-02
14872,	4.479903e-02
14873,	4.478635e-02
14874,	4.477368e-02
14875,	4.476102e-02
14876,	4.474835e-02
14877,	4.473569e-02
14878,	4.472303e-02
14879,	4.471038e-02
14880,	4.469773e-02
14881,	4.468508e-02
14882,	4.467243e-02
14883,	4.465979e-02
14884,	4.464715e-02
14885,	4.463451e-02
14886,	4.462187e-02
14887,	4.460924e-02
14888,	4.459661e-02
14889,	4.458399e-02
14890,	4.457137e-02
14891,	4.455875e-02
14892,	4.454613e-02
14893,	4.453351e-02
14894,	4.452090e-02
14895,	4.450829e-02
14896,	4.449569e-02
14897,	4.448309e-02
14898,	4.447049e-02
14899,	4.445789e-02
14900,	4.444530e-02
14901,	4.443271e-02
14902,	4.442012e-02
14903,	4.440754e-02
14904,	4.439495e-02
14905,	4.438237e-02
14906,	4.436979e-02
14907,	4.435722e-02
14908,	4.434465e-02
14909,	4.433208e-02
14910,	4.431952e-02
14911,	4.430696e-02
14912,	4.429440e-02
14913,	4.428184e-02
14914,	4.426929e-02
14915,	4.425674e-02
14916,	4.424419e-02
14917,	4.423165e-02
14918,	4.421911e-02
14919,	4.420657e-02
14920,	4.419404e-02
14921,	4.418151e-02
14922,	4.416898e-02
14923,	4.415645e-02
14924,	4.414393e-02
14925,	4.413141e-02
14926,	4.411889e-02
14927,	4.410638e-02
14928,	4.409387e-02
14929,	4.408136e-02
14930,	4.406886e-02
14931,	4.405635e-02
14932,	4.404385e-02
14933,	4.403136e-02
14934,	4.401886e-02
14935,	4.400637e-02
14936,	4.399389e-02
14937,	4.398140e-02
14938,	4.396892e-02
14939,	4.395644e-02
14940,	4.394397e-02
14941,	4.393149e-02
14942,	4.391902e-02
14943,	4.390656e-02
14944,	4.389409e-02
14945,	4.388163e-02
14946,	4.386917e-02
14947,	4.385672e-02
14948,	4.384427e-02
14949,	4.383182e-02
14950,	4.381937e-02
14951,	4.380693e-02
14952,	4.379449e-02
14953,	4.378205e-02
14954,	4.376962e-02
14955,	4.375718e-02
14956,	4.374476e-02
14957,	4.373233e-02
14958,	4.371991e-02
14959,	4.370749e-02
14960,	4.369507e-02
14961,	4.368266e-02
14962,	4.367025e-02
14963,	4.365784e-02
14964,	4.364543e-02
14965,	4.363303e-02
14966,	4.362063e-02
14967,	4.360824e-02
14968,	4.359584e-02
14969,	4.358345e-02
14970,	4.357107e-02
14971,	4.355868e-02
14972,	4.354630e-02
14973,	4.353392e-02
14974,	4.352155e-02
14975,	4.350918e-02
14976,	4.349681e-02
14977,	4.348444e-02
14978,	4.347208e-02
14979,	4.345972e-02
14980,	4.344736e-02
14981,	4.343500e-02
14982,	4.342265e-02
14983,	4.341030e-02
14984,	4.339796e-02
14985,	4.338561e-02
14986,	4.337327e-02
14987,	4.336094e-02
14988,	4.334860e-02
14989,	4.333627e-02
14990,	4.332394e-02
14991,	4.331162e-02
14992,	4.329930e-02
14993,	4.328698e-02
14994,	4.327466e-02
14995,	4.326235e-02
14996,	4.325004e-02
14997,	4.323773e-02
14998,	4.322543e-02
14999,	4.321312e-02
15000,	4.320083e-02
15001,	4.318853e-02
15002,	4.317624e-02
15003,	4.316395e-02
15004,	4.315166e-02
15005,	4.313938e-02
15006,	4.312710e-02
15007,	4.311482e-02
15008,	4.310254e-02
15009,	4.309027e-02
15010,	4.307800e-02
15011,	4.306574e-02
15012,	4.305347e-02
15013,	4.304121e-02
15014,	4.302896e-02
15015,	4.301670e-02
15016,	4.300445e-02
15017,	4.299220e-02
15018,	4.297996e-02
15019,	4.296771e-02
15020,	4.295547e-02
15021,	4.294323e-02
15022,	4.293100e-02
15023,	4.291877e-02
15024,	4.290654e-02
15025,	4.289431e-02
15026,	4.288209e-02
15027,	4.286987e-02
15028,	4.285766e-02
15029,	4.284544e-02
15030,	4.283323e-02
15031,	4.282102e-02
15032,	4.280882e-02
15033,	4.279662e-02
15034,	4.278442e-02
15035,	4.277222e-02
15036,	4.276003e-02
15037,	4.274784e-02
15038,	4.273565e-02
15039,	4.272347e-02
15040,	4.271129e-02
15041,	4.269911e-02
15042,	4.268693e-02
15043,	4.267476e-02
15044,	4.266259e-02
15045,	4.265043e-02
15046,	4.263826e-02
15047,	4.262610e-02
15048,	4.261394e-02
15049,	4.260179e-02
15050,	4.258964e-02
15051,	4.257749e-02
15052,	4.256534e-02
15053,	4.255320e-02
15054,	4.254106e-02
15055,	4.252892e-02
15056,	4.251679e-02
15057,	4.250465e-02
15058,	4.249253e-02
15059,	4.248040e-02
15060,	4.246828e-02
15061,	4.245616e-02
15062,	4.244404e-02
15063,	4.243193e-02
15064,	4.241981e-02
15065,	4.240771e-02
15066,	4.239560e-02
15067,	4.238350e-02
15068,	4.237140e-02
15069,	4.235930e-02
15070,	4.234721e-02
15071,	4.233512e-02
15072,	4.232303e-02
15073,	4.231094e-02
15074,	4.229886e-02
15075,	4.228678e-02
15076,	4.227470e-02
15077,	4.226263e-02
15078,	4.225056e-02
15079,	4.223849e-02
15080,	4.222643e-02
15081,	4.221436e-02
15082,	4.220230e-02
15083,	4.219025e-02
15084,	4.217819e-02
15085,	4.216614e-02
15086,	4.215410e-02
15087,	4.214205e-02
15088,	4.213001e-02
15089,	4.211797e-02
15090,	4.210593e-02
15091,	4.209390e-02
15092,	4.208187e-02
15093,	4.206984e-02
15094,	4.205782e-02
15095,	4.204580e-02
15096,	4.203378e-02
15097,	4.202176e-02
15098,	4.200975e-02
15099,	4.199774e-02
15100,	4.198573e-02
15101,	4.197372e-02
15102,	4.196172e-02
15103,	4.194972e-02
15104,	4.193773e-02
15105,	4.192573e-02
15106,	4.191374e-02
15107,	4.190176e-02
15108,	4.188977e-02
15109,	4.187779e-02
15110,	4.186581e-02
15111,	4.185383e-02
15112,	4.184186e-02
15113,	4.182989e-02
15114,	4.181792e-02
15115,	4.180596e-02
15116,	4.179400e-02
15117,	4.178204e-02
15118,	4.177008e-02
15119,	4.175813e-02
15120,	4.174618e-02
15121,	4.173423e-02
15122,	4.172228e-02
15123,	4.171034e-02
15124,	4.169840e-02
15125,	4.168647e-02
15126,	4.167453e-02
15127,	4.166260e-02
15128,	4.165067e-02
15129,	4.163875e-02
15130,	4.162682e-02
15131,	4.161490e-02
15132,	4.160299e-02
15133,	4.159107e-02
15134,	4.157916e-02
15135,	4.156725e-02
15136,	4.155535e-02
15137,	4.154344e-02
15138,	4.153154e-02
15139,	4.151965e-02
15140,	4.150775e-02
15141,	4.149586e-02
15142,	4.148397e-02
15143,	4.147208e-02
15144,	4.146020e-02
15145,	4.144832e-02
15146,	4.143644e-02
15147,	4.142457e-02
15148,	4.141269e-02
15149,	4.140082e-02
15150,	4.138896e-02
15151,	4.137709e-02
15152,	4.136523e-02
15153,	4.135337e-02
15154,	4.134152e-02
15155,	4.132966e-02
15156,	4.131781e-02
15157,	4.130597e-02
15158,	4.129412e-02
15159,	4.128228e-02
15160,	4.127044e-02
15161,	4.125860e-02
15162,	4.124677e-02
15163,	4.123494e-02
15164,	4.122311e-02
15165,	4.121128e-02
15166,	4.119946e-02
15167,	4.118764e-02
15168,	4.117582e-02
15169,	4.116401e-02
15170,	4.115220e-02
15171,	4.114039e-02
15172,	4.112858e-02
15173,	4.111678e-02
15174,	4.110498e-02
15175,	4.109318e-02
15176,	4.108138e-02
15177,	4.106959e-02
15178,	4.105780e-02
15179,	4.104601e-02
15180,	4.103423e-02
15181,	4.102245e-02
15182,	4.101067e-02
15183,	4.099889e-02
15184,	4.098712e-02
15185,	4.097535e-02
15186,	4.096358e-02
15187,	4.095181e-02
15188,	4.094005e-02
15189,	4.092829e-02
15190,	4.091653e-02
15191,	4.090478e-02
15192,	4.089303e-02
15193,	4.088128e-02
15194,	4.086953e-02
15195,	4.085779e-02
15196,	4.084604e-02
15197,	4.083431e-02
15198,	4.082257e-02
15199,	4.081084e-02
15200,	4.079911e-02
15201,	4.078738e-02
15202,	4.077565e-02
15203,	4.076393e-02
15204,	4.075221e-02
15205,	4.074049e-02
15206,	4.072878e-02
15207,	4.071707e-02
15208,	4.070536e-02
15209,	4.069365e-02
15210,	4.068195e-02
15211,	4.067025e-02
15212,	4.065855e-02
15213,	4.064685e-02
15214,	4.063516e-02
15215,	4.062347e-02
15216,	4.061178e-02
15217,	4.060010e-02
15218,	4.058841e-02
15219,	4.057673e-02
15220,	4.056505e-02
15221,	4.055338e-02
15222,	4.054171e-02
15223,	4.053004e-02
15224,	4.051837e-02
15225,	4.050671e-02
15226,	4.049504e-02
15227,	4.048339e-02
15228,	4.047173e-02
15229,	4.046008e-02
15230,	4.044842e-02
15231,	4.043677e-02
15232,	4.042513e-02
15233,	4.041349e-02
15234,	4.040184e-02
15235,	4.039021e-02
15236,	4.037857e-02
15237,	4.036694e-02
15238,	4.035531e-02
15239,	4.034368e-02
15240,	4.033205e-02
15241,	4.032043e-02
15242,	4.030881e-02
15243,	4.029719e-02
15244,	4.028558e-02
15245,	4.027396e-02
15246,	4.026235e-02
15247,	4.025075e-02
15248,	4.023914e-02
15249,	4.022754e-02
15250,	4.021594e-02
15251,	4.020434e-02
15252,	4.019275e-02
15253,	4.018115e-02
15254,	4.016957e-02
15255,	4.015798e-02
15256,	4.014639e-02
15257,	4.013481e-02
15258,	4.012323e-02
15259,	4.011166e-02
15260,	4.010008e-02
15261,	4.008851e-02
15262,	4.007694e-02
15263,	4.006537e-02
15264,	4.005381e-02
15265,	4.004225e-02
15266,	4.003069e-02
15267,	4.001913e-02
15268,	4.000758e-02
15269,	3.999603e-02
15270,	3.998448e-02
15271,	3.997293e-02
15272,	3.996139e-02
15273,	3.994985e-02
15274,	3.993831e-02
15275,	3.992677e-02
15276,	3.991524e-02
15277,	3.990370e-02
15278,	3.989218e-02
15279,	3.988065e-02
15280,	3.986913e-02
15281,	3.985760e-02
15282,	3.984609e-02
15283,	3.983457e-02
15284,	3.982305e-02
15285,	3.981154e-02
15286,	3.980003e-02
15287,	3.978853e-02
15288,	3.977702e-02
15289,	3.976552e-02
15290,	3.975402e-02
15291,	3.974253e-02
15292,	3.973103e-02
15293,	3.971954e-02
15294,	3.970805e-02
15295,	3.969657e-02
15296,	3.968508e-02
15297,	3.967360e-02
15298,	3.966212e-02
15299,	3.965064e-02
15300,	3.963917e-02
15301,	3.962770e-02
15302,	3.961623e-02
15303,	3.960476e-02
15304,	3.959330e-02
15305,	3.958183e-02
15306,	3.957038e-02
15307,	3.955892e-02
15308,	3.954746e-02
15309,	3.953601e-02
15310,	3.952456e-02
15311,	3.951311e-02
15312,	3.950167e-02
15313,	3.949023e-02
15314,	3.947879e-02
15315,	3.946735e-02
15316,	3.945591e-02
15317,	3.944448e-02
15318,	3.943305e-02
15319,	3.942162e-02
15320,	3.941020e-02
15321,	3.939877e-02
15322,	3.938735e-02
15323,	3.937594e-02
15324,	3.936452e-02
15325,	3.935311e-02
15326,	3.934169e-02
15327,	3.933029e-02
15328,	3.931888e-02
15329,	3.930748e-02
15330,	3.929607e-02
15331,	3.928467e-02
15332,	3.927328e-02
15333,	3.926188e-02
15334,	3.925049e-02
15335,	3.923910e-02
15336,	3.922771e-02
15337,	3.921633e-02
15338,	3.920495e-02
15339,	3.919357e-02
15340,	3.918219e-02
15341,	3.917081e-02
15342,	3.915944e-02
15343,	3.914807e-02
15344,	3.913670e-02
15345,	3.912533e-02
15346,	3.911397e-02
15347,	3.910261e-02
15348,	3.909125e-02
15349,	3.907989e-02
15350,	3.906854e-02
15351,	3.905718e-02
15352,	3.904584e-02
15353,	3.903449e-02
15354,	3.902314e-02
15355,	3.901180e-02
15356,	3.900046e-02
15357,	3.898912e-02
15358,	3.897779e-02
15359,	3.896645e-02
15360,	3.895512e-02
15361,	3.894379e-02
15362,	3.893247e-02
15363,	3.892114e-02
15364,	3.890982e-02
15365,	3.889850e-02
15366,	3.888718e-02
15367,	3.887587e-02
15368,	3.886456e-02
15369,	3.885325e-02
15370,	3.884194e-02
15371,	3.883063e-02
15372,	3.881933e-02
15373,	3.880803e-02
15374,	3.879673e-02
15375,	3.878543e-02
15376,	3.877414e-02
15377,	3.876285e-02
15378,	3.875156e-02
15379,	3.874027e-02
15380,	3.872899e-02
15381,	3.871770e-02
15382,	3.870642e-02
15383,	3.869515e-02
15384,	3.868387e-02
15385,	3.867260e-02
15386,	3.866133e-02
15387,	3.865006e-02
15388,	3.863879e-02
15389,	3.862753e-02
15390,	3.861626e-02
15391,	3.860500e-02
15392,	3.859375e-02
15393,	3.858249e-02
15394,	3.857124e-02
15395,	3.855999e-02
15396,	3.854874e-02
15397,	3.853749e-02
15398,	3.852625e-02
15399,	3.851501e-02
15400,	3.850377e-02
15401,	3.849253e-02
15402,	3.848130e-02
15403,	3.847007e-02
15404,	3.845884e-02
15405,	3.844761e-02
15406,	3.843638e-02
15407,	3.842516e-02
15408,	3.841394e-02
15409,	3.840272e-02
15410,	3.839150e-02
15411,	3.838029e-02
15412,	3.836908e-02
15413,	3.835787e-02
15414,	3.834666e-02
15415,	3.833546e-02
15416,	3.832425e-02
15417,	3.831305e-02
15418,	3.830185e-02
15419,	3.829066e-02
15420,	3.827946e-02
15421,	3.826827e-02
15422,	3.825708e-02
15423,	3.824589e-02
15424,	3.823471e-02
15425,	3.822353e-02
15426,	3.821235e-02
15427,	3.820117e-02
15428,	3.818999e-02
15429,	3.817882e-02
15430,	3.816765e-02
15431,	3.815648e-02
15432,	3.814531e-02
15433,	3.813414e-02
15434,	3.812298e-02
15435,	3.811182e-02
15436,	3.810066e-02
15437,	3.808951e-02
15438,	3.807835e-02
15439,	3.806720e-02
15440,	3.805605e-02
15441,	3.804490e-02
15442,	3.803376e-02
15443,	3.802261e-02
15444,	3.801147e-02
15445,	3.800033e-02
15446,	3.798920e-02
15447,	3.797806e-02
15448,	3.796693e-02
15449,	3.795580e-02
15450,	3.794467e-02
15451,	3.793355e-02
15452,	3.792242e-02
15453,	3.791130e-02
15454,	3.790018e-02
15455,	3.788907e-02
15456,	3.787795e-02
15457,	3.786684e-02
15458,	3.785573e-02
15459,	3.784462e-02
15460,	3.783352e-02
15461,	3.782241e-02
15462,	3.781131e-02
15463,	3.780021e-02
15464,	3.778912e-02
15465,	3.777802e-02
15466,	3.776693e-02
15467,	3.775584e-02
15468,	3.774475e-02
15469,	3.773366e-02
15470,	3.772258e-02
15471,	3.771150e-02
15472,	3.770042e-02
15473,	3.768934e-02
15474,	3.767827e-02
15475,	3.766719e-02
15476,	3.765612e-02
15477,	3.764505e-02
15478,	3.763399e-02
15479,	3.762292e-02
15480,	3.761186e-02
15481,	3.760080e-02
15482,	3.758974e-02
15483,	3.757869e-02
15484,	3.756763e-02
15485,	3.755658e-02
15486,	3.754553e-02
15487,	3.753449e-02
15488,	3.752344e-02
15489,	3.751240e-02
15490,	3.750136e-02
15491,	3.749032e-02
15492,	3.747928e-02
15493,	3.746825e-02
15494,	3.745722e-02
15495,	3.744619e-02
15496,	3.743516e-02
15497,	3.742414e-02
15498,	3.741311e-02
15499,	3.740209e-02
15500,	3.739107e-02
15501,	3.738006e-02
15502,	3.736904e-02
15503,	3.735803e-02
15504,	3.734702e-02
15505,	3.733601e-02
15506,	3.732501e-02
15507,	3.731400e-02
15508,	3.730300e-02
15509,	3.729200e-02
15510,	3.728101e-02
15511,	3.727001e-02
15512,	3.725902e-02
15513,	3.724803e-02
15514,	3.723704e-02
15515,	3.722606e-02
15516,	3.721507e-02
15517,	3.720409e-02
15518,	3.719311e-02
15519,	3.718213e-02
15520,	3.717116e-02
15521,	3.716019e-02
15522,	3.714921e-02
15523,	3.713825e-02
15524,	3.712728e-02
15525,	3.711632e-02
15526,	3.710535e-02
15527,	3.709439e-02
15528,	3.708344e-02
15529,	3.707248e-02
15530,	3.706153e-02
15531,	3.705058e-02
15532,	3.703963e-02
15533,	3.702868e-02
15534,	3.701773e-02
15535,	3.700679e-02
15536,	3.699585e-02
15537,	3.698491e-02
15538,	3.697398e-02
15539,	3.696304e-02
15540,	3.695211e-02
15541,	3.694118e-02
15542,	3.693025e-02
15543,	3.691933e-02
15544,	3.690840e-02
15545,	3.689748e-02
15546,	3.688656e-02
15547,	3.687565e-02
15548,	3.686473e-02
15549,	3.685382e-02
15550,	3.684291e-02
15551,	3.683200e-02
15552,	3.682109e-02
15553,	3.681019e-02
15554,	3.679929e-02
15555,	3.678839e-02
15556,	3.677749e-02
15557,	3.676659e-02
15558,	3.675570e-02
15559,	3.674481e-02
15560,	3.673392e-02
15561,	3.672303e-02
15562,	3.671215e-02
15563,	3.670127e-02
15564,	3.669039e-02
15565,	3.667951e-02
15566,	3.666863e-02
15567,	3.665776e-02
15568,	3.664689e-02
15569,	3.663602e-02
15570,	3.662515e-02
15571,	3.661428e-02
15572,	3.660342e-02
15573,	3.659256e-02
15574,	3.658170e-02
15575,	3.657084e-02
15576,	3.655999e-02
15577,	3.654914e-02
15578,	3.653829e-02
15579,	3.652744e-02
15580,	3.651659e-02
15581,	3.650575e-02
15582,	3.649491e-02
15583,	3.648407e-02
15584,	3.647323e-02
15585,	3.646240e-02
15586,	3.645156e-02
15587,	3.644073e-02
15588,	3.642991e-02
15589,	3.641908e-02
15590,	3.640826e-02
15591,	3.639743e-02
15592,	3.638661e-02
15593,	3.637580e-02
15594,	3.636498e-02
15595,	3.635417e-02
15596,	3.634336e-02
15597,	3.633255e-02
15598,	3.632174e-02
15599,	3.631094e-02
15600,	3.630014e-02
15601,	3.628933e-02
15602,	3.627854e-02
15603,	3.626774e-02
15604,	3.625695e-02
15605,	3.624616e-02
15606,	3.623537e-02
15607,	3.622458e-02
15608,	3.621380e-02
15609,	3.620301e-02
15610,	3.619223e-02
15611,	3.618146e-02
15612,	3.617068e-02
15613,	3.615991e-02
15614,	3.614913e-02
15615,	3.613837e-02
15616,	3.612760e-02
15617,	3.611683e-02
15618,	3.610607e-02
15619,	3.609531e-02
15620,	3.608455e-02
15621,	3.607380e-02
15622,	3.606304e-02
15623,	3.605229e-02
15624,	3.604154e-02
15625,	3.603079e-02
15626,	3.602005e-02
15627,	3.600931e-02
15628,	3.599857e-02
15629,	3.598783e-02
15630,	3.597709e-02
15631,	3.596636e-02
15632,	3.595563e-02
15633,	3.594490e-02
15634,	3.593417e-02
15635,	3.592344e-02
15636,	3.591272e-02
15637,	3.590200e-02
15638,	3.589128e-02
15639,	3.588056e-02
15640,	3.586985e-02
15641,	3.585914e-02
15642,	3.584843e-02
15643,	3.583772e-02
15644,	3.582702e-02
15645,	3.581631e-02
15646,	3.580561e-02
15647,	3.579491e-02
15648,	3.578422e-02
15649,	3.577352e-02
15650,	3.576283e-02
15651,	3.575214e-02
15652,	3.574145e-02
15653,	3.573077e-02
15654,	3.572008e-02
15655,	3.570940e-02
15656,	3.569872e-02
15657,	3.568805e-02
15658,	3.567737e-02
15659,	3.566670e-02
15660,	3.565603e-02
15661,	3.564536e-02
15662,	3.563470e-02
15663,	3.562403e-02
15664,	3.561337e-02
15665,	3.560271e-02
15666,	3.559206e-02
15667,	3.558140e-02
15668,	3.557075e-02
15669,	3.556010e-02
15670,	3.554945e-02
15671,	3.553881e-02
15672,	3.552816e-02
15673,	3.551752e-02
15674,	3.550688e-02
15675,	3.549625e-02
15676,	3.548561e-02
15677,	3.547498e-02
15678,	3.546435e-02
15679,	3.545372e-02
15680,	3.544310e-02
15681,	3.543248e-02
15682,	3.542185e-02
15683,	3.541124e-02
15684,	3.540062e-02
15685,	3.539001e-02
15686,	3.537939e-02
15687,	3.536878e-02
15688,	3.535818e-02
15689,	3.534757e-02
15690,	3.533697e-02
15691,	3.532637e-02
15692,	3.531577e-02
15693,	3.530517e-02
15694,	3.529458e-02
15695,	3.528399e-02
15696,	3.527340e-02
15697,	3.526281e-02
15698,	3.525223e-02
15699,	3.524165e-02
15700,	3.523107e-02
15701,	3.522049e-02
15702,	3.520991e-02
15703,	3.519934e-02
15704,	3.518877e-02
15705,	3.517820e-02
15706,	3.516763e-02
15707,	3.515707e-02
15708,	3.514651e-02
15709,	3.513595e-02
15710,	3.512539e-02
15711,	3.511483e-02
15712,	3.510428e-02
15713,	3.509373e-02
15714,	3.508318e-02
15715,	3.507264e-02
15716,	3.506209e-02
15717,	3.505155e-02
15718,	3.504101e-02
15719,	3.503048e-02
15720,	3.501994e-02
15721,	3.500941e-02
15722,	3.499888e-02
15723,	3.498835e-02
15724,	3.497783e-02
15725,	3.496730e-02
15726,	3.495678e-02
15727,	3.494627e-02
15728,	3.493575e-02
15729,	3.492524e-02
15730,	3.491473e-02
15731,	3.490422e-02
15732,	3.489371e-02
15733,	3.488321e-02
15734,	3.487270e-02
15735,	3.486220e-02
15736,	3.485171e-02
15737,	3.484121e-02
15738,	3.483072e-02
15739,	3.482023e-02
15740,	3.480974e-02
15741,	3.479925e-02
15742,	3.478877e-02
15743,	3.477829e-02
15744,	3.476781e-02
15745,	3.475733e-02
15746,	3.474686e-02
15747,	3.473639e-02
15748,	3.472592e-02
15749,	3.471545e-02
15750,	3.470499e-02
15751,	3.469452e-02
15752,	3.468406e-02
15753,	3.467360e-02
15754,	3.466315e-02
15755,	3.465269e-02
15756,	3.464224e-02
15757,	3.463179e-02
15758,	3.462135e-02
15759,	3.461090e-02
15760,	3.460046e-02
15761,	3.459002e-02
15762,	3.457958e-02
15763,	3.456915e-02
15764,	3.455872e-02
15765,	3.454829e-02
15766,	3.453786e-02
15767,	3.452743e-02
15768,	3.451701e-02
15769,	3.450659e-02
15770,	3.449617e-02
15771,	3.448575e-02
15772,	3.447534e-02
15773,	3.446493e-02
15774,	3.445452e-02
15775,	3.444411e-02
15776,	3.443371e-02
15777,	3.442330e-02
15778,	3.441290e-02
15779,	3.440251e-02
15780,	3.439211e-02
15781,	3.438172e-02
15782,	3.437133e-02
15783,	3.436094e-02
15784,	3.435055e-02
15785,	3.434017e-02
15786,	3.432979e-02
15787,	3.431941e-02
15788,	3.430903e-02
15789,	3.429866e-02
15790,	3.428828e-02
15791,	3.427791e-02
15792,	3.426755e-02
15793,	3.425718e-02
15794,	3.424682e-02
15795,	3.423646e-02
15796,	3.422610e-02
15797,	3.421575e-02
15798,	3.420539e-02
15799,	3.419504e-02
15800,	3.418469e-02
15801,	3.417435e-02
15802,	3.416400e-02
15803,	3.415366e-02
15804,	3.414332e-02
15805,	3.413299e-02
15806,	3.412265e-02
15807,	3.411232e-02
15808,	3.410199e-02
15809,	3.409166e-02
15810,	3.408134e-02
15811,	3.407102e-02
15812,	3.406069e-02
15813,	3.405038e-02
15814,	3.404006e-02
15815,	3.402975e-02
15816,	3.401944e-02
15817,	3.400913e-02
15818,	3.399882e-02
15819,	3.398852e-02
15820,	3.397822e-02
15821,	3.396792e-02
15822,	3.395762e-02
15823,	3.394733e-02
15824,	3.393704e-02
15825,	3.392675e-02
15826,	3.391646e-02
15827,	3.390618e-02
15828,	3.389589e-02
15829,	3.388562e-02
15830,	3.387534e-02
15831,	3.386506e-02
15832,	3.385479e-02
15833,	3.384452e-02
15834,	3.383425e-02
15835,	3.382399e-02
15836,	3.381372e-02
15837,	3.380346e-02
15838,	3.379320e-02
15839,	3.378295e-02
15840,	3.377269e-02
15841,	3.376244e-02
15842,	3.375219e-02
15843,	3.374195e-02
15844,	3.373170e-02
15845,	3.372146e-02
15846,	3.371122e-02
15847,	3.370099e-02
15848,	3.369075e-02
15849,	3.368052e-02
15850,	3.367029e-02
15851,	3.366006e-02
15852,	3.364984e-02
15853,	3.363961e-02
15854,	3.362939e-02
15855,	3.361918e-02
15856,	3.360896e-02
15857,	3.359875e-02
15858,	3.358854e-02
15859,	3.357833e-02
15860,	3.356812e-02
15861,	3.355792e-02
15862,	3.354772e-02
15863,	3.353752e-02
15864,	3.352732e-02
15865,	3.351712e-02
15866,	3.350693e-02
15867,	3.349674e-02
15868,	3.348656e-02
15869,	3.347637e-02
15870,	3.346619e-02
15871,	3.345601e-02
15872,	3.344583e-02
15873,	3.343565e-02
15874,	3.342548e-02
15875,	3.341531e-02
15876,	3.340514e-02
15877,	3.339497e-02
15878,	3.338481e-02
15879,	3.337465e-02
15880,	3.336449e-02
15881,	3.335433e-02
15882,	3.334418e-02
15883,	3.333403e-02
15884,	3.332388e-02
15885,	3.331373e-02
15886,	3.330358e-02
15887,	3.329344e-02
15888,	3.328330e-02
15889,	3.327316e-02
15890,	3.326303e-02
15891,	3.325289e-02
15892,	3.324276e-02
15893,	3.323263e-02
15894,	3.322251e-02
15895,	3.321238e-02
15896,	3.320226e-02
15897,	3.319214e-02
15898,	3.318202e-02
15899,	3.317191e-02
15900,	3.316180e-02
15901,	3.315169e-02
15902,	3.314158e-02
15903,	3.313147e-02
15904,	3.312137e-02
15905,	3.311127e-02
15906,	3.310117e-02
15907,	3.309108e-02
15908,	3.308098e-02
15909,	3.307089e-02
15910,	3.306080e-02
15911,	3.305072e-02
15912,	3.304063e-02
15913,	3.303055e-02
15914,	3.302047e-02
15915,	3.301039e-02
15916,	3.300032e-02
15917,	3.299025e-02
15918,	3.298018e-02
15919,	3.297011e-02
15920,	3.296004e-02
15921,	3.294998e-02
15922,	3.293992e-02
15923,	3.292986e-02
15924,	3.291980e-02
15925,	3.290975e-02
15926,	3.289970e-02
15927,	3.288965e-02
15928,	3.287960e-02
15929,	3.286956e-02
15930,	3.285951e-02
15931,	3.284947e-02
15932,	3.283944e-02
15933,	3.282940e-02
15934,	3.281937e-02
15935,	3.280934e-02
15936,	3.279931e-02
15937,	3.278928e-02
15938,	3.277926e-02
15939,	3.276924e-02
15940,	3.275922e-02
15941,	3.274920e-02
15942,	3.273919e-02
15943,	3.272917e-02
15944,	3.271916e-02
15945,	3.270916e-02
15946,	3.269915e-02
15947,	3.268915e-02
15948,	3.267915e-02
15949,	3.266915e-02
15950,	3.265915e-02
15951,	3.264916e-02
15952,	3.263917e-02
15953,	3.262918e-02
15954,	3.261919e-02
15955,	3.260921e-02
15956,	3.259922e-02
15957,	3.258924e-02
15958,	3.257927e-02
15959,	3.256929e-02
15960,	3.255932e-02
15961,	3.254935e-02
15962,	3.253938e-02
15963,	3.252941e-02
15964,	3.251945e-02
15965,	3.250949e-02
15966,	3.249953e-02
15967,	3.248957e-02
15968,	3.247961e-02
15969,	3.246966e-02
15970,	3.245971e-02
15971,	3.244976e-02
15972,	3.243981e-02
15973,	3.242987e-02
15974,	3.241993e-02
15975,	3.240999e-02
15976,	3.240005e-02
15977,	3.239012e-02
15978,	3.238018e-02
15979,	3.237025e-02
15980,	3.236032e-02
15981,	3.235040e-02
15982,	3.234047e-02
15983,	3.233055e-02
15984,	3.232063e-02
15985,	3.231071e-02
15986,	3.230080e-02
15987,	3.229088e-02
15988,	3.228097e-02
15989,	3.227106e-02
15990,	3.226116e-02
15991,	3.225125e-02
15992,	3.224135e-02
15993,	3.223145e-02
15994,	3.222155e-02
15995,	3.221166e-02
15996,	3.220176e-02
15997,	3.219187e-02
15998,	3.218198e-02
15999,	3.217210e-02
16000,	3.216221e-02
16001,	3.215233e-02
16002,	3.214245e-02
16003,	3.213257e-02
16004,	3.212269e-02
16005,	3.211282e-02
16006,	3.210295e-02
16007,	3.209308e-02
16008,	3.208321e-02
16009,	3.207334e-02
16010,	3.206348e-02
16011,	3.205362e-02
16012,	3.204376e-02
16013,	3.203390e-02
16014,	3.202405e-02
16015,	3.201420e-02
16016,	3.200435e-02
16017,	3.199450e-02
16018,	3.198465e-02
16019,	3.197481e-02
16020,	3.196497e-02
16021,	3.195513e-02
16022,	3.194529e-02
16023,	3.193545e-02
16024,	3.192562e-02
16025,	3.191579e-02
16026,	3.190596e-02
16027,	3.189613e-02
16028,	3.188631e-02
16029,	3.187648e-02
16030,	3.186666e-02
16031,	3.185684e-02
16032,	3.184703e-02
16033,	3.183721e-02
16034,	3.182740e-02
16035,	3.181759e-02
16036,	3.180778e-02
16037,	3.179798e-02
16038,	3.178817e-02
16039,	3.177837e-02
16040,	3.176857e-02
16041,	3.175877e-02
16042,	3.174898e-02
16043,	3.173918e-02
16044,	3.172939e-02
16045,	3.171960e-02
16046,	3.170981e-02
16047,	3.170003e-02
16048,	3.169024e-02
16049,	3.168046e-02
16050,	3.167068e-02
16051,	3.166091e-02
16052,	3.165113e-02
16053,	3.164136e-02
16054,	3.163159e-02
16055,	3.162182e-02
16056,	3.161205e-02
16057,	3.160228e-02
16058,	3.159252e-02
16059,	3.158276e-02
16060,	3.157300e-02
16061,	3.156324e-02
16062,	3.155349e-02
16063,	3.154373e-02
16064,	3.153398e-02
16065,	3.152423e-02
16066,	3.151449e-02
16067,	3.150474e-02
16068,	3.149500e-02
16069,	3.148526e-02
16070,	3.147552e-02
16071,	3.146578e-02
16072,	3.145605e-02
16073,	3.144631e-02
16074,	3.143658e-02
16075,	3.142685e-02
16076,	3.141712e-02
16077,	3.140740e-02
16078,	3.139768e-02
16079,	3.138795e-02
16080,	3.137823e-02
16081,	3.136852e-02
16082,	3.135880e-02
16083,	3.134909e-02
16084,	3.133937e-02
16085,	3.132966e-02
16086,	3.131996e-02
16087,	3.131025e-02
16088,	3.130055e-02
16089,	3.129084e-02
16090,	3.128114e-02
16091,	3.127145e-02
16092,	3.126175e-02
16093,	3.125205e-02
16094,	3.124236e-02
16095,	3.123267e-02
16096,	3.122298e-02
16097,	3.121329e-02
16098,	3.120361e-02
16099,	3.119393e-02
16100,	3.118424e-02
16101,	3.117457e-02
16102,	3.116489e-02
16103,	3.115521e-02
16104,	3.114554e-02
16105,	3.113587e-02
16106,	3.112620e-02
16107,	3.111653e-02
16108,	3.110686e-02
16109,	3.109720e-02
16110,	3.108753e-02
16111,	3.107787e-02
16112,	3.106821e-02
16113,	3.105855e-02
16114,	3.104890e-02
16115,	3.103925e-02
16116,	3.102959e-02
16117,	3.101994e-02
16118,	3.101030e-02
16119,	3.100065e-02
16120,	3.099100e-02
16121,	3.098136e-02
16122,	3.097172e-02
16123,	3.096208e-02
16124,	3.095217e-02
16125,	3.094254e-02
16126,	3.093292e-02
16127,	3.092329e-02
16128,	3.091367e-02
16129,	3.090404e-02
16130,	3.089442e-02
16131,	3.088480e-02
16132,	3.087494e-02
16133,	3.086533e-02
16134,	3.085543e-02
16135,	3.084583e-02
16136,	3.083623e-02
16137,	3.082664e-02
16138,	3.081704e-02
16139,	3.080745e-02
16140,	3.079786e-02
16141,	3.078827e-02
16142,	3.077868e-02
16143,	3.076909e-02
16144,	3.075951e-02
16145,	3.074992e-02
16146,	3.074034e-02
16147,	3.073076e-02
16148,	3.072118e-02
16149,	3.071161e-02
16150,	3.070203e-02
16151,	3.069246e-02
16152,	3.068288e-02
16153,	3.067331e-02
16154,	3.066374e-02
16155,	3.065417e-02
16156,	3.064461e-02
16157,	3.063504e-02
16158,	3.062516e-02
16159,	3.061560e-02
16160,	3.060605e-02
16161,	3.059650e-02
16162,	3.058695e-02
16163,	3.057718e-02
16164,	3.056764e-02
16165,	3.055810e-02
16166,	3.054856e-02
16167,	3.053903e-02
16168,	3.052949e-02
16169,	3.051996e-02
16170,	3.051042e-02
16171,	3.050089e-02
16172,	3.049136e-02
16173,	3.048183e-02
16174,	3.047230e-02
16175,	3.046278e-02
16176,	3.045325e-02
16177,	3.044373e-02
16178,	3.043421e-02
16179,	3.042469e-02
16180,	3.041517e-02
16181,	3.040565e-02
16182,	3.039614e-02
16183,	3.038662e-02
16184,	3.037711e-02
16185,	3.036759e-02
16186,	3.035808e-02
16187,	3.034857e-02
16188,	3.033907e-02
16189,	3.032956e-02
16190,	3.032005e-02
16191,	3.031055e-02
16192,	3.030105e-02
16193,	3.029155e-02
16194,	3.028170e-02
16195,	3.027221e-02
16196,	3.026272e-02
16197,	3.025323e-02
16198,	3.024374e-02
16199,	3.023426e-02
16200,	3.022477e-02
16201,	3.021529e-02
16202,	3.020581e-02
16203,	3.019633e-02
16204,	3.018685e-02
16205,	3.017737e-02
16206,	3.016789e-02
16207,	3.015842e-02
16208,	3.014894e-02
16209,	3.013947e-02
16210,	3.013000e-02
16211,	3.012053e-02
16212,	3.011106e-02
16213,	3.010159e-02
16214,	3.009213e-02
16215,	3.008266e-02
16216,	3.007320e-02
16217,	3.006373e-02
16218,	3.005427e-02
16219,	3.004481e-02
16220,	3.003535e-02
16221,	3.002589e-02
16222,	3.001644e-02
16223,	3.000679e-02
16224,	2.999734e-02
16225,	2.998789e-02
16226,	2.997845e-02
16227,	2.996900e-02
16228,	2.995956e-02
16229,	2.995011e-02
16230,	2.994067e-02
16231,	2.993123e-02
16232,	2.992179e-02
16233,	2.991235e-02
16234,	2.990291e-02
16235,	2.989347e-02
16236,	2.988404e-02
16237,	2.987460e-02
16238,	2.986517e-02
16239,	2.985536e-02
16240,	2.984594e-02
16241,	2.983652e-02
16242,	2.982710e-02
16243,	2.981768e-02
16244,	2.980826e-02
16245,	2.979884e-02
16246,	2.978942e-02
16247,	2.978001e-02
16248,	2.977059e-02
16249,	2.976118e-02
16250,	2.975177e-02
16251,	2.974236e-02
16252,	2.973295e-02
16253,	2.972354e-02
16254,	2.971413e-02
16255,	2.970472e-02
16256,	2.969532e-02
16257,	2.968591e-02
16258,	2.967651e-02
16259,	2.966711e-02
16260,	2.965771e-02
16261,	2.964831e-02
16262,	2.963891e-02
16263,	2.962951e-02
16264,	2.962011e-02
16265,	2.961071e-02
16266,	2.960132e-02
16267,	2.959192e-02
16268,	2.958253e-02
16269,	2.957314e-02
16270,	2.956375e-02
16271,	2.955436e-02
16272,	2.954497e-02
16273,	2.953558e-02
16274,	2.952619e-02
16275,	2.951680e-02
16276,	2.950742e-02
16277,	2.949803e-02
16278,	2.948865e-02
16279,	2.947927e-02
16280,	2.946989e-02
16281,	2.946051e-02
16282,	2.945113e-02
16283,	2.944175e-02
16284,	2.943237e-02
16285,	2.942299e-02
16286,	2.941362e-02
16287,	2.940424e-02
16288,	2.939487e-02
16289,	2.938549e-02
16290,	2.937612e-02
16291,	2.936675e-02
16292,	2.935738e-02
16293,	2.934761e-02
16294,	2.933825e-02
16295,	2.932889e-02
16296,	2.931953e-02
16297,	2.931017e-02
16298,	2.930082e-02
16299,	2.929146e-02
16300,	2.928211e-02
16301,	2.927276e-02
16302,	2.926340e-02
16303,	2.925405e-02
16304,	2.924470e-02
16305,	2.923535e-02
16306,	2.922600e-02
16307,	2.921665e-02
16308,	2.920731e-02
16309,	2.919796e-02
16310,	2.918861e-02
16311,	2.917927e-02
16312,	2.916993e-02
16313,	2.916058e-02
16314,	2.915124e-02
16315,	2.914190e-02
16316,	2.913256e-02
16317,	2.912322e-02
16318,	2.911388e-02
16319,	2.910454e-02
16320,	2.909520e-02
16321,	2.908587e-02
16322,	2.907653e-02
16323,	2.906720e-02
16324,	2.905770e-02
16325,	2.904837e-02
16326,	2.903904e-02
16327,	2.902972e-02
16328,	2.902039e-02
16329,	2.901106e-02
16330,	2.900174e-02
16331,	2.899241e-02
16332,	2.898309e-02
16333,	2.897377e-02
16334,	2.896444e-02
16335,	2.895512e-02
16336,	2.894580e-02
16337,	2.893648e-02
16338,	2.892716e-02
16339,	2.891784e-02
16340,	2.890853e-02
16341,	2.889921e-02
16342,	2.888989e-02
16343,	2.888058e-02
16344,	2.887126e-02
16345,	2.886195e-02
16346,	2.885263e-02
16347,	2.884332e-02
16348,	2.883401e-02
16349,	2.882470e-02
16350,	2.881539e-02
16351,	2.880608e-02
16352,	2.879677e-02
16353,	2.878703e-02
16354,	2.877773e-02
16355,	2.876843e-02
16356,	2.875913e-02
16357,	2.874984e-02
16358,	2.874054e-02
16359,	2.873125e-02
16360,	2.872195e-02
16361,	2.871266e-02
16362,	2.870336e-02
16363,	2.869407e-02
16364,	2.868478e-02
16365,	2.867549e-02
16366,	2.866620e-02
16367,	2.865691e-02
16368,	2.864762e-02
16369,	2.863833e-02
16370,	2.862904e-02
16371,	2.861975e-02
16372,	2.861047e-02
16373,	2.860118e-02
16374,	2.859189e-02
16375,	2.858261e-02
16376,	2.857332e-02
16377,	2.856404e-02
16378,	2.855476e-02
16379,	2.854547e-02
16380,	2.853619e-02
16381,	2.852691e-02
16382,	2.851763e-02
16383,	2.850835e-02
16384,	2.849907e-02
16385,	2.848979e-02
16386,	2.848051e-02
16387,	2.847123e-02
16388,	2.846195e-02
16389,	2.845268e-02
16390,	2.844340e-02
16391,	2.843413e-02
16392,	2.842485e-02
16393,	2.841558e-02
16394,	2.840630e-02
16395,	2.839703e-02
16396,	2.838776e-02
16397,	2.837848e-02
16398,	2.836921e-02
16399,	2.835994e-02
16400,	2.835067e-02
16401,	2.834140e-02
16402,	2.833213e-02
16403,	2.832286e-02
16404,	2.831359e-02
16405,	2.830432e-02
16406,	2.829506e-02
16407,	2.828579e-02
16408,	2.827652e-02
16409,	2.826726e-02
16410,	2.825799e-02
16411,	2.824873e-02
16412,	2.823947e-02
16413,	2.823020e-02
16414,	2.822094e-02
16415,	2.821168e-02
16416,	2.820241e-02
16417,	2.819315e-02
16418,	2.818389e-02
16419,	2.817463e-02
16420,	2.816491e-02
16421,	2.815566e-02
16422,	2.814641e-02
16423,	2.813716e-02
16424,	2.812792e-02
16425,	2.811867e-02
16426,	2.810942e-02
16427,	2.810017e-02
16428,	2.809093e-02
16429,	2.808168e-02
16430,	2.807244e-02
16431,	2.806319e-02
16432,	2.805395e-02
16433,	2.804470e-02
16434,	2.803546e-02
16435,	2.802622e-02
16436,	2.801698e-02
16437,	2.800773e-02
16438,	2.799849e-02
16439,	2.798925e-02
16440,	2.798001e-02
16441,	2.797077e-02
16442,	2.796153e-02
16443,	2.795229e-02
16444,	2.794305e-02
16445,	2.793381e-02
16446,	2.792458e-02
16447,	2.791534e-02
16448,	2.790610e-02
16449,	2.789686e-02
16450,	2.788763e-02
16451,	2.787839e-02
16452,	2.786916e-02
16453,	2.785992e-02
16454,	2.785069e-02
16455,	2.784145e-02
16456,	2.783222e-02
16457,	2.782299e-02
16458,	2.781376e-02
16459,	2.780452e-02
16460,	2.779529e-02
16461,	2.778606e-02
16462,	2.777683e-02
16463,	2.776760e-02
16464,	2.775837e-02
16465,	2.774914e-02
16466,	2.773991e-02
16467,	2.773068e-02
16468,	2.772145e-02
16469,	2.771222e-02
16470,	2.770300e-02
16471,	2.769377e-02
16472,	2.768454e-02
16473,	2.767532e-02
16474,	2.766609e-02
16475,	2.765687e-02
16476,	2.764764e-02
16477,	2.763842e-02
16478,	2.762919e-02
16479,	2.761997e-02
16480,	2.761075e-02
16481,	2.760152e-02
16482,	2.759230e-02
16483,	2.758308e-02
16484,	2.757372e-02
16485,	2.756450e-02
16486,	2.755529e-02
16487,	2.754607e-02
16488,	2.753685e-02
16489,	2.752764e-02
16490,	2.751842e-02
16491,	2.750920e-02
16492,	2.749999e-02
16493,	2.749028e-02
16494,	2.748108e-02
16495,	2.747187e-02
16496,	2.746267e-02
16497,	2.745347e-02
16498,	2.744426e-02
16499,	2.743506e-02
16500,	2.742586e-02
16501,	2.741666e-02
16502,	2.740746e-02
16503,	2.739825e-02
16504,	2.738905e-02
16505,	2.737985e-02
16506,	2.737065e-02
16507,	2.736145e-02
16508,	2.735225e-02
16509,	2.734305e-02
16510,	2.733386e-02
16511,	2.732466e-02
16512,	2.731546e-02
16513,	2.730626e-02
16514,	2.729706e-02
16515,	2.728787e-02
16516,	2.727867e-02
16517,	2.726947e-02
16518,	2.726028e-02
16519,	2.725108e-02
16520,	2.724189e-02
16521,	2.723269e-02
16522,	2.722350e-02
16523,	2.721430e-02
16524,	2.720511e-02
16525,	2.719591e-02
16526,	2.718672e-02
16527,	2.717753e-02
16528,	2.716833e-02
16529,	2.715914e-02
16530,	2.714995e-02
16531,	2.714076e-02
16532,	2.713157e-02
16533,	2.712237e-02
16534,	2.711318e-02
16535,	2.710399e-02
16536,	2.709480e-02
16537,	2.708561e-02
16538,	2.707642e-02
16539,	2.706724e-02
16540,	2.705805e-02
16541,	2.704886e-02
16542,	2.703967e-02
16543,	2.703048e-02
16544,	2.702130e-02
16545,	2.701211e-02
16546,	2.700292e-02
16547,	2.699374e-02
16548,	2.698455e-02
16549,	2.697537e-02
16550,	2.696618e-02
16551,	2.695700e-02
16552,	2.694781e-02
16553,	2.693863e-02
16554,	2.692944e-02
16555,	2.692026e-02
16556,	2.691108e-02
16557,	2.690189e-02
16558,	2.689271e-02
16559,	2.688353e-02
16560,	2.687435e-02
16561,	2.686517e-02
16562,	2.685599e-02
16563,	2.684681e-02
16564,	2.683763e-02
16565,	2.682845e-02
16566,	2.681927e-02
16567,	2.681009e-02
16568,	2.680091e-02
16569,	2.679173e-02
16570,	2.678203e-02
16571,	2.677286e-02
16572,	2.676370e-02
16573,	2.675453e-02
16574,	2.674537e-02
16575,	2.673620e-02
16576,	2.672703e-02
16577,	2.671787e-02
16578,	2.670871e-02
16579,	2.669954e-02
16580,	2.669038e-02
16581,	2.668121e-02
16582,	2.667205e-02
16583,	2.666289e-02
16584,	2.665373e-02
16585,	2.664456e-02
16586,	2.663540e-02
16587,	2.662624e-02
16588,	2.661708e-02
16589,	2.660792e-02
16590,	2.659876e-02
16591,	2.658960e-02
16592,	2.658044e-02
16593,	2.657128e-02
16594,	2.656212e-02
16595,	2.655296e-02
16596,	2.654381e-02
16597,	2.653465e-02
16598,	2.652549e-02
16599,	2.651634e-02
16600,	2.650718e-02
16601,	2.649802e-02
16602,	2.648887e-02
16603,	2.647971e-02
16604,	2.647056e-02
16605,	2.646140e-02
16606,	2.645225e-02
16607,	2.644309e-02
16608,	2.643394e-02
16609,	2.642479e-02
16610,	2.641564e-02
16611,	2.640648e-02
16612,	2.639733e-02
16613,	2.638818e-02
16614,	2.637903e-02
16615,	2.636988e-02
16616,	2.636073e-02
16617,	2.635158e-02
16618,	2.634243e-02
16619,	2.633328e-02
16620,	2.632414e-02
16621,	2.631499e-02
16622,	2.630584e-02
16623,	2.629669e-02
16624,	2.628755e-02
16625,	2.627840e-02
16626,	2.626925e-02
16627,	2.626011e-02
16628,	2.625096e-02
16629,	2.624182e-02
16630,	2.623268e-02
16631,	2.622353e-02
16632,	2.621439e-02
16633,	2.620525e-02
16634,	2.619611e-02
16635,	2.618696e-02
16636,	2.617782e-02
16637,	2.616868e-02
16638,	2.615954e-02
16639,	2.615040e-02
16640,	2.614126e-02
16641,	2.613213e-02
16642,	2.612299e-02
16643,	2.611385e-02
16644,	2.610471e-02
16645,	2.609558e-02
16646,	2.608644e-02
16647,	2.607730e-02
16648,	2.606817e-02
16649,	2.605903e-02
16650,	2.604990e-02
16651,	2.604021e-02
16652,	2.603109e-02
16653,	2.602197e-02
16654,	2.601285e-02
16655,	2.600373e-02
16656,	2.599461e-02
16657,	2.598549e-02
16658,	2.597637e-02
16659,	2.596725e-02
16660,	2.595813e-02
16661,	2.594901e-02
16662,	2.593990e-02
16663,	2.593078e-02
16664,	2.592166e-02
16665,	2.591255e-02
16666,	2.590343e-02
16667,	2.589432e-02
16668,	2.588520e-02
16669,	2.587609e-02
16670,	2.586698e-02
16671,	2.585787e-02
16672,	2.584875e-02
16673,	2.583964e-02
16674,	2.583053e-02
16675,	2.582142e-02
16676,	2.581231e-02
16677,	2.580320e-02
16678,	2.579410e-02
16679,	2.578499e-02
16680,	2.577588e-02
16681,	2.576677e-02
16682,	2.575767e-02
16683,	2.574856e-02
16684,	2.573946e-02
16685,	2.573035e-02
16686,	2.572125e-02
16687,	2.571215e-02
16688,	2.570304e-02
16689,	2.569394e-02
16690,	2.568484e-02
16691,	2.567574e-02
16692,	2.566664e-02
16693,	2.565754e-02
16694,	2.564844e-02
16695,	2.563934e-02
16696,	2.563024e-02
16697,	2.562115e-02
16698,	2.561205e-02
16699,	2.560296e-02
16700,	2.559386e-02
16701,	2.558477e-02
16702,	2.557567e-02
16703,	2.556658e-02
16704,	2.555749e-02
16705,	2.554840e-02
16706,	2.553930e-02
16707,	2.553021e-02
16708,	2.552112e-02
16709,	2.551204e-02
16710,	2.550295e-02
16711,	2.549386e-02
16712,	2.548477e-02
16713,	2.547569e-02
16714,	2.546660e-02
16715,	2.545752e-02
16716,	2.544843e-02
16717,	2.543935e-02
16718,	2.543027e-02
16719,	2.542119e-02
16720,	2.541210e-02
16721,	2.540302e-02
16722,	2.539394e-02
16723,	2.538487e-02
16724,	2.537579e-02
16725,	2.536671e-02
16726,	2.535763e-02
16727,	2.534856e-02
16728,	2.533948e-02
16729,	2.533041e-02
16730,	2.532134e-02
16731,	2.531226e-02
16732,	2.530319e-02
16733,	2.529412e-02
16734,	2.528505e-02
16735,	2.527598e-02
16736,	2.526633e-02
16737,	2.525727e-02
16738,	2.524821e-02
16739,	2.523916e-02
16740,	2.523011e-02
16741,	2.522094e-02
16742,	2.521190e-02
16743,	2.520285e-02
16744,	2.519380e-02
16745,	2.518475e-02
16746,	2.517571e-02
16747,	2.516666e-02
16748,	2.515762e-02
16749,	2.514857e-02
16750,	2.513953e-02
16751,	2.513049e-02
16752,	2.512145e-02
16753,	2.511241e-02
16754,	2.510337e-02
16755,	2.509433e-02
16756,	2.508529e-02
16757,	2.507625e-02
16758,	2.506722e-02
16759,	2.505818e-02
16760,	2.504915e-02
16761,	2.504011e-02
16762,	2.503108e-02
16763,	2.502205e-02
16764,	2.501302e-02
16765,	2.500399e-02
16766,	2.499496e-02
16767,	2.498593e-02
16768,	2.497691e-02
16769,	2.496788e-02
16770,	2.495885e-02
16771,	2.494983e-02
16772,	2.494081e-02
16773,	2.493178e-02
16774,	2.492276e-02
16775,	2.491374e-02
16776,	2.490472e-02
16777,	2.489571e-02
16778,	2.488669e-02
16779,	2.487767e-02
16780,	2.486866e-02
16781,	2.485964e-02
16782,	2.485063e-02
16783,	2.484162e-02
16784,	2.483260e-02
16785,	2.482359e-02
16786,	2.481458e-02
16787,	2.480558e-02
16788,	2.479657e-02
16789,	2.478756e-02
16790,	2.477856e-02
16791,	2.476955e-02
16792,	2.476055e-02
16793,	2.475155e-02
16794,	2.474255e-02
16795,	2.473355e-02
16796,	2.472455e-02
16797,	2.471555e-02
16798,	2.470656e-02
16799,	2.469756e-02
16800,	2.468857e-02
16801,	2.467957e-02
16802,	2.467058e-02
16803,	2.466159e-02
16804,	2.465260e-02
16805,	2.464361e-02
16806,	2.463463e-02
16807,	2.462564e-02
16808,	2.461666e-02
16809,	2.460767e-02
16810,	2.459869e-02
16811,	2.458971e-02
16812,	2.458073e-02
16813,	2.457175e-02
16814,	2.456277e-02
16815,	2.455379e-02
16816,	2.454482e-02
16817,	2.453584e-02
16818,	2.452687e-02
16819,	2.451790e-02
16820,	2.450893e-02
16821,	2.449996e-02
16822,	2.449099e-02
16823,	2.448203e-02
16824,	2.447306e-02
16825,	2.446347e-02
16826,	2.445452e-02
16827,	2.444557e-02
16828,	2.443663e-02
16829,	2.442768e-02
16830,	2.441873e-02
16831,	2.440979e-02
16832,	2.440085e-02
16833,	2.439190e-02
16834,	2.438296e-02
16835,	2.437402e-02
16836,	2.436509e-02
16837,	2.435615e-02
16838,	2.434721e-02
16839,	2.433828e-02
16840,	2.432935e-02
16841,	2.432042e-02
16842,	2.431149e-02
16843,	2.430256e-02
16844,	2.429363e-02
16845,	2.428471e-02
16846,	2.427578e-02
16847,	2.426686e-02
16848,	2.425794e-02
16849,	2.424902e-02
16850,	2.424010e-02
16851,	2.423118e-02
16852,	2.422227e-02
16853,	2.421335e-02
16854,	2.420444e-02
16855,	2.419553e-02
16856,	2.418662e-02
16857,	2.417771e-02
16858,	2.416880e-02
16859,	2.415990e-02
16860,	2.415099e-02
16861,	2.414209e-02
16862,	2.413319e-02
16863,	2.412429e-02
16864,	2.411539e-02
16865,	2.410649e-02
16866,	2.409760e-02
16867,	2.408871e-02
16868,	2.407981e-02
16869,	2.407092e-02
16870,	2.406203e-02
16871,	2.405315e-02
16872,	2.404426e-02
16873,	2.403538e-02
16874,	2.402649e-02
16875,	2.401761e-02
16876,	2.400873e-02
16877,	2.399986e-02
16878,	2.399098e-02
16879,	2.398211e-02
16880,	2.397323e-02
16881,	2.396436e-02
16882,	2.395549e-02
16883,	2.394663e-02
16884,	2.393776e-02
16885,	2.392889e-02
16886,	2.392003e-02
16887,	2.391117e-02
16888,	2.390231e-02
16889,	2.389345e-02
16890,	2.388460e-02
16891,	2.387574e-02
16892,	2.386689e-02
16893,	2.385804e-02
16894,	2.384919e-02
16895,	2.384034e-02
16896,	2.383150e-02
16897,	2.382265e-02
16898,	2.381381e-02
16899,	2.380497e-02
16900,	2.379613e-02
16901,	2.378729e-02
16902,	2.377846e-02
16903,	2.376963e-02
16904,	2.376079e-02
16905,	2.375197e-02
16906,	2.374314e-02
16907,	2.373431e-02
16908,	2.372549e-02
16909,	2.371666e-02
16910,	2.370784e-02
16911,	2.369903e-02
16912,	2.369021e-02
16913,	2.368139e-02
16914,	2.367258e-02
16915,	2.366377e-02
16916,	2.365430e-02
16917,	2.364551e-02
16918,	2.363672e-02
16919,	2.362793e-02
16920,	2.361914e-02
16921,	2.361035e-02
16922,	2.360156e-02
16923,	2.359278e-02
16924,	2.358400e-02
16925,	2.357522e-02
16926,	2.356644e-02
16927,	2.355767e-02
16928,	2.354889e-02
16929,	2.354012e-02
16930,	2.353135e-02
16931,	2.352258e-02
16932,	2.351382e-02
16933,	2.350505e-02
16934,	2.349629e-02
16935,	2.348753e-02
16936,	2.347877e-02
16937,	2.347002e-02
16938,	2.346126e-02
16939,	2.345251e-02
16940,	2.344376e-02
16941,	2.343502e-02
16942,	2.342627e-02
16943,	2.341753e-02
16944,	2.340879e-02
16945,	2.340005e-02
16946,	2.339131e-02
16947,	2.338257e-02
16948,	2.337384e-02
16949,	2.336511e-02
16950,	2.335638e-02
16951,	2.334766e-02
16952,	2.333893e-02
16953,	2.333021e-02
16954,	2.332149e-02
16955,	2.331277e-02
16956,	2.330406e-02
16957,	2.329534e-02
16958,	2.328663e-02
16959,	2.327792e-02
16960,	2.326922e-02
16961,	2.326051e-02
16962,	2.325181e-02
16963,	2.324311e-02
16964,	2.323441e-02
16965,	2.322571e-02
16966,	2.321702e-02
16967,	2.320833e-02
16968,	2.319964e-02
16969,	2.319095e-02
16970,	2.318227e-02
16971,	2.317359e-02
16972,	2.316491e-02
16973,	2.315623e-02
16974,	2.314756e-02
16975,	2.313888e-02
16976,	2.313021e-02
16977,	2.312154e-02
16978,	2.311288e-02
16979,	2.310421e-02
16980,	2.309555e-02
16981,	2.308689e-02
16982,	2.307824e-02
16983,	2.306958e-02
16984,	2.306093e-02
16985,	2.305228e-02
16986,	2.304364e-02
16987,	2.303499e-02
16988,	2.302635e-02
16989,	2.301771e-02
16990,	2.300907e-02
16991,	2.300044e-02
16992,	2.299181e-02
16993,	2.298318e-02
16994,	2.297455e-02
16995,	2.296592e-02
16996,	2.295730e-02
16997,	2.294868e-02
16998,	2.294006e-02
16999,	2.293145e-02
17000,	2.292284e-02
17001,	2.291423e-02
17002,	2.290562e-02
17003,	2.289702e-02
17004,	2.288841e-02
17005,	2.287981e-02
17006,	2.287122e-02
17007,	2.286262e-02
17008,	2.285403e-02
17009,	2.284544e-02
17010,	2.283616e-02
17011,	2.282759e-02
17012,	2.281902e-02
17013,	2.281045e-02
17014,	2.280189e-02
17015,	2.279333e-02
17016,	2.278477e-02
17017,	2.277622e-02
17018,	2.276766e-02
17019,	2.275911e-02
17020,	2.275057e-02
17021,	2.274202e-02
17022,	2.273348e-02
17023,	2.272494e-02
17024,	2.271640e-02
17025,	2.270787e-02
17026,	2.269934e-02
17027,	2.269081e-02
17028,	2.268228e-02
17029,	2.267376e-02
17030,	2.266524e-02
17031,	2.265672e-02
17032,	2.264821e-02
17033,	2.263969e-02
17034,	2.263118e-02
17035,	2.262268e-02
17036,	2.261417e-02
17037,	2.260567e-02
17038,	2.259717e-02
17039,	2.258868e-02
17040,	2.258018e-02
17041,	2.257169e-02
17042,	2.256321e-02
17043,	2.255472e-02
17044,	2.254624e-02
17045,	2.253776e-02
17046,	2.252928e-02
17047,	2.252081e-02
17048,	2.251234e-02
17049,	2.250387e-02
17050,	2.249541e-02
17051,	2.248695e-02
17052,	2.247849e-02
17053,	2.247003e-02
17054,	2.246158e-02
17055,	2.245313e-02
17056,	2.244468e-02
17057,	2.243624e-02
17058,	2.242779e-02
17059,	2.241936e-02
17060,	2.241092e-02
17061,	2.240249e-02
17062,	2.239406e-02
17063,	2.238563e-02
17064,	2.237721e-02
17065,	2.236879e-02
17066,	2.236037e-02
17067,	2.235195e-02
17068,	2.234354e-02
17069,	2.233513e-02
17070,	2.232673e-02
17071,	2.231832e-02
17072,	2.230992e-02
17073,	2.230153e-02
17074,	2.229313e-02
17075,	2.228474e-02
17076,	2.227635e-02
17077,	2.226797e-02
17078,	2.225959e-02
17079,	2.225121e-02
17080,	2.224283e-02
17081,	2.223446e-02
17082,	2.222609e-02
17083,	2.221772e-02
17084,	2.220936e-02
17085,	2.220100e-02
17086,	2.219264e-02
17087,	2.218429e-02
17088,	2.217594e-02
17089,	2.216759e-02
17090,	2.215925e-02
17091,	2.215090e-02
17092,	2.214257e-02
17093,	2.213423e-02
17094,	2.212590e-02
17095,	2.211757e-02
17096,	2.210924e-02
17097,	2.210092e-02
17098,	2.209260e-02
17099,	2.208429e-02
17100,	2.207597e-02
17101,	2.206767e-02
17102,	2.205936e-02
17103,	2.205106e-02
17104,	2.204276e-02
17105,	2.203446e-02
17106,	2.202617e-02
17107,	2.201714e-02
17108,	2.200888e-02
17109,	2.200061e-02
17110,	2.199235e-02
17111,	2.198409e-02
17112,	2.197584e-02
17113,	2.196759e-02
17114,	2.195934e-02
17115,	2.195109e-02
17116,	2.194285e-02
17117,	2.193461e-02
17118,	2.192637e-02
17119,	2.191814e-02
17120,	2.190991e-02
17121,	2.190168e-02
17122,	2.189346e-02
17123,	2.188524e-02
17124,	2.187702e-02
17125,	2.186881e-02
17126,	2.186060e-02
17127,	2.185239e-02
17128,	2.184418e-02
17129,	2.183598e-02
17130,	2.182778e-02
17131,	2.181959e-02
17132,	2.181140e-02
17133,	2.180321e-02
17134,	2.179502e-02
17135,	2.178684e-02
17136,	2.177866e-02
17137,	2.177049e-02
17138,	2.176232e-02
17139,	2.175415e-02
17140,	2.174598e-02
17141,	2.173782e-02
17142,	2.172966e-02
17143,	2.172151e-02
17144,	2.171336e-02
17145,	2.170521e-02
17146,	2.169707e-02
17147,	2.168892e-02
17148,	2.168079e-02
17149,	2.167265e-02
17150,	2.166452e-02
17151,	2.165639e-02
17152,	2.164827e-02
17153,	2.164015e-02
17154,	2.163203e-02
17155,	2.162392e-02
17156,	2.161581e-02
17157,	2.160770e-02
17158,	2.159960e-02
17159,	2.159150e-02
17160,	2.158340e-02
17161,	2.157531e-02
17162,	2.156722e-02
17163,	2.155914e-02
17164,	2.155106e-02
17165,	2.154298e-02
17166,	2.153490e-02
17167,	2.152683e-02
17168,	2.151877e-02
17169,	2.151070e-02
17170,	2.150264e-02
17171,	2.149459e-02
17172,	2.148653e-02
17173,	2.147848e-02
17174,	2.147044e-02
17175,	2.146240e-02
17176,	2.145436e-02
17177,	2.144633e-02
17178,	2.143829e-02
17179,	2.143027e-02
17180,	2.142224e-02
17181,	2.141422e-02
17182,	2.140613e-02
17183,	2.139812e-02
17184,	2.139011e-02
17185,	2.138211e-02
17186,	2.137411e-02
17187,	2.136612e-02
17188,	2.135812e-02
17189,	2.135014e-02
17190,	2.134215e-02
17191,	2.133417e-02
17192,	2.132620e-02
17193,	2.131823e-02
17194,	2.131026e-02
17195,	2.130229e-02
17196,	2.129433e-02
17197,	2.128637e-02
17198,	2.127842e-02
17199,	2.127047e-02
17200,	2.126253e-02
17201,	2.125458e-02
17202,	2.124665e-02
17203,	2.123871e-02
17204,	2.123078e-02
17205,	2.122286e-02
17206,	2.121493e-02
17207,	2.120702e-02
17208,	2.119910e-02
17209,	2.119119e-02
17210,	2.118328e-02
17211,	2.117538e-02
17212,	2.116748e-02
17213,	2.115959e-02
17214,	2.115170e-02
17215,	2.114381e-02
17216,	2.113593e-02
17217,	2.112805e-02
17218,	2.112017e-02
17219,	2.111230e-02
17220,	2.110443e-02
17221,	2.109657e-02
17222,	2.108871e-02
17223,	2.108086e-02
17224,	2.107301e-02
17225,	2.106516e-02
17226,	2.105732e-02
17227,	2.104948e-02
17228,	2.104164e-02
17229,	2.103381e-02
17230,	2.102598e-02
17231,	2.101816e-02
17232,	2.101034e-02
17233,	2.100253e-02
17234,	2.099472e-02
17235,	2.098691e-02
17236,	2.097911e-02
17237,	2.097131e-02
17238,	2.096351e-02
17239,	2.095572e-02
17240,	2.094794e-02
17241,	2.094016e-02
17242,	2.093238e-02
17243,	2.092461e-02
17244,	2.091684e-02
17245,	2.090907e-02
17246,	2.090131e-02
17247,	2.089355e-02
17248,	2.088580e-02
17249,	2.087805e-02
17250,	2.087031e-02
17251,	2.086256e-02
17252,	2.085483e-02
17253,	2.084710e-02
17254,	2.083937e-02
17255,	2.083164e-02
17256,	2.082392e-02
17257,	2.081621e-02
17258,	2.080850e-02
17259,	2.080079e-02
17260,	2.079309e-02
17261,	2.078539e-02
17262,	2.077770e-02
17263,	2.077001e-02
17264,	2.076232e-02
17265,	2.075464e-02
17266,	2.074696e-02
17267,	2.073929e-02
17268,	2.073162e-02
17269,	2.072395e-02
17270,	2.071629e-02
17271,	2.070864e-02
17272,	2.070099e-02
17273,	2.069334e-02
17274,	2.068570e-02
17275,	2.067806e-02
17276,	2.067042e-02
17277,	2.066279e-02
17278,	2.065517e-02
17279,	2.064755e-02
17280,	2.063993e-02
17281,	2.063232e-02
17282,	2.062471e-02
17283,	2.061710e-02
17284,	2.060950e-02
17285,	2.060191e-02
17286,	2.059432e-02
17287,	2.058673e-02
17288,	2.057915e-02
17289,	2.057157e-02
17290,	2.056399e-02
17291,	2.055642e-02
17292,	2.054886e-02
17293,	2.054130e-02
17294,	2.053374e-02
17295,	2.052619e-02
17296,	2.051864e-02
17297,	2.051110e-02
17298,	2.050356e-02
17299,	2.049602e-02
17300,	2.048849e-02
17301,	2.048096e-02
17302,	2.047344e-02
17303,	2.046592e-02
17304,	2.045841e-02
17305,	2.045090e-02
17306,	2.044340e-02
17307,	2.043590e-02
17308,	2.042840e-02
17309,	2.042091e-02
17310,	2.041342e-02
17311,	2.040594e-02
17312,	2.039846e-02
17313,	2.039099e-02
17314,	2.038352e-02
17315,	2.037605e-02
17316,	2.036859e-02
17317,	2.036113e-02
17318,	2.035368e-02
17319,	2.034624e-02
17320,	2.033879e-02
17321,	2.033135e-02
17322,	2.032392e-02
17323,	2.031649e-02
17324,	2.030906e-02
17325,	2.030164e-02
17326,	2.029422e-02
17327,	2.028681e-02
17328,	2.027940e-02
17329,	2.027200e-02
17330,	2.026460e-02
17331,	2.025720e-02
17332,	2.024981e-02
17333,	2.024243e-02
17334,	2.023505e-02
17335,	2.022767e-02
17336,	2.022030e-02
17337,	2.021293e-02
17338,	2.020556e-02
17339,	2.019820e-02
17340,	2.019085e-02
17341,	2.018350e-02
17342,	2.017615e-02
17343,	2.016881e-02
17344,	2.016147e-02
17345,	2.015414e-02
17346,	2.014681e-02
17347,	2.013948e-02
17348,	2.013216e-02
17349,	2.012485e-02
17350,	2.011754e-02
17351,	2.011023e-02
17352,	2.010293e-02
17353,	2.009563e-02
17354,	2.008834e-02
17355,	2.008105e-02
17356,	2.007376e-02
17357,	2.006648e-02
17358,	2.005921e-02
17359,	2.005194e-02
17360,	2.004467e-02
17361,	2.003741e-02
17362,	2.003015e-02
17363,	2.002290e-02
17364,	2.001565e-02
17365,	2.000840e-02
17366,	2.000116e-02
17367,	1.999393e-02
17368,	1.998670e-02
17369,	1.997947e-02
17370,	1.997225e-02
17371,	1.996503e-02
17372,	1.995782e-02
17373,	1.995061e-02
17374,	1.994340e-02
17375,	1.993620e-02
17376,	1.992901e-02
17377,	1.992182e-02
17378,	1.991463e-02
17379,	1.990745e-02
17380,	1.990027e-02
17381,	1.989310e-02
17382,	1.988593e-02
17383,	1.987876e-02
17384,	1.987160e-02
17385,	1.986445e-02
17386,	1.985730e-02
17387,	1.985015e-02
17388,	1.984301e-02
17389,	1.983587e-02
17390,	1.982874e-02
17391,	1.982161e-02
17392,	1.981448e-02
17393,	1.980736e-02
17394,	1.980025e-02
17395,	1.979314e-02
17396,	1.978603e-02
17397,	1.977893e-02
17398,	1.977183e-02
17399,	1.976474e-02
17400,	1.975765e-02
17401,	1.975056e-02
17402,	1.974349e-02
17403,	1.973641e-02
17404,	1.972934e-02
17405,	1.972227e-02
17406,	1.971521e-02
17407,	1.970815e-02
17408,	1.970110e-02
17409,	1.969405e-02
17410,	1.968701e-02
17411,	1.967997e-02
17412,	1.967293e-02
17413,	1.966590e-02
17414,	1.965887e-02
17415,	1.965185e-02
17416,	1.964483e-02
17417,	1.963782e-02
17418,	1.963081e-02
17419,	1.962381e-02
17420,	1.961681e-02
17421,	1.960981e-02
17422,	1.960282e-02
17423,	1.959583e-02
17424,	1.958885e-02
17425,	1.958187e-02
17426,	1.957490e-02
17427,	1.956793e-02
17428,	1.956097e-02
17429,	1.955401e-02
17430,	1.954705e-02
17431,	1.954010e-02
17432,	1.953315e-02
17433,	1.952621e-02
17434,	1.951927e-02
17435,	1.951234e-02
17436,	1.950541e-02
17437,	1.949848e-02
17438,	1.949156e-02
17439,	1.948465e-02
17440,	1.947774e-02
17441,	1.947083e-02
17442,	1.946393e-02
17443,	1.945703e-02
17444,	1.945013e-02
17445,	1.944324e-02
17446,	1.943636e-02
17447,	1.942948e-02
17448,	1.942260e-02
17449,	1.941573e-02
17450,	1.940886e-02
17451,	1.940200e-02
17452,	1.939514e-02
17453,	1.938829e-02
17454,	1.938144e-02
17455,	1.937459e-02
17456,	1.936775e-02
17457,	1.936092e-02
17458,	1.935409e-02
17459,	1.934726e-02
17460,	1.934043e-02
17461,	1.933362e-02
17462,	1.932680e-02
17463,	1.931999e-02
17464,	1.931318e-02
17465,	1.930638e-02
17466,	1.929959e-02
17467,	1.929279e-02
17468,	1.928600e-02
17469,	1.927922e-02
17470,	1.927244e-02
17471,	1.926567e-02
17472,	1.925889e-02
17473,	1.925213e-02
17474,	1.924536e-02
17475,	1.923861e-02
17476,	1.923185e-02
17477,	1.922510e-02
17478,	1.921836e-02
17479,	1.921162e-02
17480,	1.920488e-02
17481,	1.919815e-02
17482,	1.919142e-02
17483,	1.918470e-02
17484,	1.917798e-02
17485,	1.917126e-02
17486,	1.916455e-02
17487,	1.915785e-02
17488,	1.915115e-02
17489,	1.914445e-02
17490,	1.913776e-02
17491,	1.913107e-02
17492,	1.912438e-02
17493,	1.911770e-02
17494,	1.911103e-02
17495,	1.910435e-02
17496,	1.909769e-02
17497,	1.909102e-02
17498,	1.908437e-02
17499,	1.907771e-02
17500,	1.907106e-02
17501,	1.906442e-02
17502,	1.905777e-02
17503,	1.905114e-02
17504,	1.904450e-02
17505,	1.903787e-02
17506,	1.903125e-02
17507,	1.902463e-02
17508,	1.901801e-02
17509,	1.901140e-02
17510,	1.900480e-02
17511,	1.899819e-02
17512,	1.899159e-02
17513,	1.898500e-02
17514,	1.897841e-02
17515,	1.897182e-02
17516,	1.896524e-02
17517,	1.895866e-02
17518,	1.895209e-02
17519,	1.894552e-02
17520,	1.893896e-02
17521,	1.893240e-02
17522,	1.892584e-02
17523,	1.891929e-02
17524,	1.891274e-02
17525,	1.890620e-02
17526,	1.889966e-02
17527,	1.889312e-02
17528,	1.888659e-02
17529,	1.888006e-02
17530,	1.887354e-02
17531,	1.886702e-02
17532,	1.886051e-02
17533,	1.885400e-02
17534,	1.884749e-02
17535,	1.884099e-02
17536,	1.883449e-02
17537,	1.882799e-02
17538,	1.882150e-02
17539,	1.881502e-02
17540,	1.880854e-02
17541,	1.880206e-02
17542,	1.879559e-02
17543,	1.878912e-02
17544,	1.878265e-02
17545,	1.877619e-02
17546,	1.876974e-02
17547,	1.876328e-02
17548,	1.875683e-02
17549,	1.875039e-02
17550,	1.874395e-02
17551,	1.873751e-02
17552,	1.873108e-02
17553,	1.872465e-02
17554,	1.871823e-02
17555,	1.871181e-02
17556,	1.870539e-02
17557,	1.869898e-02
17558,	1.869258e-02
17559,	1.868617e-02
17560,	1.867977e-02
17561,	1.867338e-02
17562,	1.866699e-02
17563,	1.866060e-02
17564,	1.865422e-02
17565,	1.864784e-02
17566,	1.864146e-02
17567,	1.863509e-02
17568,	1.862872e-02
17569,	1.862236e-02
17570,	1.861600e-02
17571,	1.860965e-02
17572,	1.860330e-02
17573,	1.859695e-02
17574,	1.859061e-02
17575,	1.858427e-02
17576,	1.857794e-02
17577,	1.857161e-02
17578,	1.856528e-02
17579,	1.855896e-02
17580,	1.855264e-02
17581,	1.854632e-02
17582,	1.854001e-02
17583,	1.853371e-02
17584,	1.852740e-02
17585,	1.852111e-02
17586,	1.851481e-02
17587,	1.850852e-02
17588,	1.850223e-02
17589,	1.849595e-02
17590,	1.848967e-02
17591,	1.848340e-02
17592,	1.847712e-02
17593,	1.847086e-02
17594,	1.846459e-02
17595,	1.845833e-02
17596,	1.845208e-02
17597,	1.844583e-02
17598,	1.843958e-02
17599,	1.843333e-02
17600,	1.842709e-02
17601,	1.842086e-02
17602,	1.841463e-02
17603,	1.840840e-02
17604,	1.840217e-02
17605,	1.839595e-02
17606,	1.838973e-02
17607,	1.838352e-02
17608,	1.837731e-02
17609,	1.837111e-02
17610,	1.836490e-02
17611,	1.835871e-02
17612,	1.835251e-02
17613,	1.834632e-02
17614,	1.834013e-02
17615,	1.833395e-02
17616,	1.832777e-02
17617,	1.832160e-02
17618,	1.831543e-02
17619,	1.830926e-02
17620,	1.830309e-02
17621,	1.829693e-02
17622,	1.829078e-02
17623,	1.828463e-02
17624,	1.827848e-02
17625,	1.827233e-02
17626,	1.826619e-02
17627,	1.826005e-02
17628,	1.825392e-02
17629,	1.824779e-02
17630,	1.824166e-02
17631,	1.823554e-02
17632,	1.822942e-02
17633,	1.822330e-02
17634,	1.821719e-02
17635,	1.821109e-02
17636,	1.820498e-02
17637,	1.819888e-02
17638,	1.819278e-02
17639,	1.818669e-02
17640,	1.818060e-02
17641,	1.817452e-02
17642,	1.816843e-02
17643,	1.816235e-02
17644,	1.815628e-02
17645,	1.815021e-02
17646,	1.814414e-02
17647,	1.813808e-02
17648,	1.813202e-02
17649,	1.812596e-02
17650,	1.811991e-02
17651,	1.811386e-02
17652,	1.810781e-02
17653,	1.810177e-02
17654,	1.809573e-02
17655,	1.808970e-02
17656,	1.808367e-02
17657,	1.807764e-02
17658,	1.807161e-02
17659,	1.806559e-02
17660,	1.805958e-02
17661,	1.805356e-02
17662,	1.804755e-02
17663,	1.804154e-02
17664,	1.803554e-02
17665,	1.802954e-02
17666,	1.802354e-02
17667,	1.801755e-02
17668,	1.801156e-02
17669,	1.800558e-02
17670,	1.799959e-02
17671,	1.799361e-02
17672,	1.798764e-02
17673,	1.798167e-02
17674,	1.797570e-02
17675,	1.796973e-02
17676,	1.796377e-02
17677,	1.795781e-02
17678,	1.795186e-02
17679,	1.794590e-02
17680,	1.793996e-02
17681,	1.793401e-02
17682,	1.792807e-02
17683,	1.792213e-02
17684,	1.791620e-02
17685,	1.791027e-02
17686,	1.790434e-02
17687,	1.789841e-02
17688,	1.789249e-02
17689,	1.788657e-02
17690,	1.788066e-02
17691,	1.787475e-02
17692,	1.786884e-02
17693,	1.786293e-02
17694,	1.785703e-02
17695,	1.785113e-02
17696,	1.784524e-02
17697,	1.783935e-02
17698,	1.783346e-02
17699,	1.782757e-02
17700,	1.782169e-02
17701,	1.781581e-02
17702,	1.780994e-02
17703,	1.780407e-02
17704,	1.779820e-02
17705,	1.779233e-02
17706,	1.778647e-02
17707,	1.778061e-02
17708,	1.777475e-02
17709,	1.776890e-02
17710,	1.776305e-02
17711,	1.775721e-02
17712,	1.775136e-02
17713,	1.774552e-02
17714,	1.773969e-02
17715,	1.773385e-02
17716,	1.772802e-02
17717,	1.772220e-02
17718,	1.771637e-02
17719,	1.771055e-02
17720,	1.770473e-02
17721,	1.769892e-02
17722,	1.769311e-02
17723,	1.768730e-02
17724,	1.768149e-02
17725,	1.767569e-02
17726,	1.766989e-02
17727,	1.766410e-02
17728,	1.765831e-02
17729,	1.765252e-02
17730,	1.764673e-02
17731,	1.764095e-02
17732,	1.763517e-02
17733,	1.762939e-02
17734,	1.762361e-02
17735,	1.761784e-02
17736,	1.761208e-02
17737,	1.760631e-02
17738,	1.760055e-02
17739,	1.759479e-02
17740,	1.758903e-02
17741,	1.758328e-02
17742,	1.757753e-02
17743,	1.757178e-02
17744,	1.756604e-02
17745,	1.756030e-02
17746,	1.755456e-02
17747,	1.754882e-02
17748,	1.754309e-02
17749,	1.753736e-02
17750,	1.753163e-02
17751,	1.752591e-02
17752,	1.752018e-02
17753,	1.751447e-02
17754,	1.750875e-02
17755,	1.750304e-02
17756,	1.749733e-02
17757,	1.749162e-02
17758,	1.748592e-02
17759,	1.748021e-02
17760,	1.747452e-02
17761,	1.746882e-02
17762,	1.746313e-02
17763,	1.745744e-02
17764,	1.745175e-02
17765,	1.744606e-02
17766,	1.744038e-02
17767,	1.743470e-02
17768,	1.742903e-02
17769,	1.742335e-02
17770,	1.741768e-02
17771,	1.741201e-02
17772,	1.740635e-02
17773,	1.740069e-02
17774,	1.739503e-02
17775,	1.738937e-02
17776,	1.738371e-02
17777,	1.737806e-02
17778,	1.737241e-02
17779,	1.736677e-02
17780,	1.736112e-02
17781,	1.735548e-02
17782,	1.734984e-02
17783,	1.734421e-02
17784,	1.733857e-02
17785,	1.733294e-02
17786,	1.732732e-02
17787,	1.732169e-02
17788,	1.731607e-02
17789,	1.731045e-02
17790,	1.730483e-02
17791,	1.729922e-02
17792,	1.729360e-02
17793,	1.728800e-02
17794,	1.728239e-02
17795,	1.727678e-02
17796,	1.727118e-02
17797,	1.726558e-02
17798,	1.725999e-02
17799,	1.725439e-02
17800,	1.724880e-02
17801,	1.724321e-02
17802,	1.723763e-02
17803,	1.723204e-02
17804,	1.722646e-02
17805,	1.722088e-02
17806,	1.721530e-02
17807,	1.720973e-02
17808,	1.720416e-02
17809,	1.719859e-02
17810,	1.719302e-02
17811,	1.718746e-02
17812,	1.718190e-02
17813,	1.717634e-02
17814,	1.717078e-02
17815,	1.716523e-02
17816,	1.715968e-02
17817,	1.715413e-02
17818,	1.714858e-02
17819,	1.714304e-02
17820,	1.713750e-02
17821,	1.713196e-02
17822,	1.712642e-02
17823,	1.712088e-02
17824,	1.711535e-02
17825,	1.710982e-02
17826,	1.710429e-02
17827,	1.709876e-02
17828,	1.709324e-02
17829,	1.708772e-02
17830,	1.708220e-02
17831,	1.707668e-02
17832,	1.707117e-02
17833,	1.706566e-02
17834,	1.706014e-02
17835,	1.705464e-02
17836,	1.704913e-02
17837,	1.704363e-02
17838,	1.703813e-02
17839,	1.703263e-02
17840,	1.702713e-02
17841,	1.702163e-02
17842,	1.701614e-02
17843,	1.701065e-02
17844,	1.700516e-02
17845,	1.699968e-02
17846,	1.699419e-02
17847,	1.698871e-02
17848,	1.698323e-02
17849,	1.697775e-02
17850,	1.697228e-02
17851,	1.696681e-02
17852,	1.696133e-02
17853,	1.695586e-02
17854,	1.695040e-02
17855,	1.694493e-02
17856,	1.693947e-02
17857,	1.693401e-02
17858,	1.692855e-02
17859,	1.692309e-02
17860,	1.691764e-02
17861,	1.691219e-02
17862,	1.690674e-02
17863,	1.690129e-02
17864,	1.689584e-02
17865,	1.689040e-02
17866,	1.688496e-02
17867,	1.687952e-02
17868,	1.687408e-02
17869,	1.686864e-02
17870,	1.686321e-02
17871,	1.685778e-02
17872,	1.685234e-02
17873,	1.684692e-02
17874,	1.684149e-02
17875,	1.683607e-02
17876,	1.683064e-02
17877,	1.682522e-02
17878,	1.681981e-02
17879,	1.681439e-02
17880,	1.680897e-02
17881,	1.680356e-02
17882,	1.679815e-02
17883,	1.679274e-02
17884,	1.678734e-02
17885,	1.678193e-02
17886,	1.677653e-02
17887,	1.677113e-02
17888,	1.676573e-02
17889,	1.676033e-02
17890,	1.675494e-02
17891,	1.674954e-02
17892,	1.674415e-02
17893,	1.673876e-02
17894,	1.673337e-02
17895,	1.672799e-02
17896,	1.672260e-02
17897,	1.671722e-02
17898,	1.671184e-02
17899,	1.670646e-02
17900,	1.670108e-02
17901,	1.669571e-02
17902,	1.669034e-02
17903,	1.668496e-02
17904,	1.667959e-02
17905,	1.667423e-02
17906,	1.666886e-02
17907,	1.666350e-02
17908,	1.665813e-02
17909,	1.665277e-02
17910,	1.664741e-02
17911,	1.664206e-02
17912,	1.663670e-02
17913,	1.663135e-02
17914,	1.662599e-02
17915,	1.662064e-02
17916,	1.661530e-02
17917,	1.660995e-02
17918,	1.660460e-02
17919,	1.659926e-02
17920,	1.659392e-02
17921,	1.658858e-02
17922,	1.658324e-02
17923,	1.657790e-02
17924,	1.657257e-02
17925,	1.656723e-02
17926,	1.656190e-02
17927,	1.655657e-02
17928,	1.655124e-02
17929,	1.654592e-02
17930,	1.654059e-02
17931,	1.653527e-02
17932,	1.652995e-02
17933,	1.652463e-02
17934,	1.651931e-02
17935,	1.651399e-02
17936,	1.650868e-02
17937,	1.650336e-02
17938,	1.649805e-02
17939,	1.649274e-02
17940,	1.648743e-02
17941,	1.648212e-02
17942,	1.647682e-02
17943,	1.647151e-02
17944,	1.646621e-02
17945,	1.646091e-02
17946,	1.645561e-02
17947,	1.645031e-02
17948,	1.644501e-02
17949,	1.643972e-02
17950,	1.643443e-02
17951,	1.642913e-02
17952,	1.642384e-02
17953,	1.641855e-02
17954,	1.641327e-02
17955,	1.640798e-02
17956,	1.640270e-02
17957,	1.639741e-02
17958,	1.639213e-02
17959,	1.638685e-02
17960,	1.638157e-02
17961,	1.637630e-02
17962,	1.637102e-02
17963,	1.636575e-02
17964,	1.636047e-02
17965,	1.635520e-02
17966,	1.634993e-02
17967,	1.634466e-02
17968,	1.633940e-02
17969,	1.633413e-02
17970,	1.632887e-02
17971,	1.632360e-02
17972,	1.631834e-02
17973,	1.631308e-02
17974,	1.630782e-02
17975,	1.630257e-02
17976,	1.629731e-02
17977,	1.629206e-02
17978,	1.628680e-02
17979,	1.628155e-02
17980,	1.627630e-02
17981,	1.627105e-02
17982,	1.626581e-02
17983,	1.626056e-02
17984,	1.625531e-02
17985,	1.625007e-02
17986,	1.624483e-02
17987,	1.623959e-02
17988,	1.623435e-02
17989,	1.622911e-02
17990,	1.622387e-02
17991,	1.621864e-02
17992,	1.621340e-02
17993,	1.620817e-02
17994,	1.620294e-02
17995,	1.619771e-02
17996,	1.619248e-02
17997,	1.618725e-02
17998,	1.618202e-02
17999,	1.617680e-02
18000,	1.617157e-02
18001,	1.616635e-02
18002,	1.616113e-02
18003,	1.615591e-02
18004,	1.615069e-02
18005,	1.614547e-02
18006,	1.614026e-02
18007,	1.613504e-02
18008,	1.612983e-02
18009,	1.612461e-02
18010,	1.611940e-02
18011,	1.611419e-02
18012,	1.610898e-02
18013,	1.610377e-02
18014,	1.609857e-02
18015,	1.609336e-02
18016,	1.608816e-02
18017,	1.608295e-02
18018,	1.607775e-02
18019,	1.607255e-02
18020,	1.606735e-02
18021,	1.606215e-02
18022,	1.605695e-02
18023,	1.605176e-02
18024,	1.604656e-02
18025,	1.604137e-02
18026,	1.603617e-02
18027,	1.603098e-02
18028,	1.602579e-02
18029,	1.602060e-02
18030,	1.601541e-02
18031,	1.601022e-02
18032,	1.600504e-02
18033,	1.599985e-02
18034,	1.599467e-02
18035,	1.598948e-02
18036,	1.598430e-02
18037,	1.597912e-02
18038,	1.597394e-02
18039,	1.596876e-02
18040,	1.596359e-02
18041,	1.595841e-02
18042,	1.595323e-02
18043,	1.594806e-02
18044,	1.594288e-02
18045,	1.593771e-02
18046,	1.593254e-02
18047,	1.592737e-02
18048,	1.592220e-02
18049,	1.591703e-02
18050,	1.591186e-02
18051,	1.590670e-02
18052,	1.590153e-02
18053,	1.589637e-02
18054,	1.589121e-02
18055,	1.588604e-02
18056,	1.588088e-02
18057,	1.587572e-02
18058,	1.587056e-02
18059,	1.586540e-02
18060,	1.586025e-02
18061,	1.585509e-02
18062,	1.584993e-02
18063,	1.584478e-02
18064,	1.583963e-02
18065,	1.583447e-02
18066,	1.582932e-02
18067,	1.582417e-02
18068,	1.581902e-02
18069,	1.581387e-02
18070,	1.580872e-02
18071,	1.580358e-02
18072,	1.579843e-02
18073,	1.579329e-02
18074,	1.578814e-02
18075,	1.578300e-02
18076,	1.577786e-02
18077,	1.577271e-02
18078,	1.576757e-02
18079,	1.576243e-02
18080,	1.575730e-02
18081,	1.575216e-02
18082,	1.574702e-02
18083,	1.574188e-02
18084,	1.573675e-02
18085,	1.573161e-02
18086,	1.572648e-02
18087,	1.572135e-02
18088,	1.571622e-02
18089,	1.571108e-02
18090,	1.570595e-02
18091,	1.570083e-02
18092,	1.569570e-02
18093,	1.569057e-02
18094,	1.568544e-02
18095,	1.568032e-02
18096,	1.567519e-02
18097,	1.567007e-02
18098,	1.566494e-02
18099,	1.565982e-02
18100,	1.565470e-02
18101,	1.564958e-02
18102,	1.564446e-02
18103,	1.563934e-02
18104,	1.563422e-02
18105,	1.562910e-02
18106,	1.562398e-02
18107,	1.561887e-02
18108,	1.561375e-02
18109,	1.560864e-02
18110,	1.560352e-02
18111,	1.559841e-02
18112,	1.559330e-02
18113,	1.558819e-02
18114,	1.558307e-02
18115,	1.557796e-02
18116,	1.557285e-02
18117,	1.556775e-02
18118,	1.556264e-02
18119,	1.555753e-02
18120,	1.555242e-02
18121,	1.554732e-02
18122,	1.554221e-02
18123,	1.553711e-02
18124,	1.553201e-02
18125,	1.552690e-02
18126,	1.552180e-02
18127,	1.551670e-02
18128,	1.551160e-02
18129,	1.550650e-02
18130,	1.550140e-02
18131,	1.549630e-02
18132,	1.549120e-02
18133,	1.548610e-02
18134,	1.548101e-02
18135,	1.547591e-02
18136,	1.547077e-02
18137,	1.546568e-02
18138,	1.546058e-02
18139,	1.545549e-02
18140,	1.545040e-02
18141,	1.544531e-02
18142,	1.544022e-02
18143,	1.543513e-02
18144,	1.543004e-02
18145,	1.542495e-02
18146,	1.541986e-02
18147,	1.541478e-02
18148,	1.540969e-02
18149,	1.540461e-02
18150,	1.539952e-02
18151,	1.539444e-02
18152,	1.538935e-02
18153,	1.538427e-02
18154,	1.537919e-02
18155,	1.537410e-02
18156,	1.536902e-02
18157,	1.536394e-02
18158,	1.535886e-02
18159,	1.535378e-02
18160,	1.534870e-02
18161,	1.534362e-02
18162,	1.533855e-02
18163,	1.533347e-02
18164,	1.532839e-02
18165,	1.532332e-02
18166,	1.531824e-02
18167,	1.531316e-02
18168,	1.530809e-02
18169,	1.530302e-02
18170,	1.529794e-02
18171,	1.529287e-02
18172,	1.528780e-02
18173,	1.528273e-02
18174,	1.527765e-02
18175,	1.527258e-02
18176,	1.526751e-02
18177,	1.526244e-02
18178,	1.525738e-02
18179,	1.525231e-02
18180,	1.524724e-02
18181,	1.524217e-02
18182,	1.523710e-02
18183,	1.523204e-02
18184,	1.522697e-02
18185,	1.522191e-02
18186,	1.521684e-02
18187,	1.521178e-02
18188,	1.520671e-02
18189,	1.520165e-02
18190,	1.519659e-02
18191,	1.519152e-02
18192,	1.518646e-02
18193,	1.518140e-02
18194,	1.517634e-02
18195,	1.517128e-02
18196,	1.516622e-02
18197,	1.516116e-02
18198,	1.515610e-02
18199,	1.515104e-02
18200,	1.514598e-02
18201,	1.514093e-02
18202,	1.513587e-02
18203,	1.513081e-02
18204,	1.512576e-02
18205,	1.512070e-02
18206,	1.511565e-02
18207,	1.511059e-02
18208,	1.510554e-02
18209,	1.510048e-02
18210,	1.509543e-02
18211,	1.509038e-02
18212,	1.508532e-02
18213,	1.508027e-02
18214,	1.507522e-02
18215,	1.507017e-02
18216,	1.506512e-02
18217,	1.506007e-02
18218,	1.505502e-02
18219,	1.504997e-02
18220,	1.504492e-02
18221,	1.503987e-02
18222,	1.503482e-02
18223,	1.502977e-02
18224,	1.502473e-02
18225,	1.501968e-02
18226,	1.501463e-02
18227,	1.500959e-02
18228,	1.500454e-02
18229,	1.499949e-02
18230,	1.499445e-02
18231,	1.498940e-02
18232,	1.498436e-02
18233,	1.497932e-02
18234,	1.497427e-02
18235,	1.496923e-02
18236,	1.496419e-02
18237,	1.495914e-02
18238,	1.495410e-02
18239,	1.494906e-02
18240,	1.494402e-02
18241,	1.493898e-02
18242,	1.493394e-02
18243,	1.492890e-02
18244,	1.492386e-02
18245,	1.491882e-02
18246,	1.491378e-02
18247,	1.490874e-02
18248,	1.490370e-02
18249,	1.489867e-02
18250,	1.489363e-02
18251,	1.488859e-02
18252,	1.488355e-02
18253,	1.487852e-02
18254,	1.487348e-02
18255,	1.486845e-02
18256,	1.486341e-02
18257,	1.485837e-02
18258,	1.485334e-02
18259,	1.484831e-02
18260,	1.484327e-02
18261,	1.483824e-02
18262,	1.483320e-02
18263,	1.482817e-02
18264,	1.482314e-02
18265,	1.481811e-02
18266,	1.481307e-02
18267,	1.480804e-02
18268,	1.480301e-02
18269,	1.479798e-02
18270,	1.479295e-02
18271,	1.478792e-02
18272,	1.478289e-02
18273,	1.477786e-02
18274,	1.477283e-02
18275,	1.476780e-02
18276,	1.476277e-02
18277,	1.475774e-02
18278,	1.475271e-02
18279,	1.474768e-02
18280,	1.474266e-02
18281,	1.473763e-02
18282,	1.473260e-02
18283,	1.472757e-02
18284,	1.472255e-02
18285,	1.471752e-02
18286,	1.471249e-02
18287,	1.470747e-02
18288,	1.470244e-02
18289,	1.469742e-02
18290,	1.469239e-02
18291,	1.468737e-02
18292,	1.468234e-02
18293,	1.467732e-02
18294,	1.467230e-02
18295,	1.466727e-02
18296,	1.466225e-02
18297,	1.465723e-02
18298,	1.465220e-02
18299,	1.464718e-02
18300,	1.464216e-02
18301,	1.463714e-02
18302,	1.463211e-02
18303,	1.462709e-02
18304,	1.462207e-02
18305,	1.461705e-02
18306,	1.461203e-02
18307,	1.460701e-02
18308,	1.460199e-02
18309,	1.459697e-02
18310,	1.459195e-02
18311,	1.458693e-02
18312,	1.458191e-02
18313,	1.457689e-02
18314,	1.457187e-02
18315,	1.456685e-02
18316,	1.456184e-02
18317,	1.455682e-02
18318,	1.455180e-02
18319,	1.454678e-02
18320,	1.454177e-02
18321,	1.453675e-02
18322,	1.453173e-02
18323,	1.452672e-02
18324,	1.452170e-02
18325,	1.451668e-02
18326,	1.451167e-02
18327,	1.450665e-02
18328,	1.450164e-02
18329,	1.449662e-02
18330,	1.449161e-02
18331,	1.448659e-02
18332,	1.448158e-02
18333,	1.447656e-02
18334,	1.447155e-02
18335,	1.446653e-02
18336,	1.446152e-02
18337,	1.445651e-02
18338,	1.445149e-02
18339,	1.444648e-02
18340,	1.444147e-02
18341,	1.443646e-02
18342,	1.443144e-02
18343,	1.442643e-02
18344,	1.442142e-02
18345,	1.441641e-02
18346,	1.441140e-02
18347,	1.440638e-02
18348,	1.440137e-02
18349,	1.439636e-02
18350,	1.439135e-02
18351,	1.438634e-02
18352,	1.438133e-02
18353,	1.437632e-02
18354,	1.437131e-02
18355,	1.436630e-02
18356,	1.436129e-02
18357,	1.435628e-02
18358,	1.435127e-02
18359,	1.434626e-02
18360,	1.434126e-02
18361,	1.433625e-02
18362,	1.433124e-02
18363,	1.432623e-02
18364,	1.432122e-02
18365,	1.431621e-02
18366,	1.431121e-02
18367,	1.430620e-02
18368,	1.430119e-02
18369,	1.429619e-02
18370,	1.429118e-02
18371,	1.428617e-02
18372,	1.428117e-02
18373,	1.427616e-02
18374,	1.427115e-02
18375,	1.426615e-02
18376,	1.426114e-02
18377,	1.425614e-02
18378,	1.425113e-02
18379,	1.424612e-02
18380,	1.424112e-02
18381,	1.423611e-02
18382,	1.423111e-02
18383,	1.422611e-02
18384,	1.422110e-02
18385,	1.421610e-02
18386,	1.421109e-02
18387,	1.420609e-02
18388,	1.420109e-02
18389,	1.419608e-02
18390,	1.419108e-02
18391,	1.418608e-02
18392,	1.418107e-02
18393,	1.417607e-02
18394,	1.417107e-02
18395,	1.416606e-02
18396,	1.416106e-02
18397,	1.415606e-02
18398,	1.415106e-02
18399,	1.414606e-02
18400,	1.414106e-02
18401,	1.413605e-02
18402,	1.413105e-02
18403,	1.412605e-02
18404,	1.412105e-02
18405,	1.411605e-02
18406,	1.411105e-02
18407,	1.410605e-02
18408,	1.410105e-02
18409,	1.409605e-02
18410,	1.409105e-02
18411,	1.408605e-02
18412,	1.408105e-02
18413,	1.407605e-02
18414,	1.407105e-02
18415,	1.406605e-02
18416,	1.406105e-02
18417,	1.405605e-02
18418,	1.405105e-02
18419,	1.404606e-02
18420,	1.404106e-02
18421,	1.403606e-02
18422,	1.403106e-02
18423,	1.402606e-02
18424,	1.402106e-02
18425,	1.401607e-02
18426,	1.401107e-02
18427,	1.400607e-02
18428,	1.400108e-02
18429,	1.399608e-02
18430,	1.399108e-02
18431,	1.398608e-02
18432,	1.398109e-02
18433,	1.397609e-02
18434,	1.397110e-02
18435,	1.396610e-02
18436,	1.396110e-02
18437,	1.395611e-02
18438,	1.395111e-02
18439,	1.394612e-02
18440,	1.394112e-02
18441,	1.393613e-02
18442,	1.393113e-02
18443,	1.392614e-02
18444,	1.392114e-02
18445,	1.391615e-02
18446,	1.391115e-02
18447,	1.390616e-02
18448,	1.390116e-02
18449,	1.389617e-02
18450,	1.389118e-02
18451,	1.388618e-02
18452,	1.388119e-02
18453,	1.387620e-02
18454,	1.387120e-02
18455,	1.386621e-02
18456,	1.386122e-02
18457,	1.385623e-02
18458,	1.385123e-02
18459,	1.384624e-02
18460,	1.384125e-02
18461,	1.383626e-02
18462,	1.383126e-02
18463,	1.382627e-02
18464,	1.382128e-02
18465,	1.381629e-02
18466,	1.381130e-02
18467,	1.380631e-02
18468,	1.380132e-02
18469,	1.379632e-02
18470,	1.379133e-02
18471,	1.378634e-02
18472,	1.378135e-02
18473,	1.377636e-02
18474,	1.377137e-02
18475,	1.376638e-02
18476,	1.376139e-02
18477,	1.375640e-02
18478,	1.375141e-02
18479,	1.374642e-02
18480,	1.374144e-02
18481,	1.373645e-02
18482,	1.373146e-02
18483,	1.372647e-02
18484,	1.372148e-02
18485,	1.371649e-02
18486,	1.371150e-02
18487,	1.370652e-02
18488,	1.370153e-02
18489,	1.369654e-02
18490,	1.369155e-02
18491,	1.368656e-02
18492,	1.368158e-02
18493,	1.367659e-02
18494,	1.367160e-02
18495,	1.366662e-02
18496,	1.366163e-02
18497,	1.365664e-02
18498,	1.365166e-02
18499,	1.364667e-02
18500,	1.364168e-02
18501,	1.363670e-02
18502,	1.363171e-02
18503,	1.362673e-02
18504,	1.362174e-02
18505,	1.361676e-02
18506,	1.361177e-02
18507,	1.360679e-02
18508,	1.360180e-02
18509,	1.359682e-02
18510,	1.359183e-02
18511,	1.358685e-02
18512,	1.358186e-02
18513,	1.357688e-02
18514,	1.357190e-02
18515,	1.356691e-02
18516,	1.356193e-02
18517,	1.355695e-02
18518,	1.355196e-02
18519,	1.354698e-02
18520,	1.354200e-02
18521,	1.353701e-02
18522,	1.353203e-02
18523,	1.352705e-02
18524,	1.352207e-02
18525,	1.351709e-02
18526,	1.351210e-02
18527,	1.350712e-02
18528,	1.350214e-02
18529,	1.349716e-02
18530,	1.349218e-02
18531,	1.348720e-02
18532,	1.348222e-02
18533,	1.347724e-02
18534,	1.347226e-02
18535,	1.346728e-02
18536,	1.346230e-02
18537,	1.345732e-02
18538,	1.345234e-02
18539,	1.344736e-02
18540,	1.344238e-02
18541,	1.343740e-02
18542,	1.343242e-02
18543,	1.342744e-02
18544,	1.342246e-02
18545,	1.341748e-02
18546,	1.341251e-02
18547,	1.340753e-02
18548,	1.340255e-02
18549,	1.339757e-02
18550,	1.339259e-02
18551,	1.338762e-02
18552,	1.338264e-02
18553,	1.337766e-02
18554,	1.337269e-02
18555,	1.336771e-02
18556,	1.336273e-02
18557,	1.335776e-02
18558,	1.335278e-02
18559,	1.334781e-02
18560,	1.334283e-02
18561,	1.333785e-02
18562,	1.333288e-02
18563,	1.332790e-02
18564,	1.332293e-02
18565,	1.331796e-02
18566,	1.331298e-02
18567,	1.330801e-02
18568,	1.330303e-02
18569,	1.329806e-02
18570,	1.329309e-02
18571,	1.328811e-02
18572,	1.328314e-02
18573,	1.327817e-02
18574,	1.327319e-02
18575,	1.326822e-02
18576,	1.326325e-02
18577,	1.325828e-02
18578,	1.325330e-02
18579,	1.324833e-02
18580,	1.324336e-02
18581,	1.323839e-02
18582,	1.323342e-02
18583,	1.322845e-02
18584,	1.322348e-02
18585,	1.321851e-02
18586,	1.321354e-02
18587,	1.320856e-02
18588,	1.320360e-02
18589,	1.319863e-02
18590,	1.319366e-02
18591,	1.318869e-02
18592,	1.318372e-02
18593,	1.317875e-02
18594,	1.317378e-02
18595,	1.316881e-02
18596,	1.316384e-02
18597,	1.315888e-02
18598,	1.315391e-02
18599,	1.314894e-02
18600,	1.314397e-02
18601,	1.313901e-02
18602,	1.313404e-02
18603,	1.312907e-02
18604,	1.312411e-02
18605,	1.311914e-02
18606,	1.311418e-02
18607,	1.310921e-02
18608,	1.310424e-02
18609,	1.309928e-02
18610,	1.309431e-02
18611,	1.308935e-02
18612,	1.308439e-02
18613,	1.307942e-02
18614,	1.307446e-02
18615,	1.306949e-02
18616,	1.306453e-02
18617,	1.305957e-02
18618,	1.305460e-02
18619,	1.304964e-02
18620,	1.304468e-02
18621,	1.303972e-02
18622,	1.303475e-02
18623,	1.302979e-02
18624,	1.302483e-02
18625,	1.301987e-02
18626,	1.301491e-02
18627,	1.300995e-02
18628,	1.300499e-02
18629,	1.300003e-02
18630,	1.299507e-02
18631,	1.299011e-02
18632,	1.298515e-02
18633,	1.298019e-02
18634,	1.297523e-02
18635,	1.297027e-02
18636,	1.296531e-02
18637,	1.296036e-02
18638,	1.295540e-02
18639,	1.295044e-02
18640,	1.294548e-02
18641,	1.294053e-02
18642,	1.293557e-02
18643,	1.293061e-02
18644,	1.292566e-02
18645,	1.292070e-02
18646,	1.291575e-02
18647,	1.291079e-02
18648,	1.290583e-02
18649,	1.290088e-02
18650,	1.289593e-02
18651,	1.289097e-02
18652,	1.288602e-02
18653,	1.288106e-02
18654,	1.287611e-02
18655,	1.287116e-02
18656,	1.286620e-02
18657,	1.286125e-02
18658,	1.285630e-02
18659,	1.285135e-02
18660,	1.284640e-02
18661,	1.284144e-02
18662,	1.283649e-02
18663,	1.283154e-02
18664,	1.282659e-02
18665,	1.282164e-02
18666,	1.281669e-02
18667,	1.281174e-02
18668,	1.280679e-02
18669,	1.280185e-02
18670,	1.279690e-02
18671,	1.279195e-02
18672,	1.278700e-02
18673,	1.278205e-02
18674,	1.277711e-02
18675,	1.277216e-02
18676,	1.276721e-02
18677,	1.276226e-02
18678,	1.275732e-02
18679,	1.275237e-02
18680,	1.274743e-02
18681,	1.274248e-02
18682,	1.273754e-02
18683,	1.273259e-02
18684,	1.272765e-02
18685,	1.272271e-02
18686,	1.271776e-02
18687,	1.271282e-02
18688,	1.270788e-02
18689,	1.270293e-02
18690,	1.269799e-02
18691,	1.269305e-02
18692,	1.268811e-02
18693,	1.268317e-02
18694,	1.267823e-02
18695,	1.267329e-02
18696,	1.266834e-02
18697,	1.266341e-02
18698,	1.265847e-02
18699,	1.265353e-02
18700,	1.264859e-02
18701,	1.264365e-02
18702,	1.263871e-02
18703,	1.263377e-02
18704,	1.262884e-02
18705,	1.262390e-02
18706,	1.261896e-02
18707,	1.261403e-02
18708,	1.260909e-02
18709,	1.260415e-02
18710,	1.259922e-02
18711,	1.259428e-02
18712,	1.258935e-02
18713,	1.258442e-02
18714,	1.257948e-02
18715,	1.257455e-02
18716,	1.256962e-02
18717,	1.256468e-02
18718,	1.255975e-02
18719,	1.255482e-02
18720,	1.254989e-02
18721,	1.254496e-02
18722,	1.254003e-02
18723,	1.253510e-02
18724,	1.253017e-02
18725,	1.252524e-02
18726,	1.252031e-02
18727,	1.251538e-02
18728,	1.251045e-02
18729,	1.250552e-02
18730,	1.250059e-02
18731,	1.249567e-02
18732,	1.249074e-02
18733,	1.248581e-02
18734,	1.248089e-02
18735,	1.247596e-02
18736,	1.247104e-02
18737,	1.246611e-02
18738,	1.246119e-02
18739,	1.245626e-02
18740,	1.245134e-02
18741,	1.244642e-02
18742,	1.244149e-02
18743,	1.243657e-02
18744,	1.243165e-02
18745,	1.242673e-02
18746,	1.242181e-02
18747,	1.241688e-02
18748,	1.241196e-02
18749,	1.240704e-02
18750,	1.240212e-02
18751,	1.239721e-02
18752,	1.239229e-02
18753,	1.238737e-02
18754,	1.238245e-02
18755,	1.237753e-02
18756,	1.237262e-02
18757,	1.236770e-02
18758,	1.236278e-02
18759,	1.235787e-02
18760,	1.235295e-02
18761,	1.234804e-02
18762,	1.234312e-02
18763,	1.233821e-02
18764,	1.233330e-02
18765,	1.232838e-02
18766,	1.232347e-02
18767,	1.231856e-02
18768,	1.231365e-02
18769,	1.230874e-02
18770,	1.230383e-02
18771,	1.229892e-02
18772,	1.229401e-02
18773,	1.228910e-02
18774,	1.228419e-02
18775,	1.227928e-02
18776,	1.227437e-02
18777,	1.226946e-02
18778,	1.226456e-02
18779,	1.225965e-02
18780,	1.225474e-02
18781,	1.224984e-02
18782,	1.224493e-02
18783,	1.224003e-02
18784,	1.223512e-02
18785,	1.223022e-02
18786,	1.222532e-02
18787,	1.222041e-02
18788,	1.221551e-02
18789,	1.221061e-02
18790,	1.220571e-02
18791,	1.220081e-02
18792,	1.219591e-02
18793,	1.219101e-02
18794,	1.218611e-02
18795,	1.218121e-02
18796,	1.217631e-02
18797,	1.217141e-02
18798,	1.216652e-02
18799,	1.216162e-02
18800,	1.215672e-02
18801,	1.215183e-02
18802,	1.214693e-02
18803,	1.214204e-02
18804,	1.213714e-02
18805,	1.213225e-02
18806,	1.212735e-02
18807,	1.212246e-02
18808,	1.211757e-02
18809,	1.211268e-02
18810,	1.210779e-02
18811,	1.210290e-02
18812,	1.209801e-02
18813,	1.209312e-02
18814,	1.208823e-02
18815,	1.208334e-02
18816,	1.207845e-02
18817,	1.207356e-02
18818,	1.206868e-02
18819,	1.206379e-02
18820,	1.205890e-02
18821,	1.205402e-02
18822,	1.204913e-02
18823,	1.204425e-02
18824,	1.203936e-02
18825,	1.203448e-02
18826,	1.202960e-02
18827,	1.202472e-02
18828,	1.201983e-02
18829,	1.201495e-02
18830,	1.201007e-02
18831,	1.200519e-02
18832,	1.200031e-02
18833,	1.199544e-02
18834,	1.199056e-02
18835,	1.198568e-02
18836,	1.198080e-02
18837,	1.197593e-02
18838,	1.197105e-02
18839,	1.196617e-02
18840,	1.196130e-02
18841,	1.195642e-02
18842,	1.195155e-02
18843,	1.194668e-02
18844,	1.194181e-02
18845,	1.193693e-02
18846,	1.193206e-02
18847,	1.192719e-02
18848,	1.192232e-02
18849,	1.191745e-02
18850,	1.191258e-02
18851,	1.190771e-02
18852,	1.190285e-02
18853,	1.189798e-02
18854,	1.189311e-02
18855,	1.188825e-02
18856,	1.188338e-02
18857,	1.187851e-02
18858,	1.187365e-02
18859,	1.186879e-02
18860,	1.186392e-02
18861,	1.185906e-02
18862,	1.185420e-02
18863,	1.184934e-02
18864,	1.184448e-02
18865,	1.183962e-02
18866,	1.183476e-02
18867,	1.182990e-02
18868,	1.182504e-02
18869,	1.182018e-02
18870,	1.181533e-02
18871,	1.181047e-02
18872,	1.180561e-02
18873,	1.180076e-02
18874,	1.179590e-02
18875,	1.179105e-02
18876,	1.178620e-02
18877,	1.178134e-02
18878,	1.177649e-02
18879,	1.177164e-02
18880,	1.176679e-02
18881,	1.176194e-02
18882,	1.175709e-02
18883,	1.175224e-02
18884,	1.174739e-02
18885,	1.174255e-02
18886,	1.173770e-02
18887,	1.173285e-02
18888,	1.172801e-02
18889,	1.172316e-02
18890,	1.171832e-02
18891,	1.171348e-02
18892,	1.170863e-02
18893,	1.170379e-02
18894,	1.169895e-02
18895,	1.169411e-02
18896,	1.168927e-02
18897,	1.168443e-02
18898,	1.167959e-02
18899,	1.167475e-02
18900,	1.166991e-02
18901,	1.166508e-02
18902,	1.166024e-02
18903,	1.165541e-02
18904,	1.165057e-02
18905,	1.164574e-02
18906,	1.164090e-02
18907,	1.163607e-02
18908,	1.163124e-02
18909,	1.162641e-02
18910,	1.162158e-02
18911,	1.161675e-02
18912,	1.161192e-02
18913,	1.160709e-02
18914,	1.160226e-02
18915,	1.159743e-02
18916,	1.159261e-02
18917,	1.158778e-02
18918,	1.158296e-02
18919,	1.157813e-02
18920,	1.157331e-02
18921,	1.156848e-02
18922,	1.156366e-02
18923,	1.155884e-02
18924,	1.155402e-02
18925,	1.154920e-02
18926,	1.154438e-02
18927,	1.153956e-02
18928,	1.153474e-02
18929,	1.152993e-02
18930,	1.152511e-02
18931,	1.152029e-02
18932,	1.151548e-02
18933,	1.151066e-02
18934,	1.150585e-02
18935,	1.150104e-02
18936,	1.149623e-02
18937,	1.149142e-02
18938,	1.148660e-02
18939,	1.148179e-02
18940,	1.147699e-02
18941,	1.147218e-02
18942,	1.146737e-02
18943,	1.146256e-02
18944,	1.145776e-02
18945,	1.145295e-02
18946,	1.144815e-02
18947,	1.144334e-02
18948,	1.143854e-02
18949,	1.143374e-02
18950,	1.142894e-02
18951,	1.142413e-02
18952,	1.141933e-02
18953,	1.141454e-02
18954,	1.140974e-02
18955,	1.140494e-02
18956,	1.140014e-02
18957,	1.139535e-02
18958,	1.139055e-02
18959,	1.138576e-02
18960,	1.138096e-02
18961,	1.137617e-02
18962,	1.137138e-02
18963,	1.136658e-02
18964,	1.136179e-02
18965,	1.135700e-02
18966,	1.135221e-02
18967,	1.134743e-02
18968,	1.134264e-02
18969,	1.133785e-02
18970,	1.133307e-02
18971,	1.132828e-02
18972,	1.132350e-02
18973,	1.131871e-02
18974,	1.131393e-02
18975,	1.130915e-02
18976,	1.130437e-02
18977,	1.129959e-02
18978,	1.129481e-02
18979,	1.129003e-02
18980,	1.128525e-02
18981,	1.128047e-02
18982,	1.127570e-02
18983,	1.127092e-02
18984,	1.126615e-02
18985,	1.126137e-02
18986,	1.125660e-02
18987,	1.125183e-02
18988,	1.124706e-02
18989,	1.124229e-02
18990,	1.123752e-02
18991,	1.123275e-02
18992,	1.122798e-02
18993,	1.122321e-02
18994,	1.121845e-02
18995,	1.121368e-02
18996,	1.120892e-02
18997,	1.120415e-02
18998,	1.119939e-02
18999,	1.119463e-02
19000,	1.118986e-02
19001,	1.118510e-02
19002,	1.118034e-02
19003,	1.117559e-02
19004,	1.117083e-02
19005,	1.116607e-02
19006,	1.116131e-02
19007,	1.115656e-02
19008,	1.115181e-02
19009,	1.114705e-02
19010,	1.114230e-02
19011,	1.113755e-02
19012,	1.113280e-02
19013,	1.112805e-02
19014,	1.112330e-02
19015,	1.111855e-02
19016,	1.111380e-02
19017,	1.110905e-02
19018,	1.110431e-02
19019,	1.109956e-02
19020,	1.109482e-02
19021,	1.109008e-02
19022,	1.108533e-02
19023,	1.108059e-02
19024,	1.107585e-02
19025,	1.107111e-02
19026,	1.106637e-02
19027,	1.106164e-02
19028,	1.105690e-02
19029,	1.105216e-02
19030,	1.104743e-02
19031,	1.104269e-02
19032,	1.103796e-02
19033,	1.103323e-02
19034,	1.102850e-02
19035,	1.102377e-02
19036,	1.101904e-02
19037,	1.101431e-02
19038,	1.100958e-02
19039,	1.100485e-02
19040,	1.100013e-02
19041,	1.099540e-02
19042,	1.099068e-02
19043,	1.098595e-02
19044,	1.098123e-02
19045,	1.097651e-02
19046,	1.097179e-02
19047,	1.096707e-02
19048,	1.096235e-02
19049,	1.095763e-02
19050,	1.095292e-02
19051,	1.094820e-02
19052,	1.094349e-02
19053,	1.093877e-02
19054,	1.093406e-02
19055,	1.092935e-02
19056,	1.092464e-02
19057,	1.091993e-02
19058,	1.091522e-02
19059,	1.091051e-02
19060,	1.090580e-02
19061,	1.090110e-02
19062,	1.089639e-02
19063,	1.089169e-02
19064,	1.088698e-02
19065,	1.088228e-02
19066,	1.087758e-02
19067,	1.087288e-02
19068,	1.086818e-02
19069,	1.086348e-02
19070,	1.085878e-02
19071,	1.085408e-02
19072,	1.084939e-02
19073,	1.084469e-02
19074,	1.084000e-02
19075,	1.083531e-02
19076,	1.083061e-02
19077,	1.082592e-02
19078,	1.082123e-02
19079,	1.081654e-02
19080,	1.081186e-02
19081,	1.080717e-02
19082,	1.080248e-02
19083,	1.079780e-02
19084,	1.079311e-02
19085,	1.078843e-02
19086,	1.078375e-02
19087,	1.077907e-02
19088,	1.077439e-02
19089,	1.076971e-02
19090,	1.076503e-02
19091,	1.076035e-02
19092,	1.075568e-02
19093,	1.075100e-02
19094,	1.074633e-02
19095,	1.074165e-02
19096,	1.073698e-02
19097,	1.073231e-02
19098,	1.072764e-02
19099,	1.072297e-02
19100,	1.071830e-02
19101,	1.071364e-02
19102,	1.070897e-02
19103,	1.070431e-02
19104,	1.069964e-02
19105,	1.069498e-02
19106,	1.069032e-02
19107,	1.068566e-02
19108,	1.068100e-02
19109,	1.067634e-02
19110,	1.067168e-02
19111,	1.066702e-02
19112,	1.066237e-02
19113,	1.065771e-02
19114,	1.065306e-02
19115,	1.064841e-02
19116,	1.064375e-02
19117,	1.063910e-02
19118,	1.063445e-02
19119,	1.062981e-02
19120,	1.062516e-02
19121,	1.062051e-02
19122,	1.061587e-02
19123,	1.061122e-02
19124,	1.060658e-02
19125,	1.060194e-02
19126,	1.059729e-02
19127,	1.059265e-02
19128,	1.058802e-02
19129,	1.058338e-02
19130,	1.057874e-02
19131,	1.057410e-02
19132,	1.056947e-02
19133,	1.056484e-02
19134,	1.056020e-02
19135,	1.055557e-02
19136,	1.055094e-02
19137,	1.054631e-02
19138,	1.054168e-02
19139,	1.053706e-02
19140,	1.053243e-02
19141,	1.052780e-02
19142,	1.052318e-02
19143,	1.051856e-02
19144,	1.051394e-02
19145,	1.050931e-02
19146,	1.050469e-02
19147,	1.050008e-02
19148,	1.049546e-02
19149,	1.049084e-02
19150,	1.048623e-02
19151,	1.048161e-02
19152,	1.047700e-02
19153,	1.047239e-02
19154,	1.046778e-02
19155,	1.046317e-02
19156,	1.045856e-02
19157,	1.045395e-02
19158,	1.044934e-02
19159,	1.044474e-02
19160,	1.044013e-02
19161,	1.043553e-02
19162,	1.043093e-02
19163,	1.042633e-02
19164,	1.042173e-02
19165,	1.041713e-02
19166,	1.041253e-02
19167,	1.040793e-02
19168,	1.040334e-02
19169,	1.039874e-02
19170,	1.039415e-02
19171,	1.038956e-02
19172,	1.038497e-02
19173,	1.038038e-02
19174,	1.037579e-02
19175,	1.037120e-02
19176,	1.036661e-02
19177,	1.036203e-02
19178,	1.035744e-02
19179,	1.035286e-02
19180,	1.034828e-02
19181,	1.034370e-02
19182,	1.033912e-02
19183,	1.033454e-02
19184,	1.032996e-02
19185,	1.032538e-02
19186,	1.032081e-02
19187,	1.031623e-02
19188,	1.031166e-02
19189,	1.030709e-02
19190,	1.030252e-02
19191,	1.029795e-02
19192,	1.029338e-02
19193,	1.028881e-02
19194,	1.028425e-02
19195,	1.027968e-02
19196,	1.027512e-02
19197,	1.027056e-02
19198,	1.026599e-02
19199,	1.026143e-02
19200,	1.025688e-02
19201,	1.025232e-02
19202,	1.024776e-02
19203,	1.024321e-02
19204,	1.023865e-02
19205,	1.023410e-02
19206,	1.022955e-02
19207,	1.022499e-02
19208,	1.022044e-02
19209,	1.021590e-02
19210,	1.021135e-02
19211,	1.020680e-02
19212,	1.020226e-02
19213,	1.019771e-02
19214,	1.019317e-02
19215,	1.018863e-02
19216,	1.018409e-02
19217,	1.017955e-02
19218,	1.017501e-02
19219,	1.017047e-02
19220,	1.016594e-02
19221,	1.016140e-02
19222,	1.015687e-02
19223,	1.015234e-02
19224,	1.014781e-02
19225,	1.014328e-02
19226,	1.013875e-02
19227,	1.013422e-02
19228,	1.012970e-02
19229,	1.012517e-02
19230,	1.012065e-02
19231,	1.011613e-02
19232,	1.011161e-02
19233,	1.010709e-02
19234,	1.010257e-02
19235,	1.009805e-02
19236,	1.009353e-02
19237,	1.008902e-02
19238,	1.008450e-02
19239,	1.007999e-02
19240,	1.007548e-02
19241,	1.007097e-02
19242,	1.006646e-02
19243,	1.006195e-02
19244,	1.005745e-02
19245,	1.005294e-02
19246,	1.004844e-02
19247,	1.004393e-02
19248,	1.003943e-02
19249,	1.003493e-02
19250,	1.003043e-02
19251,	1.002593e-02
19252,	1.002144e-02
19253,	1.001694e-02
19254,	1.001245e-02
19255,	1.000795e-02
19256,	1.000346e-02
19257,	9.998970e-03
19258,	9.994481e-03
19259,	9.989993e-03
19260,	9.985506e-03
19261,	9.981020e-03
19262,	9.976536e-03
19263,	9.972052e-03
19264,	9.967570e-03
19265,	9.963090e-03
19266,	9.958610e-03
19267,	9.954132e-03
19268,	9.949655e-03
19269,	9.945179e-03
19270,	9.940705e-03
19271,	9.936232e-03
19272,	9.931760e-03
19273,	9.927289e-03
19274,	9.922819e-03
19275,	9.918351e-03
19276,	9.913884e-03
19277,	9.909419e-03
19278,	9.904954e-03
19279,	9.900491e-03
19280,	9.896029e-03
19281,	9.891569e-03
19282,	9.887109e-03
19283,	9.882651e-03
19284,	9.878194e-03
19285,	9.873739e-03
19286,	9.869285e-03
19287,	9.864832e-03
19288,	9.860380e-03
19289,	9.855929e-03
19290,	9.851480e-03
19291,	9.847032e-03
19292,	9.842586e-03
19293,	9.838140e-03
19294,	9.833696e-03
19295,	9.829254e-03
19296,	9.824812e-03
19297,	9.820372e-03
19298,	9.815933e-03
19299,	9.811495e-03
19300,	9.807059e-03
19301,	9.802624e-03
19302,	9.798190e-03
19303,	9.793758e-03
19304,	9.789327e-03
19305,	9.784897e-03
19306,	9.780468e-03
19307,	9.776041e-03
19308,	9.771615e-03
19309,	9.767190e-03
19310,	9.762767e-03
19311,	9.758345e-03
19312,	9.753924e-03
19313,	9.749505e-03
19314,	9.745086e-03
19315,	9.740670e-03
19316,	9.736254e-03
19317,	9.731840e-03
19318,	9.727427e-03
19319,	9.723015e-03
19320,	9.718605e-03
19321,	9.714196e-03
19322,	9.709788e-03
19323,	9.705382e-03
19324,	9.700977e-03
19325,	9.696573e-03
19326,	9.692171e-03
19327,	9.687770e-03
19328,	9.683370e-03
19329,	9.678971e-03
19330,	9.674574e-03
19331,	9.670178e-03
19332,	9.665784e-03
19333,	9.661391e-03
19334,	9.656999e-03
19335,	9.652608e-03
19336,	9.648219e-03
19337,	9.643831e-03
19338,	9.639445e-03
19339,	9.635060e-03
19340,	9.630676e-03
19341,	9.626293e-03
19342,	9.621912e-03
19343,	9.617532e-03
19344,	9.613154e-03
19345,	9.608776e-03
19346,	9.604401e-03
19347,	9.600026e-03
19348,	9.595653e-03
19349,	9.591281e-03
19350,	9.586911e-03
19351,	9.582542e-03
19352,	9.578174e-03
19353,	9.573807e-03
19354,	9.569442e-03
19355,	9.565078e-03
19356,	9.560716e-03
19357,	9.556355e-03
19358,	9.551995e-03
19359,	9.547637e-03
19360,	9.543280e-03
19361,	9.538924e-03
19362,	9.534570e-03
19363,	9.530217e-03
19364,	9.525866e-03
19365,	9.521515e-03
19366,	9.517167e-03
19367,	9.512819e-03
19368,	9.508473e-03
19369,	9.504128e-03
19370,	9.499785e-03
19371,	9.495443e-03
19372,	9.491102e-03
19373,	9.486763e-03
19374,	9.482425e-03
19375,	9.478088e-03
19376,	9.473753e-03
19377,	9.469419e-03
19378,	9.465087e-03
19379,	9.460756e-03
19380,	9.456426e-03
19381,	9.452098e-03
19382,	9.447771e-03
19383,	9.443445e-03
19384,	9.439121e-03
19385,	9.434798e-03
19386,	9.430477e-03
19387,	9.426157e-03
19388,	9.421838e-03
19389,	9.417521e-03
19390,	9.413205e-03
19391,	9.408890e-03
19392,	9.404577e-03
19393,	9.400265e-03
19394,	9.395955e-03
19395,	9.391646e-03
19396,	9.387338e-03
19397,	9.383032e-03
19398,	9.378727e-03
19399,	9.374424e-03
19400,	9.370122e-03
19401,	9.365821e-03
19402,	9.361522e-03
19403,	9.357224e-03
19404,	9.352928e-03
19405,	9.348632e-03
19406,	9.344339e-03
19407,	9.340046e-03
19408,	9.335756e-03
19409,	9.331466e-03
19410,	9.327178e-03
19411,	9.322891e-03
19412,	9.318606e-03
19413,	9.314322e-03
19414,	9.310040e-03
19415,	9.305759e-03
19416,	9.301479e-03
19417,	9.297201e-03
19418,	9.292924e-03
19419,	9.288648e-03
19420,	9.284374e-03
19421,	9.280102e-03
19422,	9.275831e-03
19423,	9.271561e-03
19424,	9.267292e-03
19425,	9.263025e-03
19426,	9.258760e-03
19427,	9.254496e-03
19428,	9.250233e-03
19429,	9.245972e-03
19430,	9.241712e-03
19431,	9.237453e-03
19432,	9.233196e-03
19433,	9.228941e-03
19434,	9.224686e-03
19435,	9.220434e-03
19436,	9.216182e-03
19437,	9.211932e-03
19438,	9.207684e-03
19439,	9.203437e-03
19440,	9.199191e-03
19441,	9.194947e-03
19442,	9.190704e-03
19443,	9.186463e-03
19444,	9.182223e-03
19445,	9.177984e-03
19446,	9.173747e-03
19447,	9.169511e-03
19448,	9.165277e-03
19449,	9.161044e-03
19450,	9.156813e-03
19451,	9.152583e-03
19452,	9.148354e-03
19453,	9.144127e-03
19454,	9.139902e-03
19455,	9.135678e-03
19456,	9.131455e-03
19457,	9.127234e-03
19458,	9.123014e-03
19459,	9.118795e-03
19460,	9.114578e-03
19461,	9.110363e-03
19462,	9.106149e-03
19463,	9.101936e-03
19464,	9.097725e-03
19465,	9.093515e-03
19466,	9.089307e-03
19467,	9.085100e-03
19468,	9.080894e-03
19469,	9.076690e-03
19470,	9.072488e-03
19471,	9.068287e-03
19472,	9.064087e-03
19473,	9.059889e-03
19474,	9.055692e-03
19475,	9.051497e-03
19476,	9.047303e-03
19477,	9.043111e-03
19478,	9.038920e-03
19479,	9.034730e-03
19480,	9.030542e-03
19481,	9.026356e-03
19482,	9.022170e-03
19483,	9.017987e-03
19484,	9.013805e-03
19485,	9.009624e-03
19486,	9.005445e-03
19487,	9.001267e-03
19488,	8.997091e-03
19489,	8.992916e-03
19490,	8.988742e-03
19491,	8.984570e-03
19492,	8.980400e-03
19493,	8.976231e-03
19494,	8.972063e-03
19495,	8.967897e-03
19496,	8.963732e-03
19497,	8.959569e-03
19498,	8.955408e-03
19499,	8.951247e-03
19500,	8.947089e-03
19501,	8.942931e-03
19502,	8.938776e-03
19503,	8.934621e-03
19504,	8.930468e-03
19505,	8.926317e-03
19506,	8.922167e-03
19507,	8.918019e-03
19508,	8.913872e-03
19509,	8.909726e-03
19510,	8.905582e-03
19511,	8.901439e-03
19512,	8.897298e-03
19513,	8.893159e-03
19514,	8.889021e-03
19515,	8.884884e-03
19516,	8.880749e-03
19517,	8.876615e-03
19518,	8.872483e-03
19519,	8.868352e-03
19520,	8.864223e-03
19521,	8.860095e-03
19522,	8.855969e-03
19523,	8.851844e-03
19524,	8.847721e-03
19525,	8.843599e-03
19526,	8.839479e-03
19527,	8.835360e-03
19528,	8.831243e-03
19529,	8.827127e-03
19530,	8.823012e-03
19531,	8.818899e-03
19532,	8.814788e-03
19533,	8.810678e-03
19534,	8.806570e-03
19535,	8.802463e-03
19536,	8.798357e-03
19537,	8.794253e-03
19538,	8.790151e-03
19539,	8.786050e-03
19540,	8.781950e-03
19541,	8.777852e-03
19542,	8.773756e-03
19543,	8.769661e-03
19544,	8.765568e-03
19545,	8.761476e-03
19546,	8.757385e-03
19547,	8.753296e-03
19548,	8.749209e-03
19549,	8.745122e-03
19550,	8.741038e-03
19551,	8.736955e-03
19552,	8.732873e-03
19553,	8.728793e-03
19554,	8.724715e-03
19555,	8.720638e-03
19556,	8.716562e-03
19557,	8.712488e-03
19558,	8.708416e-03
19559,	8.704345e-03
19560,	8.700275e-03
19561,	8.696207e-03
19562,	8.692141e-03
19563,	8.688076e-03
19564,	8.684013e-03
19565,	8.679951e-03
19566,	8.675890e-03
19567,	8.671831e-03
19568,	8.667774e-03
19569,	8.663718e-03
19570,	8.659663e-03
19571,	8.655610e-03
19572,	8.651559e-03
19573,	8.647509e-03
19574,	8.643461e-03
19575,	8.639414e-03
19576,	8.635369e-03
19577,	8.631325e-03
19578,	8.627282e-03
19579,	8.623242e-03
19580,	8.619202e-03
19581,	8.615164e-03
19582,	8.611128e-03
19583,	8.607093e-03
19584,	8.603060e-03
19585,	8.599028e-03
19586,	8.594998e-03
19587,	8.590970e-03
19588,	8.586942e-03
19589,	8.582917e-03
19590,	8.578893e-03
19591,	8.574870e-03
19592,	8.570849e-03
19593,	8.566829e-03
19594,	8.562811e-03
19595,	8.558795e-03
19596,	8.554780e-03
19597,	8.550766e-03
19598,	8.546754e-03
19599,	8.542744e-03
19600,	8.538735e-03
19601,	8.534727e-03
19602,	8.530721e-03
19603,	8.526717e-03
19604,	8.522714e-03
19605,	8.518713e-03
19606,	8.514713e-03
19607,	8.510715e-03
19608,	8.506718e-03
19609,	8.502723e-03
19610,	8.498729e-03
19611,	8.494737e-03
19612,	8.490746e-03
19613,	8.486757e-03
19614,	8.482770e-03
19615,	8.478784e-03
19616,	8.474799e-03
19617,	8.470816e-03
19618,	8.466835e-03
19619,	8.462855e-03
19620,	8.458876e-03
19621,	8.454900e-03
19622,	8.450924e-03
19623,	8.446950e-03
19624,	8.442978e-03
19625,	8.439007e-03
19626,	8.435038e-03
19627,	8.431071e-03
19628,	8.427104e-03
19629,	8.423140e-03
19630,	8.419177e-03
19631,	8.415215e-03
19632,	8.411255e-03
19633,	8.407297e-03
19634,	8.403340e-03
19635,	8.399384e-03
19636,	8.395430e-03
19637,	8.391478e-03
19638,	8.387527e-03
19639,	8.383578e-03
19640,	8.379630e-03
19641,	8.375684e-03
19642,	8.371740e-03
19643,	8.367796e-03
19644,	8.363855e-03
19645,	8.359915e-03
19646,	8.355976e-03
19647,	8.352039e-03
19648,	8.348104e-03
19649,	8.344170e-03
19650,	8.340238e-03
19651,	8.336307e-03
19652,	8.332378e-03
19653,	8.328450e-03
19654,	8.324524e-03
19655,	8.320599e-03
19656,	8.316676e-03
19657,	8.312755e-03
19658,	8.308835e-03
19659,	8.304916e-03
19660,	8.300999e-03
19661,	8.297084e-03
19662,	8.293170e-03
19663,	8.289258e-03
19664,	8.285347e-03
19665,	8.281438e-03
19666,	8.277530e-03
19667,	8.273624e-03
19668,	8.269720e-03
19669,	8.265817e-03
19670,	8.261915e-03
19671,	8.258015e-03
19672,	8.254117e-03
19673,	8.250220e-03
19674,	8.246325e-03
19675,	8.242431e-03
19676,	8.238539e-03
19677,	8.234648e-03
19678,	8.230759e-03
19679,	8.226872e-03
19680,	8.222986e-03
19681,	8.219101e-03
19682,	8.215219e-03
19683,	8.211337e-03
19684,	8.207457e-03
19685,	8.203579e-03
19686,	8.199703e-03
19687,	8.195827e-03
19688,	8.191954e-03
19689,	8.188082e-03
19690,	8.184211e-03
19691,	8.180342e-03
19692,	8.176475e-03
19693,	8.172609e-03
19694,	8.168745e-03
19695,	8.164882e-03
19696,	8.161021e-03
19697,	8.157161e-03
19698,	8.153303e-03
19699,	8.149447e-03
19700,	8.145592e-03
19701,	8.141739e-03
19702,	8.137887e-03
19703,	8.134036e-03
19704,	8.130188e-03
19705,	8.126340e-03
19706,	8.122495e-03
19707,	8.118651e-03
19708,	8.114808e-03
19709,	8.110967e-03
19710,	8.107128e-03
19711,	8.103290e-03
19712,	8.099454e-03
19713,	8.095619e-03
19714,	8.091786e-03
19715,	8.087954e-03
19716,	8.084124e-03
19717,	8.080295e-03
19718,	8.076469e-03
19719,	8.072643e-03
19720,	8.068819e-03
19721,	8.064997e-03
19722,	8.061176e-03
19723,	8.057357e-03
19724,	8.053539e-03
19725,	8.049723e-03
19726,	8.045909e-03
19727,	8.042096e-03
19728,	8.038284e-03
19729,	8.034475e-03
19730,	8.030666e-03
19731,	8.026860e-03
19732,	8.023054e-03
19733,	8.019251e-03
19734,	8.015449e-03
19735,	8.011648e-03
19736,	8.007849e-03
19737,	8.004052e-03
19738,	8.000256e-03
19739,	7.996462e-03
19740,	7.992669e-03
19741,	7.988878e-03
19742,	7.985089e-03
19743,	7.981301e-03
19744,	7.977514e-03
19745,	7.973729e-03
19746,	7.969946e-03
19747,	7.966164e-03
19748,	7.962384e-03
19749,	7.958605e-03
19750,	7.954828e-03
19751,	7.951053e-03
19752,	7.947279e-03
19753,	7.943506e-03
19754,	7.939735e-03
19755,	7.935966e-03
19756,	7.932198e-03
19757,	7.928432e-03
19758,	7.924668e-03
19759,	7.920905e-03
19760,	7.917143e-03
19761,	7.913383e-03
19762,	7.909625e-03
19763,	7.905868e-03
19764,	7.902113e-03
19765,	7.898359e-03
19766,	7.894607e-03
19767,	7.890856e-03
19768,	7.887107e-03
19769,	7.883360e-03
19770,	7.879614e-03
19771,	7.875870e-03
19772,	7.872127e-03
19773,	7.868386e-03
19774,	7.864646e-03
19775,	7.860908e-03
19776,	7.857172e-03
19777,	7.853437e-03
19778,	7.849704e-03
19779,	7.845972e-03
19780,	7.842241e-03
19781,	7.838513e-03
19782,	7.834786e-03
19783,	7.831060e-03
19784,	7.827336e-03
19785,	7.823614e-03
19786,	7.819893e-03
19787,	7.816174e-03
19788,	7.812456e-03
19789,	7.808740e-03
19790,	7.805025e-03
19791,	7.801312e-03
19792,	7.797601e-03
19793,	7.793891e-03
19794,	7.790182e-03
19795,	7.786475e-03
19796,	7.782770e-03
19797,	7.779067e-03
19798,	7.775364e-03
19799,	7.771664e-03
19800,	7.767965e-03
19801,	7.764268e-03
19802,	7.760572e-03
19803,	7.756877e-03
19804,	7.753185e-03
19805,	7.749493e-03
19806,	7.745804e-03
19807,	7.742116e-03
19808,	7.738429e-03
19809,	7.734744e-03
19810,	7.731061e-03
19811,	7.727379e-03
19812,	7.723699e-03
19813,	7.720020e-03
19814,	7.716343e-03
19815,	7.712668e-03
19816,	7.708994e-03
19817,	7.705321e-03
19818,	7.701651e-03
19819,	7.697981e-03
19820,	7.694314e-03
19821,	7.690647e-03
19822,	7.686983e-03
19823,	7.683320e-03
19824,	7.679658e-03
19825,	7.675998e-03
19826,	7.672340e-03
19827,	7.668683e-03
19828,	7.665028e-03
19829,	7.661375e-03
19830,	7.657722e-03
19831,	7.654072e-03
19832,	7.650423e-03
19833,	7.646776e-03
19834,	7.643130e-03
19835,	7.639485e-03
19836,	7.635843e-03
19837,	7.632202e-03
19838,	7.628562e-03
19839,	7.624924e-03
19840,	7.621287e-03
19841,	7.617653e-03
19842,	7.614019e-03
19843,	7.610387e-03
19844,	7.606757e-03
19845,	7.603129e-03
19846,	7.599501e-03
19847,	7.595876e-03
19848,	7.592252e-03
19849,	7.588630e-03
19850,	7.585009e-03
19851,	7.581389e-03
19852,	7.577772e-03
19853,	7.574156e-03
19854,	7.570541e-03
19855,	7.566928e-03
19856,	7.563316e-03
19857,	7.559707e-03
19858,	7.556098e-03
19859,	7.552491e-03
19860,	7.548886e-03
19861,	7.545282e-03
19862,	7.541680e-03
19863,	7.538080e-03
19864,	7.534481e-03
19865,	7.530883e-03
19866,	7.527287e-03
19867,	7.523693e-03
19868,	7.520100e-03
19869,	7.516509e-03
19870,	7.512920e-03
19871,	7.509331e-03
19872,	7.505745e-03
19873,	7.502160e-03
19874,	7.498577e-03
19875,	7.494995e-03
19876,	7.491414e-03
19877,	7.487836e-03
19878,	7.484259e-03
19879,	7.480683e-03
19880,	7.477109e-03
19881,	7.473536e-03
19882,	7.469966e-03
19883,	7.466396e-03
19884,	7.462828e-03
19885,	7.459262e-03
19886,	7.455697e-03
19887,	7.452134e-03
19888,	7.448573e-03
19889,	7.445013e-03
19890,	7.441454e-03
19891,	7.437897e-03
19892,	7.434342e-03
19893,	7.430788e-03
19894,	7.427236e-03
19895,	7.423685e-03
19896,	7.420136e-03
19897,	7.416588e-03
19898,	7.413042e-03
19899,	7.409498e-03
19900,	7.405955e-03
19901,	7.402414e-03
19902,	7.398874e-03
19903,	7.395336e-03
19904,	7.391799e-03
19905,	7.388264e-03
19906,	7.384730e-03
19907,	7.381198e-03
19908,	7.377668e-03
19909,	7.374139e-03
19910,	7.370611e-03
19911,	7.367086e-03
19912,	7.363561e-03
19913,	7.360039e-03
19914,	7.356518e-03
19915,	7.352998e-03
19916,	7.349480e-03
19917,	7.345963e-03
19918,	7.342448e-03
19919,	7.338935e-03
19920,	7.335423e-03
19921,	7.331913e-03
19922,	7.328404e-03
19923,	7.324897e-03
19924,	7.321391e-03
19925,	7.317887e-03
19926,	7.314385e-03
19927,	7.310884e-03
19928,	7.307384e-03
19929,	7.303887e-03
19930,	7.300390e-03
19931,	7.296896e-03
19932,	7.293402e-03
19933,	7.289911e-03
19934,	7.286421e-03
19935,	7.282932e-03
19936,	7.279445e-03
19937,	7.275959e-03
19938,	7.272476e-03
19939,	7.268993e-03
19940,	7.265512e-03
19941,	7.262033e-03
19942,	7.258555e-03
19943,	7.255079e-03
19944,	7.251604e-03
19945,	7.248131e-03
19946,	7.244660e-03
19947,	7.241190e-03
19948,	7.237721e-03
19949,	7.234254e-03
19950,	7.230789e-03
19951,	7.227325e-03
19952,	7.223863e-03
19953,	7.220402e-03
19954,	7.216943e-03
19955,	7.213486e-03
19956,	7.210029e-03
19957,	7.206575e-03
19958,	7.203122e-03
19959,	7.199670e-03
19960,	7.196221e-03
19961,	7.192772e-03
19962,	7.189325e-03
19963,	7.185880e-03
19964,	7.182436e-03
19965,	7.178994e-03
19966,	7.175553e-03
19967,	7.172114e-03
19968,	7.168677e-03
19969,	7.165241e-03
19970,	7.161806e-03
19971,	7.158373e-03
19972,	7.154942e-03
19973,	7.151512e-03
19974,	7.148084e-03
19975,	7.144657e-03
19976,	7.141232e-03
19977,	7.137808e-03
19978,	7.134386e-03
19979,	7.130965e-03
19980,	7.127546e-03
19981,	7.124129e-03
19982,	7.120713e-03
19983,	7.117298e-03
19984,	7.113885e-03
19985,	7.110474e-03
19986,	7.107064e-03
19987,	7.103656e-03
19988,	7.100249e-03
19989,	7.096844e-03
19990,	7.093440e-03
19991,	7.090038e-03
19992,	7.086637e-03
19993,	7.083238e-03
19994,	7.079840e-03
19995,	7.076444e-03
19996,	7.073050e-03
19997,	7.069657e-03
19998,	7.066265e-03
19999,	7.062875e-03
20000,	7.059487e-03
20001,	7.056100e-03
20002,	7.052715e-03
20003,	7.049331e-03
20004,	7.045949e-03
20005,	7.042568e-03
20006,	7.039189e-03
20007,	7.035811e-03
20008,	7.032435e-03
20009,	7.029061e-03
20010,	7.025688e-03
20011,	7.022316e-03
20012,	7.018946e-03
20013,	7.015578e-03
20014,	7.012211e-03
20015,	7.008845e-03
20016,	7.005481e-03
20017,	7.002119e-03
20018,	6.998758e-03
20019,	6.995399e-03
20020,	6.992041e-03
20021,	6.988685e-03
20022,	6.985330e-03
20023,	6.981977e-03
20024,	6.978625e-03
20025,	6.975275e-03
20026,	6.971927e-03
20027,	6.968579e-03
20028,	6.965234e-03
20029,	6.961890e-03
20030,	6.958547e-03
20031,	6.955206e-03
20032,	6.951867e-03
20033,	6.948529e-03
20034,	6.945193e-03
20035,	6.941858e-03
20036,	6.938524e-03
20037,	6.935192e-03
20038,	6.931862e-03
20039,	6.928533e-03
20040,	6.925206e-03
20041,	6.921880e-03
20042,	6.918556e-03
20043,	6.915233e-03
20044,	6.911912e-03
20045,	6.908592e-03
20046,	6.905274e-03
20047,	6.901957e-03
20048,	6.898642e-03
20049,	6.895329e-03
20050,	6.892017e-03
20051,	6.888706e-03
20052,	6.885397e-03
20053,	6.882089e-03
20054,	6.878783e-03
20055,	6.875479e-03
20056,	6.872176e-03
20057,	6.868874e-03
20058,	6.865574e-03
20059,	6.862276e-03
20060,	6.858979e-03
20061,	6.855683e-03
20062,	6.852390e-03
20063,	6.849097e-03
20064,	6.845806e-03
20065,	6.842517e-03
20066,	6.839229e-03
20067,	6.835943e-03
20068,	6.832658e-03
20069,	6.829374e-03
20070,	6.826093e-03
20071,	6.822812e-03
20072,	6.819533e-03
20073,	6.816256e-03
20074,	6.812980e-03
20075,	6.809706e-03
20076,	6.806433e-03
20077,	6.803162e-03
20078,	6.799892e-03
20079,	6.796624e-03
20080,	6.793357e-03
20081,	6.790092e-03
20082,	6.786828e-03
20083,	6.783566e-03
20084,	6.780305e-03
20085,	6.777046e-03
20086,	6.773788e-03
20087,	6.770532e-03
20088,	6.767277e-03
20089,	6.764024e-03
20090,	6.760772e-03
20091,	6.757522e-03
20092,	6.754273e-03
20093,	6.751026e-03
20094,	6.747781e-03
20095,	6.744536e-03
20096,	6.741294e-03
20097,	6.738052e-03
20098,	6.734813e-03
20099,	6.731575e-03
20100,	6.728338e-03
20101,	6.725103e-03
20102,	6.721869e-03
20103,	6.718637e-03
20104,	6.715406e-03
20105,	6.712177e-03
20106,	6.708949e-03
20107,	6.705723e-03
20108,	6.702498e-03
20109,	6.699275e-03
20110,	6.696053e-03
20111,	6.692833e-03
20112,	6.689614e-03
20113,	6.686397e-03
20114,	6.683181e-03
20115,	6.679967e-03
20116,	6.676754e-03
20117,	6.673543e-03
20118,	6.670333e-03
20119,	6.667125e-03
20120,	6.663918e-03
20121,	6.660713e-03
20122,	6.657509e-03
20123,	6.654306e-03
20124,	6.651106e-03
20125,	6.647906e-03
20126,	6.644708e-03
20127,	6.641512e-03
20128,	6.638317e-03
20129,	6.635124e-03
20130,	6.631932e-03
20131,	6.628741e-03
20132,	6.625552e-03
20133,	6.622365e-03
20134,	6.619179e-03
20135,	6.615994e-03
20136,	6.612811e-03
20137,	6.609630e-03
20138,	6.606450e-03
20139,	6.603271e-03
20140,	6.600094e-03
20141,	6.596918e-03
20142,	6.593744e-03
20143,	6.590572e-03
20144,	6.587400e-03
20145,	6.584231e-03
20146,	6.581063e-03
20147,	6.577896e-03
20148,	6.574731e-03
20149,	6.571567e-03
20150,	6.568405e-03
20151,	6.565244e-03
20152,	6.562084e-03
20153,	6.558927e-03
20154,	6.555770e-03
20155,	6.552615e-03
20156,	6.549462e-03
20157,	6.546310e-03
20158,	6.543159e-03
20159,	6.540010e-03
20160,	6.536863e-03
20161,	6.533717e-03
20162,	6.530572e-03
20163,	6.527429e-03
20164,	6.524287e-03
20165,	6.521147e-03
20166,	6.518009e-03
20167,	6.514871e-03
20168,	6.511736e-03
20169,	6.508601e-03
20170,	6.505468e-03
20171,	6.502337e-03
20172,	6.499207e-03
20173,	6.496079e-03
20174,	6.492952e-03
20175,	6.489826e-03
20176,	6.486702e-03
20177,	6.483580e-03
20178,	6.480459e-03
20179,	6.477339e-03
20180,	6.474221e-03
20181,	6.471104e-03
20182,	6.467989e-03
20183,	6.464875e-03
20184,	6.461763e-03
20185,	6.458652e-03
20186,	6.455543e-03
20187,	6.452435e-03
20188,	6.449328e-03
20189,	6.446223e-03
20190,	6.443120e-03
20191,	6.440018e-03
20192,	6.436917e-03
20193,	6.433818e-03
20194,	6.430720e-03
20195,	6.427624e-03
20196,	6.424529e-03
20197,	6.421436e-03
20198,	6.418344e-03
20199,	6.415253e-03
20200,	6.412165e-03
20201,	6.409077e-03
20202,	6.405991e-03
20203,	6.402906e-03
20204,	6.399823e-03
20205,	6.396741e-03
20206,	6.393661e-03
20207,	6.390582e-03
20208,	6.387505e-03
20209,	6.384429e-03
20210,	6.381355e-03
20211,	6.378282e-03
20212,	6.375210e-03
20213,	6.372140e-03
20214,	6.369071e-03
20215,	6.366004e-03
20216,	6.362938e-03
20217,	6.359874e-03
20218,	6.356811e-03
20219,	6.353750e-03
20220,	6.350690e-03
20221,	6.347631e-03
20222,	6.344574e-03
20223,	6.341519e-03
20224,	6.338465e-03
20225,	6.335412e-03
20226,	6.332360e-03
20227,	6.329311e-03
20228,	6.326262e-03
20229,	6.323215e-03
20230,	6.320170e-03
20231,	6.317126e-03
20232,	6.314083e-03
20233,	6.311042e-03
20234,	6.308002e-03
20235,	6.304963e-03
20236,	6.301927e-03
20237,	6.298891e-03
20238,	6.295857e-03
20239,	6.292824e-03
20240,	6.289793e-03
20241,	6.286764e-03
20242,	6.283735e-03
20243,	6.280708e-03
20244,	6.277683e-03
20245,	6.274659e-03
20246,	6.271636e-03
20247,	6.268615e-03
20248,	6.265596e-03
20249,	6.262577e-03
20250,	6.259560e-03
20251,	6.256545e-03
20252,	6.253531e-03
20253,	6.250519e-03
20254,	6.247507e-03
20255,	6.244498e-03
20256,	6.241489e-03
20257,	6.238483e-03
20258,	6.235477e-03
20259,	6.232473e-03
20260,	6.229471e-03
20261,	6.226470e-03
20262,	6.223470e-03
20263,	6.220472e-03
20264,	6.217475e-03
20265,	6.214479e-03
20266,	6.211485e-03
20267,	6.208493e-03
20268,	6.205501e-03
20269,	6.202512e-03
20270,	6.199523e-03
20271,	6.196536e-03
20272,	6.193551e-03
20273,	6.190567e-03
20274,	6.187584e-03
20275,	6.184603e-03
20276,	6.181623e-03
20277,	6.178645e-03
20278,	6.175668e-03
20279,	6.172692e-03
20280,	6.169718e-03
20281,	6.166745e-03
20282,	6.163774e-03
20283,	6.160804e-03
20284,	6.157835e-03
20285,	6.154868e-03
20286,	6.151903e-03
20287,	6.148938e-03
20288,	6.145976e-03
20289,	6.143014e-03
20290,	6.140054e-03
20291,	6.137095e-03
20292,	6.134138e-03
20293,	6.131182e-03
20294,	6.128228e-03
20295,	6.125275e-03
20296,	6.122323e-03
20297,	6.119373e-03
20298,	6.116424e-03
20299,	6.113477e-03
20300,	6.110531e-03
20301,	6.107586e-03
20302,	6.104643e-03
20303,	6.101701e-03
20304,	6.098761e-03
20305,	6.095822e-03
20306,	6.092885e-03
20307,	6.089948e-03
20308,	6.087014e-03
20309,	6.084080e-03
20310,	6.081148e-03
20311,	6.078218e-03
20312,	6.075289e-03
20313,	6.072361e-03
20314,	6.069435e-03
20315,	6.066510e-03
20316,	6.063586e-03
20317,	6.060664e-03
20318,	6.057743e-03
20319,	6.054824e-03
20320,	6.051906e-03
20321,	6.048989e-03
20322,	6.046074e-03
20323,	6.043160e-03
20324,	6.040248e-03
20325,	6.037336e-03
20326,	6.034427e-03
20327,	6.031519e-03
20328,	6.028612e-03
20329,	6.025706e-03
20330,	6.022802e-03
20331,	6.019899e-03
20332,	6.016998e-03
20333,	6.014098e-03
20334,	6.011200e-03
20335,	6.008302e-03
20336,	6.005407e-03
20337,	6.002512e-03
20338,	5.999619e-03
20339,	5.996728e-03
20340,	5.993837e-03
20341,	5.990949e-03
20342,	5.988061e-03
20343,	5.985175e-03
20344,	5.982290e-03
20345,	5.979407e-03
20346,	5.976525e-03
20347,	5.973644e-03
20348,	5.970765e-03
20349,	5.967887e-03
20350,	5.965011e-03
20351,	5.962136e-03
20352,	5.959262e-03
20353,	5.956390e-03
20354,	5.953519e-03
20355,	5.949400e-03
20356,	5.946581e-03
20357,	5.943763e-03
20358,	5.940946e-03
20359,	5.938128e-03
20360,	5.935312e-03
20361,	5.932495e-03
20362,	5.929679e-03
20363,	5.926864e-03
20364,	5.924049e-03
20365,	5.921235e-03
20366,	5.918421e-03
20367,	5.915607e-03
20368,	5.912794e-03
20369,	5.909982e-03
20370,	5.907170e-03
20371,	5.904359e-03
20372,	5.901548e-03
20373,	5.898738e-03
20374,	5.895929e-03
20375,	5.893120e-03
20376,	5.890312e-03
20377,	5.887505e-03
20378,	5.884698e-03
20379,	5.881892e-03
20380,	5.879087e-03
20381,	5.876282e-03
20382,	5.873478e-03
20383,	5.870675e-03
20384,	5.867872e-03
20385,	5.865070e-03
20386,	5.862269e-03
20387,	5.859469e-03
20388,	5.856670e-03
20389,	5.853871e-03
20390,	5.851073e-03
20391,	5.848276e-03
20392,	5.845480e-03
20393,	5.842685e-03
20394,	5.839890e-03
20395,	5.837096e-03
20396,	5.834304e-03
20397,	5.831512e-03
20398,	5.828721e-03
20399,	5.825930e-03
20400,	5.823141e-03
20401,	5.820353e-03
20402,	5.817565e-03
20403,	5.814778e-03
20404,	5.811993e-03
20405,	5.809208e-03
20406,	5.806424e-03
20407,	5.803641e-03
20408,	5.800859e-03
20409,	5.798078e-03
20410,	5.795298e-03
20411,	5.792519e-03
20412,	5.789741e-03
20413,	5.786964e-03
20414,	5.784188e-03
20415,	5.781413e-03
20416,	5.778639e-03
20417,	5.775866e-03
20418,	5.773094e-03
20419,	5.770323e-03
20420,	5.767553e-03
20421,	5.764784e-03
20422,	5.762016e-03
20423,	5.759249e-03
20424,	5.756483e-03
20425,	5.753719e-03
20426,	5.750955e-03
20427,	5.748192e-03
20428,	5.745431e-03
20429,	5.742670e-03
20430,	5.739911e-03
20431,	5.736027e-03
20432,	5.733306e-03
20433,	5.730586e-03
20434,	5.727866e-03
20435,	5.725148e-03
20436,	5.722430e-03
20437,	5.719713e-03
20438,	5.716997e-03
20439,	5.714282e-03
20440,	5.711568e-03
20441,	5.708854e-03
20442,	5.706141e-03
20443,	5.703430e-03
20444,	5.700719e-03
20445,	5.698009e-03
20446,	5.695299e-03
20447,	5.692591e-03
20448,	5.689883e-03
20449,	5.687176e-03
20450,	5.684471e-03
20451,	5.681766e-03
20452,	5.679061e-03
20453,	5.676358e-03
20454,	5.673656e-03
20455,	5.670954e-03
20456,	5.668253e-03
20457,	5.665553e-03
20458,	5.662854e-03
20459,	5.660156e-03
20460,	5.657459e-03
20461,	5.654763e-03
20462,	5.652067e-03
20463,	5.649372e-03
20464,	5.646679e-03
20465,	5.643986e-03
20466,	5.641294e-03
20467,	5.638603e-03
20468,	5.635912e-03
20469,	5.633223e-03
20470,	5.630535e-03
20471,	5.627847e-03
20472,	5.625161e-03
20473,	5.622475e-03
20474,	5.619790e-03
20475,	5.617106e-03
20476,	5.614423e-03
20477,	5.611741e-03
20478,	5.609060e-03
20479,	5.606380e-03
20480,	5.603700e-03
20481,	5.601022e-03
20482,	5.598345e-03
20483,	5.595668e-03
20484,	5.592992e-03
20485,	5.590318e-03
20486,	5.587644e-03
20487,	5.584971e-03
20488,	5.582299e-03
20489,	5.579629e-03
20490,	5.576959e-03
20491,	5.574290e-03
20492,	5.571622e-03
20493,	5.568955e-03
20494,	5.566289e-03
20495,	5.563624e-03
20496,	5.560959e-03
20497,	5.558296e-03
20498,	5.555634e-03
20499,	5.552973e-03
20500,	5.550313e-03
20501,	5.547653e-03
20502,	5.544995e-03
20503,	5.542338e-03
20504,	5.539682e-03
20505,	5.537026e-03
20506,	5.534372e-03
20507,	5.531719e-03
20508,	5.529067e-03
20509,	5.526416e-03
20510,	5.523765e-03
20511,	5.521116e-03
20512,	5.518468e-03
20513,	5.515821e-03
20514,	5.513175e-03
20515,	5.510529e-03
20516,	5.507885e-03
20517,	5.505242e-03
20518,	5.502600e-03
20519,	5.499959e-03
20520,	5.497319e-03
20521,	5.494680e-03
20522,	5.492042e-03
20523,	5.489406e-03
20524,	5.486770e-03
20525,	5.484135e-03
20526,	5.481501e-03
20527,	5.478869e-03
20528,	5.476237e-03
20529,	5.473607e-03
20530,	5.470977e-03
20531,	5.468349e-03
20532,	5.465722e-03
20533,	5.463095e-03
20534,	5.460470e-03
20535,	5.457846e-03
20536,	5.455223e-03
20537,	5.452601e-03
20538,	5.449980e-03
20539,	5.447361e-03
20540,	5.444742e-03
20541,	5.442124e-03
20542,	5.439508e-03
20543,	5.436892e-03
20544,	5.434278e-03
20545,	5.431665e-03
20546,	5.429053e-03
20547,	5.426442e-03
20548,	5.423832e-03
20549,	5.421223e-03
20550,	5.417610e-03
20551,	5.415036e-03
20552,	5.412462e-03
20553,	5.409890e-03
20554,	5.407318e-03
20555,	5.404748e-03
20556,	5.402178e-03
20557,	5.399608e-03
20558,	5.397040e-03
20559,	5.394473e-03
20560,	5.391906e-03
20561,	5.389340e-03
20562,	5.386775e-03
20563,	5.384211e-03
20564,	5.381648e-03
20565,	5.379086e-03
20566,	5.376525e-03
20567,	5.373964e-03
20568,	5.371404e-03
20569,	5.368845e-03
20570,	5.366287e-03
20571,	5.363730e-03
20572,	5.361174e-03
20573,	5.358619e-03
20574,	5.356065e-03
20575,	5.353511e-03
20576,	5.350958e-03
20577,	5.348407e-03
20578,	5.345856e-03
20579,	5.343306e-03
20580,	5.340757e-03
20581,	5.338209e-03
20582,	5.335662e-03
20583,	5.333115e-03
20584,	5.330570e-03
20585,	5.328026e-03
20586,	5.325482e-03
20587,	5.322940e-03
20588,	5.320398e-03
20589,	5.317857e-03
20590,	5.315317e-03
20591,	5.312778e-03
20592,	5.310241e-03
20593,	5.307704e-03
20594,	5.305167e-03
20595,	5.302632e-03
20596,	5.300098e-03
20597,	5.297565e-03
20598,	5.295033e-03
20599,	5.292501e-03
20600,	5.289971e-03
20601,	5.287442e-03
20602,	5.284913e-03
20603,	5.282386e-03
20604,	5.279859e-03
20605,	5.277333e-03
20606,	5.274809e-03
20607,	5.272285e-03
20608,	5.269762e-03
20609,	5.267241e-03
20610,	5.264720e-03
20611,	5.262200e-03
20612,	5.259681e-03
20613,	5.257164e-03
20614,	5.254647e-03
20615,	5.252131e-03
20616,	5.249616e-03
20617,	5.247102e-03
20618,	5.244589e-03
20619,	5.242077e-03
20620,	5.239566e-03
20621,	5.237056e-03
20622,	5.234548e-03
20623,	5.232040e-03
20624,	5.229533e-03
20625,	5.227027e-03
20626,	5.224522e-03
20627,	5.222018e-03
20628,	5.219515e-03
20629,	5.217013e-03
20630,	5.214512e-03
20631,	5.212012e-03
20632,	5.209513e-03
20633,	5.207015e-03
20634,	5.204518e-03
20635,	5.202022e-03
20636,	5.199527e-03
20637,	5.197033e-03
20638,	5.194541e-03
20639,	5.192049e-03
20640,	5.189558e-03
20641,	5.187068e-03
20642,	5.184579e-03
20643,	5.182091e-03
20644,	5.179605e-03
20645,	5.177119e-03
20646,	5.174634e-03
20647,	5.172151e-03
20648,	5.169668e-03
20649,	5.167186e-03
20650,	5.164706e-03
20651,	5.162226e-03
20652,	5.159748e-03
20653,	5.157270e-03
20654,	5.154794e-03
20655,	5.152319e-03
20656,	5.149844e-03
20657,	5.147371e-03
20658,	5.144899e-03
20659,	5.142427e-03
20660,	5.139957e-03
20661,	5.137488e-03
20662,	5.135020e-03
20663,	5.132553e-03
20664,	5.130087e-03
20665,	5.127622e-03
20666,	5.125158e-03
20667,	5.122695e-03
20668,	5.120233e-03
20669,	5.117773e-03
20670,	5.115313e-03
20671,	5.112854e-03
20672,	5.110397e-03
20673,	5.107940e-03
20674,	5.105485e-03
20675,	5.103030e-03
20676,	5.100577e-03
20677,	5.098125e-03
20678,	5.095673e-03
20679,	5.093223e-03
20680,	5.090774e-03
20681,	5.088326e-03
20682,	5.085879e-03
20683,	5.083433e-03
20684,	5.080988e-03
20685,	5.078544e-03
20686,	5.076102e-03
20687,	5.073660e-03
20688,	5.071220e-03
20689,	5.068780e-03
20690,	5.066342e-03
20691,	5.063904e-03
20692,	5.061468e-03
20693,	5.059033e-03
20694,	5.056599e-03
20695,	5.054166e-03
20696,	5.051734e-03
20697,	5.049303e-03
20698,	5.046873e-03
20699,	5.044444e-03
20700,	5.042016e-03
20701,	5.039590e-03
20702,	5.037164e-03
20703,	5.034740e-03
20704,	5.032316e-03
20705,	5.029894e-03
20706,	5.027473e-03
20707,	5.025053e-03
20708,	5.022634e-03
20709,	5.020216e-03
20710,	5.017799e-03
20711,	5.015383e-03
20712,	5.012969e-03
20713,	5.010555e-03
20714,	5.008142e-03
20715,	5.005731e-03
20716,	5.003321e-03
20717,	5.000911e-03
20718,	4.998503e-03
20719,	4.996096e-03
20720,	4.993690e-03
20721,	4.991285e-03
20722,	4.988881e-03
20723,	4.986479e-03
20724,	4.984077e-03
20725,	4.981677e-03
20726,	4.979277e-03
20727,	4.976879e-03
20728,	4.974482e-03
20729,	4.972085e-03
20730,	4.969690e-03
20731,	4.966409e-03
20732,	4.964045e-03
20733,	4.961682e-03
20734,	4.959319e-03
20735,	4.956958e-03
20736,	4.954597e-03
20737,	4.952237e-03
20738,	4.949878e-03
20739,	4.947520e-03
20740,	4.945163e-03
20741,	4.942806e-03
20742,	4.940450e-03
20743,	4.938096e-03
20744,	4.935742e-03
20745,	4.933389e-03
20746,	4.931036e-03
20747,	4.928685e-03
20748,	4.926335e-03
20749,	4.923985e-03
20750,	4.921636e-03
20751,	4.919288e-03
20752,	4.916941e-03
20753,	4.914595e-03
20754,	4.912250e-03
20755,	4.909905e-03
20756,	4.907562e-03
20757,	4.905219e-03
20758,	4.902877e-03
20759,	4.900537e-03
20760,	4.898197e-03
20761,	4.895857e-03
20762,	4.893519e-03
20763,	4.891182e-03
20764,	4.888845e-03
20765,	4.886510e-03
20766,	4.884175e-03
20767,	4.881841e-03
20768,	4.879508e-03
20769,	4.877176e-03
20770,	4.874845e-03
20771,	4.872515e-03
20772,	4.870185e-03
20773,	4.867857e-03
20774,	4.865530e-03
20775,	4.863203e-03
20776,	4.860877e-03
20777,	4.858552e-03
20778,	4.856229e-03
20779,	4.853906e-03
20780,	4.851583e-03
20781,	4.849262e-03
20782,	4.846942e-03
20783,	4.844623e-03
20784,	4.842304e-03
20785,	4.839987e-03
20786,	4.837670e-03
20787,	4.835355e-03
20788,	4.833040e-03
20789,	4.830726e-03
20790,	4.828413e-03
20791,	4.826101e-03
20792,	4.823790e-03
20793,	4.821480e-03
20794,	4.819171e-03
20795,	4.816863e-03
20796,	4.814556e-03
20797,	4.812249e-03
20798,	4.809944e-03
20799,	4.807639e-03
20800,	4.805336e-03
20801,	4.803033e-03
20802,	4.800732e-03
20803,	4.798431e-03
20804,	4.796131e-03
20805,	4.793832e-03
20806,	4.791535e-03
20807,	4.789238e-03
20808,	4.786942e-03
20809,	4.784647e-03
20810,	4.782352e-03
20811,	4.780059e-03
20812,	4.777767e-03
20813,	4.775476e-03
20814,	4.773186e-03
20815,	4.770896e-03
20816,	4.768608e-03
20817,	4.766320e-03
20818,	4.764034e-03
20819,	4.761749e-03
20820,	4.759464e-03
20821,	4.757180e-03
20822,	4.754898e-03
20823,	4.752616e-03
20824,	4.750335e-03
20825,	4.748056e-03
20826,	4.745777e-03
20827,	4.743499e-03
20828,	4.741222e-03
20829,	4.738946e-03
20830,	4.736671e-03
20831,	4.734397e-03
20832,	4.732124e-03
20833,	4.729852e-03
20834,	4.727581e-03
20835,	4.725311e-03
20836,	4.723042e-03
20837,	4.720774e-03
20838,	4.718507e-03
20839,	4.716241e-03
20840,	4.713975e-03
20841,	4.711711e-03
20842,	4.709448e-03
20843,	4.707185e-03
20844,	4.704924e-03
20845,	4.702664e-03
20846,	4.700404e-03
20847,	4.698146e-03
20848,	4.695889e-03
20849,	4.693632e-03
20850,	4.691377e-03
20851,	4.689122e-03
20852,	4.686869e-03
20853,	4.684616e-03
20854,	4.682364e-03
20855,	4.680114e-03
20856,	4.677864e-03
20857,	4.675616e-03
20858,	4.673368e-03
20859,	4.671121e-03
20860,	4.668876e-03
20861,	4.666631e-03
20862,	4.664387e-03
20863,	4.662145e-03
20864,	4.659903e-03
20865,	4.657662e-03
20866,	4.655422e-03
20867,	4.653183e-03
20868,	4.650946e-03
20869,	4.648709e-03
20870,	4.646473e-03
20871,	4.644238e-03
20872,	4.642004e-03
20873,	4.639771e-03
20874,	4.637540e-03
20875,	4.635309e-03
20876,	4.633079e-03
20877,	4.630850e-03
20878,	4.628622e-03
20879,	4.626395e-03
20880,	4.624169e-03
20881,	4.621944e-03
20882,	4.619720e-03
20883,	4.617497e-03
20884,	4.615275e-03
20885,	4.613054e-03
20886,	4.610834e-03
20887,	4.608615e-03
20888,	4.606397e-03
20889,	4.604180e-03
20890,	4.601964e-03
20891,	4.599749e-03
20892,	4.597535e-03
20893,	4.595322e-03
20894,	4.593110e-03
20895,	4.590898e-03
20896,	4.588688e-03
20897,	4.586479e-03
20898,	4.584271e-03
20899,	4.582064e-03
20900,	4.579858e-03
20901,	4.577653e-03
20902,	4.575449e-03
20903,	4.573245e-03
20904,	4.571043e-03
20905,	4.568842e-03
20906,	4.566642e-03
20907,	4.564443e-03
20908,	4.562245e-03
20909,	4.560047e-03
20910,	4.557851e-03
20911,	4.555656e-03
20912,	4.553462e-03
20913,	4.551269e-03
20914,	4.549076e-03
20915,	4.546885e-03
20916,	4.544695e-03
20917,	4.542506e-03
20918,	4.540317e-03
20919,	4.538130e-03
20920,	4.535944e-03
20921,	4.533759e-03
20922,	4.531574e-03
20923,	4.529391e-03
20924,	4.527209e-03
20925,	4.525028e-03
20926,	4.522847e-03
20927,	4.520668e-03
20928,	4.518490e-03
20929,	4.516312e-03
20930,	4.514136e-03
20931,	4.511961e-03
20932,	4.509787e-03
20933,	4.507613e-03
20934,	4.505441e-03
20935,	4.503270e-03
20936,	4.501099e-03
20937,	4.498930e-03
20938,	4.496762e-03
20939,	4.494594e-03
20940,	4.492428e-03
20941,	4.490263e-03
20942,	4.488098e-03
20943,	4.485935e-03
20944,	4.483772e-03
20945,	4.481611e-03
20946,	4.479451e-03
20947,	4.477291e-03
20948,	4.475133e-03
20949,	4.472975e-03
20950,	4.470819e-03
20951,	4.468664e-03
20952,	4.466509e-03
20953,	4.464356e-03
20954,	4.462203e-03
20955,	4.460052e-03
20956,	4.457901e-03
20957,	4.455752e-03
20958,	4.453604e-03
20959,	4.451456e-03
20960,	4.449310e-03
20961,	4.447164e-03
20962,	4.445020e-03
20963,	4.442876e-03
20964,	4.440734e-03
20965,	4.438592e-03
20966,	4.436452e-03
20967,	4.434312e-03
20968,	4.432174e-03
20969,	4.430036e-03
20970,	4.427899e-03
20971,	4.425764e-03
20972,	4.423629e-03
20973,	4.421496e-03
20974,	4.419363e-03
20975,	4.417232e-03
20976,	4.415101e-03
20977,	4.412971e-03
20978,	4.410843e-03
20979,	4.408715e-03
20980,	4.406588e-03
20981,	4.404463e-03
20982,	4.402338e-03
20983,	4.400214e-03
20984,	4.398092e-03
20985,	4.395970e-03
20986,	4.393849e-03
20987,	4.391730e-03
20988,	4.389611e-03
20989,	4.387493e-03
20990,	4.385376e-03
20991,	4.383261e-03
20992,	4.381146e-03
20993,	4.379032e-03
20994,	4.376919e-03
20995,	4.374807e-03
20996,	4.372696e-03
20997,	4.370587e-03
20998,	4.368478e-03
20999,	4.366370e-03
21000,	4.364263e-03
21001,	4.362157e-03
21002,	4.360052e-03
21003,	4.357948e-03
21004,	4.355845e-03
21005,	4.353743e-03
21006,	4.351642e-03
21007,	4.349542e-03
21008,	4.347443e-03
21009,	4.345345e-03
21010,	4.342479e-03
21011,	4.340408e-03
21012,	4.338338e-03
21013,	4.336268e-03
21014,	4.334199e-03
21015,	4.332131e-03
21016,	4.330064e-03
21017,	4.327997e-03
21018,	4.325932e-03
21019,	4.323867e-03
21020,	4.321802e-03
21021,	4.319739e-03
21022,	4.317676e-03
21023,	4.315614e-03
21024,	4.313553e-03
21025,	4.311493e-03
21026,	4.309433e-03
21027,	4.307374e-03
21028,	4.305316e-03
21029,	4.303258e-03
21030,	4.301202e-03
21031,	4.299146e-03
21032,	4.297091e-03
21033,	4.295037e-03
21034,	4.292983e-03
21035,	4.290930e-03
21036,	4.288878e-03
21037,	4.286827e-03
21038,	4.284777e-03
21039,	4.282727e-03
21040,	4.280678e-03
21041,	4.278630e-03
21042,	4.276583e-03
21043,	4.274537e-03
21044,	4.272491e-03
21045,	4.270446e-03
21046,	4.268402e-03
21047,	4.266358e-03
21048,	4.264316e-03
21049,	4.262274e-03
21050,	4.260233e-03
21051,	4.258193e-03
21052,	4.256153e-03
21053,	4.254115e-03
21054,	4.252077e-03
21055,	4.250040e-03
21056,	4.248004e-03
21057,	4.245968e-03
21058,	4.243934e-03
21059,	4.241900e-03
21060,	4.239867e-03
21061,	4.237835e-03
21062,	4.235803e-03
21063,	4.233772e-03
21064,	4.231743e-03
21065,	4.229714e-03
21066,	4.227685e-03
21067,	4.225658e-03
21068,	4.223631e-03
21069,	4.221606e-03
21070,	4.219581e-03
21071,	4.217556e-03
21072,	4.215533e-03
21073,	4.213510e-03
21074,	4.211489e-03
21075,	4.209468e-03
21076,	4.207448e-03
21077,	4.205428e-03
21078,	4.203410e-03
21079,	4.201392e-03
21080,	4.199375e-03
21081,	4.197359e-03
21082,	4.195344e-03
21083,	4.193330e-03
21084,	4.191316e-03
21085,	4.189303e-03
21086,	4.187291e-03
21087,	4.185280e-03
21088,	4.183270e-03
21089,	4.181260e-03
21090,	4.179252e-03
21091,	4.177244e-03
21092,	4.175237e-03
21093,	4.173231e-03
21094,	4.171226e-03
21095,	4.169221e-03
21096,	4.167217e-03
21097,	4.165214e-03
21098,	4.163212e-03
21099,	4.161211e-03
21100,	4.159211e-03
21101,	4.157211e-03
21102,	4.155213e-03
21103,	4.153215e-03
21104,	4.151218e-03
21105,	4.149221e-03
21106,	4.147226e-03
21107,	4.145232e-03
21108,	4.143238e-03
21109,	4.141245e-03
21110,	4.139253e-03
21111,	4.137262e-03
21112,	4.135271e-03
21113,	4.133282e-03
21114,	4.131293e-03
21115,	4.129305e-03
21116,	4.127318e-03
21117,	4.125332e-03
21118,	4.123347e-03
21119,	4.121362e-03
21120,	4.119379e-03
21121,	4.117396e-03
21122,	4.115414e-03
21123,	4.113433e-03
21124,	4.111453e-03
21125,	4.109473e-03
21126,	4.107495e-03
21127,	4.105517e-03
21128,	4.103540e-03
21129,	4.101564e-03
21130,	4.099589e-03
21131,	4.097614e-03
21132,	4.095641e-03
21133,	4.093668e-03
21134,	4.091696e-03
21135,	4.089725e-03
21136,	4.087755e-03
21137,	4.085786e-03
21138,	4.083817e-03
21139,	4.081850e-03
21140,	4.079883e-03
21141,	4.077917e-03
21142,	4.075952e-03
21143,	4.073988e-03
21144,	4.072024e-03
21145,	4.070062e-03
21146,	4.068100e-03
21147,	4.066139e-03
21148,	4.064179e-03
21149,	4.062220e-03
21150,	4.060262e-03
21151,	4.058305e-03
21152,	4.056348e-03
21153,	4.054392e-03
21154,	4.052437e-03
21155,	4.050483e-03
21156,	4.048530e-03
21157,	4.046578e-03
21158,	4.044626e-03
21159,	4.042676e-03
21160,	4.040726e-03
21161,	4.038777e-03
21162,	4.036829e-03
21163,	4.034882e-03
21164,	4.032935e-03
21165,	4.030990e-03
21166,	4.029045e-03
21167,	4.027101e-03
21168,	4.025158e-03
21169,	4.023216e-03
21170,	4.021275e-03
21171,	4.019335e-03
21172,	4.017395e-03
21173,	4.015456e-03
21174,	4.013518e-03
21175,	4.011581e-03
21176,	4.009645e-03
21177,	4.007710e-03
21178,	4.005776e-03
21179,	4.003842e-03
21180,	4.001909e-03
21181,	3.999977e-03
21182,	3.998046e-03
21183,	3.996116e-03
21184,	3.994187e-03
21185,	3.992258e-03
21186,	3.990331e-03
21187,	3.988404e-03
21188,	3.986478e-03
21189,	3.984553e-03
21190,	3.982629e-03
21191,	3.980705e-03
21192,	3.978783e-03
21193,	3.976861e-03
21194,	3.974940e-03
21195,	3.973021e-03
21196,	3.971101e-03
21197,	3.969183e-03
21198,	3.967266e-03
21199,	3.965349e-03
21200,	3.963434e-03
21201,	3.961519e-03
21202,	3.959605e-03
21203,	3.957692e-03
21204,	3.955779e-03
21205,	3.953868e-03
21206,	3.951957e-03
21207,	3.950048e-03
21208,	3.948139e-03
21209,	3.946231e-03
21210,	3.944324e-03
21211,	3.942417e-03
21212,	3.940512e-03
21213,	3.938607e-03
21214,	3.936703e-03
21215,	3.934801e-03
21216,	3.932898e-03
21217,	3.930997e-03
21218,	3.929097e-03
21219,	3.927197e-03
21220,	3.925299e-03
21221,	3.923401e-03
21222,	3.921504e-03
21223,	3.919608e-03
21224,	3.917713e-03
21225,	3.915818e-03
21226,	3.913925e-03
21227,	3.912032e-03
21228,	3.910140e-03
21229,	3.908249e-03
21230,	3.906359e-03
21231,	3.904470e-03
21232,	3.902581e-03
21233,	3.900694e-03
21234,	3.898807e-03
21235,	3.896921e-03
21236,	3.895036e-03
21237,	3.893152e-03
21238,	3.891268e-03
21239,	3.889386e-03
21240,	3.887504e-03
21241,	3.885623e-03
21242,	3.883743e-03
21243,	3.881864e-03
21244,	3.879986e-03
21245,	3.878109e-03
21246,	3.876232e-03
21247,	3.874356e-03
21248,	3.872481e-03
21249,	3.870607e-03
21250,	3.868734e-03
21251,	3.866862e-03
21252,	3.864990e-03
21253,	3.863120e-03
21254,	3.861250e-03
21255,	3.859381e-03
21256,	3.857513e-03
21257,	3.855646e-03
21258,	3.853779e-03
21259,	3.851914e-03
21260,	3.850049e-03
21261,	3.848185e-03
21262,	3.846322e-03
21263,	3.844460e-03
21264,	3.842598e-03
21265,	3.840738e-03
21266,	3.838878e-03
21267,	3.837019e-03
21268,	3.835161e-03
21269,	3.833304e-03
21270,	3.831448e-03
21271,	3.829592e-03
21272,	3.827738e-03
21273,	3.825884e-03
21274,	3.824031e-03
21275,	3.822179e-03
21276,	3.820328e-03
21277,	3.818477e-03
21278,	3.816628e-03
21279,	3.814779e-03
21280,	3.812931e-03
21281,	3.811084e-03
21282,	3.809238e-03
21283,	3.807393e-03
21284,	3.805548e-03
21285,	3.803704e-03
21286,	3.801862e-03
21287,	3.800019e-03
21288,	3.798178e-03
21289,	3.796338e-03
21290,	3.794498e-03
21291,	3.792660e-03
21292,	3.790822e-03
21293,	3.788985e-03
21294,	3.787149e-03
21295,	3.785314e-03
21296,	3.783479e-03
21297,	3.781645e-03
21298,	3.779813e-03
21299,	3.777981e-03
21300,	3.776150e-03
21301,	3.774319e-03
21302,	3.772490e-03
21303,	3.770661e-03
21304,	3.768833e-03
21305,	3.767006e-03
21306,	3.765180e-03
21307,	3.763355e-03
21308,	3.761530e-03
21309,	3.759707e-03
21310,	3.757884e-03
21311,	3.756062e-03
21312,	3.754241e-03
21313,	3.752421e-03
21314,	3.750601e-03
21315,	3.748782e-03
21316,	3.746965e-03
21317,	3.745148e-03
21318,	3.743332e-03
21319,	3.741516e-03
21320,	3.739702e-03
21321,	3.737888e-03
21322,	3.736075e-03
21323,	3.734263e-03
21324,	3.732452e-03
21325,	3.730642e-03
21326,	3.728832e-03
21327,	3.727024e-03
21328,	3.725216e-03
21329,	3.723409e-03
21330,	3.721602e-03
21331,	3.719797e-03
21332,	3.717992e-03
21333,	3.716189e-03
21334,	3.714386e-03
21335,	3.712584e-03
21336,	3.710782e-03
21337,	3.708982e-03
21338,	3.707182e-03
21339,	3.705384e-03
21340,	3.703586e-03
21341,	3.701789e-03
21342,	3.699992e-03
21343,	3.698197e-03
21344,	3.696402e-03
21345,	3.694608e-03
21346,	3.692815e-03
21347,	3.691023e-03
21348,	3.689232e-03
21349,	3.687441e-03
21350,	3.685651e-03
21351,	3.683862e-03
21352,	3.682074e-03
21353,	3.680287e-03
21354,	3.678501e-03
21355,	3.676715e-03
21356,	3.674930e-03
21357,	3.673146e-03
21358,	3.671363e-03
21359,	3.669581e-03
21360,	3.667799e-03
21361,	3.666018e-03
21362,	3.664238e-03
21363,	3.662459e-03
21364,	3.660681e-03
21365,	3.658903e-03
21366,	3.657127e-03
21367,	3.655351e-03
21368,	3.653576e-03
21369,	3.651802e-03
21370,	3.650028e-03
21371,	3.648256e-03
21372,	3.646484e-03
21373,	3.644713e-03
21374,	3.642943e-03
21375,	3.641174e-03
21376,	3.639405e-03
21377,	3.637637e-03
21378,	3.635870e-03
21379,	3.634104e-03
21380,	3.632339e-03
21381,	3.630575e-03
21382,	3.628811e-03
21383,	3.627048e-03
21384,	3.625286e-03
21385,	3.623525e-03
21386,	3.621764e-03
21387,	3.620005e-03
21388,	3.618246e-03
21389,	3.616488e-03
21390,	3.614731e-03
21391,	3.612974e-03
21392,	3.611219e-03
21393,	3.609464e-03
21394,	3.607710e-03
21395,	3.605957e-03
21396,	3.604204e-03
21397,	3.602453e-03
21398,	3.600702e-03
21399,	3.598952e-03
21400,	3.597203e-03
21401,	3.595455e-03
21402,	3.593707e-03
21403,	3.591960e-03
21404,	3.590215e-03
21405,	3.588469e-03
21406,	3.586725e-03
21407,	3.584982e-03
21408,	3.583239e-03
21409,	3.581497e-03
21410,	3.579756e-03
21411,	3.578015e-03
21412,	3.576276e-03
21413,	3.574537e-03
21414,	3.572799e-03
21415,	3.571062e-03
21416,	3.569326e-03
21417,	3.567590e-03
21418,	3.565856e-03
21419,	3.564122e-03
21420,	3.562388e-03
21421,	3.560656e-03
21422,	3.558925e-03
21423,	3.557194e-03
21424,	3.555464e-03
21425,	3.553735e-03
21426,	3.552006e-03
21427,	3.550279e-03
21428,	3.548552e-03
21429,	3.546826e-03
21430,	3.545101e-03
21431,	3.543376e-03
21432,	3.541653e-03
21433,	3.539930e-03
21434,	3.538208e-03
21435,	3.536487e-03
21436,	3.534766e-03
21437,	3.533046e-03
21438,	3.531328e-03
21439,	3.529609e-03
21440,	3.527892e-03
21441,	3.526176e-03
21442,	3.524460e-03
21443,	3.522745e-03
21444,	3.521031e-03
21445,	3.519317e-03
21446,	3.517605e-03
21447,	3.515893e-03
21448,	3.514182e-03
21449,	3.512472e-03
21450,	3.510762e-03
21451,	3.509054e-03
21452,	3.507346e-03
21453,	3.505639e-03
21454,	3.503933e-03
21455,	3.502227e-03
21456,	3.500522e-03
21457,	3.498818e-03
21458,	3.497115e-03
21459,	3.495413e-03
21460,	3.493711e-03
21461,	3.492010e-03
21462,	3.490310e-03
21463,	3.488611e-03
21464,	3.486913e-03
21465,	3.485215e-03
21466,	3.483518e-03
21467,	3.481822e-03
21468,	3.479485e-03
21469,	3.477811e-03
21470,	3.476137e-03
21471,	3.474465e-03
21472,	3.472793e-03
21473,	3.471121e-03
21474,	3.469450e-03
21475,	3.467780e-03
21476,	3.466110e-03
21477,	3.464441e-03
21478,	3.462772e-03
21479,	3.461104e-03
21480,	3.459437e-03
21481,	3.457770e-03
21482,	3.456104e-03
21483,	3.454439e-03
21484,	3.452774e-03
21485,	3.451109e-03
21486,	3.449446e-03
21487,	3.447782e-03
21488,	3.446120e-03
21489,	3.444458e-03
21490,	3.442797e-03
21491,	3.441136e-03
21492,	3.439476e-03
21493,	3.437816e-03
21494,	3.436157e-03
21495,	3.434499e-03
21496,	3.432841e-03
21497,	3.431184e-03
21498,	3.429527e-03
21499,	3.427872e-03
21500,	3.426216e-03
21501,	3.424562e-03
21502,	3.422907e-03
21503,	3.421254e-03
21504,	3.419601e-03
21505,	3.417949e-03
21506,	3.416297e-03
21507,	3.414646e-03
21508,	3.412996e-03
21509,	3.411346e-03
21510,	3.409697e-03
21511,	3.408048e-03
21512,	3.406400e-03
21513,	3.404753e-03
21514,	3.403106e-03
21515,	3.401460e-03
21516,	3.399814e-03
21517,	3.398169e-03
21518,	3.396525e-03
21519,	3.394881e-03
21520,	3.393238e-03
21521,	3.391596e-03
21522,	3.389954e-03
21523,	3.388313e-03
21524,	3.386672e-03
21525,	3.385032e-03
21526,	3.383393e-03
21527,	3.381754e-03
21528,	3.380116e-03
21529,	3.378479e-03
21530,	3.376842e-03
21531,	3.375206e-03
21532,	3.373570e-03
21533,	3.371935e-03
21534,	3.370301e-03
21535,	3.368667e-03
21536,	3.367034e-03
21537,	3.365402e-03
21538,	3.363770e-03
21539,	3.362139e-03
21540,	3.360509e-03
21541,	3.358879e-03
21542,	3.357249e-03
21543,	3.355621e-03
21544,	3.353993e-03
21545,	3.352366e-03
21546,	3.350739e-03
21547,	3.349113e-03
21548,	3.347487e-03
21549,	3.345863e-03
21550,	3.344239e-03
21551,	3.342615e-03
21552,	3.340992e-03
21553,	3.339370e-03
21554,	3.337748e-03
21555,	3.336127e-03
21556,	3.334507e-03
21557,	3.332887e-03
21558,	3.331268e-03
21559,	3.329650e-03
21560,	3.328032e-03
21561,	3.326415e-03
21562,	3.324799e-03
21563,	3.323183e-03
21564,	3.321568e-03
21565,	3.319953e-03
21566,	3.318340e-03
21567,	3.316726e-03
21568,	3.315114e-03
21569,	3.313502e-03
21570,	3.311891e-03
21571,	3.310280e-03
21572,	3.308670e-03
21573,	3.307061e-03
21574,	3.305452e-03
21575,	3.303844e-03
21576,	3.302237e-03
21577,	3.300630e-03
21578,	3.299024e-03
21579,	3.297419e-03
21580,	3.295814e-03
21581,	3.294210e-03
21582,	3.292607e-03
21583,	3.291004e-03
21584,	3.289402e-03
21585,	3.287800e-03
21586,	3.286200e-03
21587,	3.284599e-03
21588,	3.283000e-03
21589,	3.281401e-03
21590,	3.279803e-03
21591,	3.278205e-03
21592,	3.276609e-03
21593,	3.275012e-03
21594,	3.273417e-03
21595,	3.271822e-03
21596,	3.270228e-03
21597,	3.268634e-03
21598,	3.267041e-03
21599,	3.265449e-03
21600,	3.263857e-03
21601,	3.262266e-03
21602,	3.260676e-03
21603,	3.259087e-03
21604,	3.257498e-03
21605,	3.255909e-03
21606,	3.254322e-03
21607,	3.252735e-03
21608,	3.251148e-03
21609,	3.249563e-03
21610,	3.247978e-03
21611,	3.246393e-03
21612,	3.244810e-03
21613,	3.243227e-03
21614,	3.241644e-03
21615,	3.240063e-03
21616,	3.238482e-03
21617,	3.236901e-03
21618,	3.235322e-03
21619,	3.233743e-03
21620,	3.232164e-03
21621,	3.230587e-03
21622,	3.229010e-03
21623,	3.227433e-03
21624,	3.225858e-03
21625,	3.224283e-03
21626,	3.222708e-03
21627,	3.221135e-03
21628,	3.219562e-03
21629,	3.217989e-03
21630,	3.216417e-03
21631,	3.214846e-03
21632,	3.213276e-03
21633,	3.211706e-03
21634,	3.210137e-03
21635,	3.208569e-03
21636,	3.207001e-03
21637,	3.205434e-03
21638,	3.203868e-03
21639,	3.202302e-03
21640,	3.200737e-03
21641,	3.199173e-03
21642,	3.197609e-03
21643,	3.196046e-03
21644,	3.194483e-03
21645,	3.192922e-03
21646,	3.191361e-03
21647,	3.189800e-03
21648,	3.188241e-03
21649,	3.186682e-03
21650,	3.185123e-03
21651,	3.183565e-03
21652,	3.182008e-03
21653,	3.180452e-03
21654,	3.178896e-03
21655,	3.177341e-03
21656,	3.175787e-03
21657,	3.174233e-03
21658,	3.172680e-03
21659,	3.171128e-03
21660,	3.169576e-03
21661,	3.168025e-03
21662,	3.166475e-03
21663,	3.164925e-03
21664,	3.163376e-03
21665,	3.161828e-03
21666,	3.160280e-03
21667,	3.158733e-03
21668,	3.157186e-03
21669,	3.155641e-03
21670,	3.154096e-03
21671,	3.152551e-03
21672,	3.151008e-03
21673,	3.149465e-03
21674,	3.147922e-03
21675,	3.146380e-03
21676,	3.144839e-03
21677,	3.143299e-03
21678,	3.141759e-03
21679,	3.140220e-03
21680,	3.138682e-03
21681,	3.137144e-03
21682,	3.135607e-03
21683,	3.134071e-03
21684,	3.132535e-03
21685,	3.131000e-03
21686,	3.129466e-03
21687,	3.127932e-03
21688,	3.126399e-03
21689,	3.124867e-03
21690,	3.123335e-03
21691,	3.121804e-03
21692,	3.120274e-03
21693,	3.118744e-03
21694,	3.117215e-03
21695,	3.115686e-03
21696,	3.114159e-03
21697,	3.112632e-03
21698,	3.111105e-03
21699,	3.109580e-03
21700,	3.108055e-03
21701,	3.106530e-03
21702,	3.105006e-03
21703,	3.103483e-03
21704,	3.101961e-03
21705,	3.100439e-03
21706,	3.098918e-03
21707,	3.097398e-03
21708,	3.095878e-03
21709,	3.094359e-03
21710,	3.092841e-03
21711,	3.091323e-03
21712,	3.089806e-03
21713,	3.088289e-03
21714,	3.086774e-03
21715,	3.085259e-03
21716,	3.083744e-03
21717,	3.082231e-03
21718,	3.080717e-03
21719,	3.079205e-03
21720,	3.077693e-03
21721,	3.076182e-03
21722,	3.074672e-03
21723,	3.073162e-03
21724,	3.071653e-03
21725,	3.070144e-03
21726,	3.068637e-03
21727,	3.067130e-03
21728,	3.065623e-03
21729,	3.064117e-03
21730,	3.062612e-03
21731,	3.061108e-03
21732,	3.059604e-03
21733,	3.058101e-03
21734,	3.056598e-03
21735,	3.055097e-03
21736,	3.053595e-03
21737,	3.052095e-03
21738,	3.050595e-03
21739,	3.049096e-03
21740,	3.047597e-03
21741,	3.046100e-03
21742,	3.044602e-03
21743,	3.043106e-03
21744,	3.041610e-03
21745,	3.040115e-03
21746,	3.038620e-03
21747,	3.037126e-03
21748,	3.035633e-03
21749,	3.034141e-03
21750,	3.032649e-03
21751,	3.031157e-03
21752,	3.029667e-03
21753,	3.028177e-03
21754,	3.026688e-03
21755,	3.025199e-03
21756,	3.023711e-03
21757,	3.022224e-03
21758,	3.020737e-03
21759,	3.019251e-03
21760,	3.017766e-03
21761,	3.016281e-03
21762,	3.014797e-03
21763,	3.013314e-03
21764,	3.011831e-03
21765,	3.010349e-03
21766,	3.008868e-03
21767,	3.007387e-03
21768,	3.005907e-03
21769,	3.004428e-03
21770,	3.002949e-03
21771,	3.001471e-03
21772,	2.999993e-03
21773,	2.998517e-03
21774,	2.997040e-03
21775,	2.995565e-03
21776,	2.994090e-03
21777,	2.992616e-03
21778,	2.991142e-03
21779,	2.989670e-03
21780,	2.988197e-03
21781,	2.986726e-03
21782,	2.985255e-03
21783,	2.983785e-03
21784,	2.982315e-03
21785,	2.980846e-03
21786,	2.979378e-03
21787,	2.977910e-03
21788,	2.976443e-03
21789,	2.974977e-03
21790,	2.973511e-03
21791,	2.972046e-03
21792,	2.970582e-03
21793,	2.969118e-03
21794,	2.967655e-03
21795,	2.966193e-03
21796,	2.964731e-03
21797,	2.963270e-03
21798,	2.961810e-03
21799,	2.960350e-03
21800,	2.958891e-03
21801,	2.957432e-03
21802,	2.955974e-03
21803,	2.954517e-03
21804,	2.953060e-03
21805,	2.951605e-03
21806,	2.950149e-03
21807,	2.948695e-03
21808,	2.947241e-03
21809,	2.945787e-03
21810,	2.944335e-03
21811,	2.942883e-03
21812,	2.941431e-03
21813,	2.939981e-03
21814,	2.938531e-03
21815,	2.937081e-03
21816,	2.935632e-03
21817,	2.934184e-03
21818,	2.932737e-03
21819,	2.931290e-03
21820,	2.929844e-03
21821,	2.928398e-03
21822,	2.926953e-03
21823,	2.925509e-03
21824,	2.924065e-03
21825,	2.922623e-03
21826,	2.921180e-03
21827,	2.919739e-03
21828,	2.918298e-03
21829,	2.916857e-03
21830,	2.915417e-03
21831,	2.913978e-03
21832,	2.912540e-03
21833,	2.911102e-03
21834,	2.909665e-03
21835,	2.908228e-03
21836,	2.906792e-03
21837,	2.905357e-03
21838,	2.903923e-03
21839,	2.902489e-03
21840,	2.901055e-03
21841,	2.899623e-03
21842,	2.898191e-03
21843,	2.896759e-03
21844,	2.895329e-03
21845,	2.893898e-03
21846,	2.892469e-03
21847,	2.891040e-03
21848,	2.889612e-03
21849,	2.888184e-03
21850,	2.886758e-03
21851,	2.885331e-03
21852,	2.883906e-03
21853,	2.882481e-03
21854,	2.881056e-03
21855,	2.879633e-03
21856,	2.878210e-03
21857,	2.876787e-03
21858,	2.875365e-03
21859,	2.873944e-03
21860,	2.872524e-03
21861,	2.871104e-03
21862,	2.869685e-03
21863,	2.868266e-03
21864,	2.866848e-03
21865,	2.865431e-03
21866,	2.864014e-03
21867,	2.862598e-03
21868,	2.861182e-03
21869,	2.859768e-03
21870,	2.858354e-03
21871,	2.856940e-03
21872,	2.855527e-03
21873,	2.854115e-03
21874,	2.852703e-03
21875,	2.851292e-03
21876,	2.849882e-03
21877,	2.848472e-03
21878,	2.847063e-03
21879,	2.845655e-03
21880,	2.844247e-03
21881,	2.842840e-03
21882,	2.841433e-03
21883,	2.840027e-03
21884,	2.838622e-03
21885,	2.837217e-03
21886,	2.835813e-03
21887,	2.834410e-03
21888,	2.833007e-03
21889,	2.831605e-03
21890,	2.830203e-03
21891,	2.828803e-03
21892,	2.827402e-03
21893,	2.826003e-03
21894,	2.824604e-03
21895,	2.823205e-03
21896,	2.821808e-03
21897,	2.820410e-03
21898,	2.819014e-03
21899,	2.817618e-03
21900,	2.816223e-03
21901,	2.814828e-03
21902,	2.813434e-03
21903,	2.812041e-03
21904,	2.810648e-03
21905,	2.809256e-03
21906,	2.807865e-03
21907,	2.806474e-03
21908,	2.805084e-03
21909,	2.803694e-03
21910,	2.802305e-03
21911,	2.800917e-03
21912,	2.799529e-03
21913,	2.798142e-03
21914,	2.796756e-03
21915,	2.795370e-03
21916,	2.793985e-03
21917,	2.792600e-03
21918,	2.791216e-03
21919,	2.789833e-03
21920,	2.788450e-03
21921,	2.787068e-03
21922,	2.785686e-03
21923,	2.784306e-03
21924,	2.782925e-03
21925,	2.781546e-03
21926,	2.780167e-03
21927,	2.778788e-03
21928,	2.777411e-03
21929,	2.776033e-03
21930,	2.774657e-03
21931,	2.773281e-03
21932,	2.771906e-03
21933,	2.770531e-03
21934,	2.769157e-03
21935,	2.767784e-03
21936,	2.766411e-03
21937,	2.765039e-03
21938,	2.763667e-03
21939,	2.762296e-03
21940,	2.760926e-03
21941,	2.759556e-03
21942,	2.758187e-03
21943,	2.756819e-03
21944,	2.755451e-03
21945,	2.754084e-03
21946,	2.752717e-03
21947,	2.751351e-03
21948,	2.749986e-03
21949,	2.748621e-03
21950,	2.747257e-03
21951,	2.745893e-03
21952,	2.744530e-03
21953,	2.743168e-03
21954,	2.741806e-03
21955,	2.740445e-03
21956,	2.739085e-03
21957,	2.737725e-03
21958,	2.736366e-03
21959,	2.735007e-03
21960,	2.733649e-03
21961,	2.732292e-03
21962,	2.730935e-03
21963,	2.729579e-03
21964,	2.728223e-03
21965,	2.726868e-03
21966,	2.725514e-03
21967,	2.724160e-03
21968,	2.722807e-03
21969,	2.721454e-03
21970,	2.720103e-03
21971,	2.718751e-03
21972,	2.717401e-03
21973,	2.716051e-03
21974,	2.714701e-03
21975,	2.713352e-03
21976,	2.712004e-03
21977,	2.710656e-03
21978,	2.709309e-03
21979,	2.707963e-03
21980,	2.706617e-03
21981,	2.705272e-03
21982,	2.703927e-03
21983,	2.702583e-03
21984,	2.701240e-03
21985,	2.699897e-03
21986,	2.698555e-03
21987,	2.697213e-03
21988,	2.695872e-03
21989,	2.694532e-03
21990,	2.693192e-03
21991,	2.691853e-03
21992,	2.690515e-03
21993,	2.689177e-03
21994,	2.687839e-03
21995,	2.686502e-03
21996,	2.685166e-03
21997,	2.683831e-03
21998,	2.682496e-03
21999,	2.681162e-03
22000,	2.679828e-03
22001,	2.678495e-03
22002,	2.677162e-03
22003,	2.675830e-03
22004,	2.674499e-03
22005,	2.673168e-03
22006,	2.671838e-03
22007,	2.670509e-03
22008,	2.669180e-03
22009,	2.667851e-03
22010,	2.666524e-03
22011,	2.665197e-03
22012,	2.663870e-03
22013,	2.662544e-03
22014,	2.661219e-03
22015,	2.659894e-03
22016,	2.658570e-03
22017,	2.657246e-03
22018,	2.655924e-03
22019,	2.654601e-03
22020,	2.653279e-03
22021,	2.651958e-03
22022,	2.650638e-03
22023,	2.649318e-03
22024,	2.647998e-03
22025,	2.646680e-03
22026,	2.645362e-03
22027,	2.644044e-03
22028,	2.642727e-03
22029,	2.641411e-03
22030,	2.640095e-03
22031,	2.638780e-03
22032,	2.637465e-03
22033,	2.636151e-03
22034,	2.634838e-03
22035,	2.633525e-03
22036,	2.632213e-03
22037,	2.630901e-03
22038,	2.629590e-03
22039,	2.628280e-03
22040,	2.626970e-03
22041,	2.625661e-03
22042,	2.624352e-03
22043,	2.623044e-03
22044,	2.621736e-03
22045,	2.620429e-03
22046,	2.619123e-03
22047,	2.617817e-03
22048,	2.616512e-03
22049,	2.615208e-03
22050,	2.613904e-03
22051,	2.612600e-03
22052,	2.611298e-03
22053,	2.609995e-03
22054,	2.608694e-03
22055,	2.607393e-03
22056,	2.606092e-03
22057,	2.604793e-03
22058,	2.603493e-03
22059,	2.602195e-03
22060,	2.600897e-03
22061,	2.599599e-03
22062,	2.598302e-03
22063,	2.597006e-03
22064,	2.595710e-03
22065,	2.594415e-03
22066,	2.593121e-03
22067,	2.591827e-03
22068,	2.590533e-03
22069,	2.589240e-03
22070,	2.587948e-03
22071,	2.586657e-03
22072,	2.585366e-03
22073,	2.584075e-03
22074,	2.582785e-03
22075,	2.581496e-03
22076,	2.580207e-03
22077,	2.578919e-03
22078,	2.577632e-03
22079,	2.576345e-03
22080,	2.575058e-03
22081,	2.573772e-03
22082,	2.572487e-03
22083,	2.571202e-03
22084,	2.569918e-03
22085,	2.568635e-03
22086,	2.567352e-03
22087,	2.566070e-03
22088,	2.564788e-03
22089,	2.563507e-03
22090,	2.562226e-03
22091,	2.560946e-03
22092,	2.559667e-03
22093,	2.558388e-03
22094,	2.557110e-03
22095,	2.555832e-03
22096,	2.554555e-03
22097,	2.553278e-03
22098,	2.552002e-03
22099,	2.550727e-03
22100,	2.549452e-03
22101,	2.548178e-03
22102,	2.546904e-03
22103,	2.545631e-03
22104,	2.544359e-03
22105,	2.543087e-03
22106,	2.541815e-03
22107,	2.540544e-03
22108,	2.539274e-03
22109,	2.538005e-03
22110,	2.536736e-03
22111,	2.535467e-03
22112,	2.534199e-03
22113,	2.532932e-03
22114,	2.531665e-03
22115,	2.530399e-03
22116,	2.529133e-03
22117,	2.527868e-03
22118,	2.526604e-03
22119,	2.525340e-03
22120,	2.524076e-03
22121,	2.522814e-03
22122,	2.521551e-03
22123,	2.520290e-03
22124,	2.519029e-03
22125,	2.517768e-03
22126,	2.516508e-03
22127,	2.515249e-03
22128,	2.513990e-03
22129,	2.512732e-03
22130,	2.511474e-03
22131,	2.510217e-03
22132,	2.508961e-03
22133,	2.507705e-03
22134,	2.506449e-03
22135,	2.505195e-03
22136,	2.503940e-03
22137,	2.502687e-03
22138,	2.501434e-03
22139,	2.500181e-03
22140,	2.498929e-03
22141,	2.497678e-03
22142,	2.496427e-03
22143,	2.495177e-03
22144,	2.493927e-03
22145,	2.492678e-03
22146,	2.491429e-03
22147,	2.490181e-03
22148,	2.488934e-03
22149,	2.487687e-03
22150,	2.486440e-03
22151,	2.485195e-03
22152,	2.483949e-03
22153,	2.482705e-03
22154,	2.481461e-03
22155,	2.480217e-03
22156,	2.478974e-03
22157,	2.477732e-03
22158,	2.476490e-03
22159,	2.475249e-03
22160,	2.474008e-03
22161,	2.472768e-03
22162,	2.471528e-03
22163,	2.470289e-03
22164,	2.469051e-03
22165,	2.467813e-03
22166,	2.466576e-03
22167,	2.465339e-03
22168,	2.464103e-03
22169,	2.462867e-03
22170,	2.461632e-03
22171,	2.460397e-03
22172,	2.459163e-03
22173,	2.457930e-03
22174,	2.456697e-03
22175,	2.455465e-03
22176,	2.454233e-03
22177,	2.453002e-03
22178,	2.451771e-03
22179,	2.450541e-03
22180,	2.449311e-03
22181,	2.448083e-03
22182,	2.446854e-03
22183,	2.445626e-03
22184,	2.444399e-03
22185,	2.443172e-03
22186,	2.441946e-03
22187,	2.440720e-03
22188,	2.439495e-03
22189,	2.438271e-03
22190,	2.437047e-03
22191,	2.435823e-03
22192,	2.434600e-03
22193,	2.433378e-03
22194,	2.432156e-03
22195,	2.430935e-03
22196,	2.429714e-03
22197,	2.428494e-03
22198,	2.427275e-03
22199,	2.426056e-03
22200,	2.424837e-03
22201,	2.423619e-03
22202,	2.422402e-03
22203,	2.421185e-03
22204,	2.419969e-03
22205,	2.418753e-03
22206,	2.417538e-03
22207,	2.416323e-03
22208,	2.415109e-03
22209,	2.413896e-03
22210,	2.412683e-03
22211,	2.411470e-03
22212,	2.410259e-03
22213,	2.409047e-03
22214,	2.407836e-03
22215,	2.406626e-03
22216,	2.405417e-03
22217,	2.404207e-03
22218,	2.402999e-03
22219,	2.401791e-03
22220,	2.400583e-03
22221,	2.399376e-03
22222,	2.398170e-03
22223,	2.396964e-03
22224,	2.395759e-03
22225,	2.394554e-03
22226,	2.393350e-03
22227,	2.392146e-03
22228,	2.390943e-03
22229,	2.389740e-03
22230,	2.388538e-03
22231,	2.387337e-03
22232,	2.386136e-03
22233,	2.384936e-03
22234,	2.383736e-03
22235,	2.382536e-03
22236,	2.381338e-03
22237,	2.380139e-03
22238,	2.378942e-03
22239,	2.377744e-03
22240,	2.376548e-03
22241,	2.375352e-03
22242,	2.374156e-03
22243,	2.372961e-03
22244,	2.371767e-03
22245,	2.370573e-03
22246,	2.369380e-03
22247,	2.368187e-03
22248,	2.366994e-03
22249,	2.365803e-03
22250,	2.364611e-03
22251,	2.363421e-03
22252,	2.362231e-03
22253,	2.361041e-03
22254,	2.359852e-03
22255,	2.358663e-03
22256,	2.357475e-03
22257,	2.356288e-03
22258,	2.355101e-03
22259,	2.353915e-03
22260,	2.352729e-03
22261,	2.351544e-03
22262,	2.350359e-03
22263,	2.349175e-03
22264,	2.347991e-03
22265,	2.346808e-03
22266,	2.345625e-03
22267,	2.344443e-03
22268,	2.343262e-03
22269,	2.342081e-03
22270,	2.340900e-03
22271,	2.339720e-03
22272,	2.338541e-03
22273,	2.337362e-03
22274,	2.336184e-03
22275,	2.335006e-03
22276,	2.333828e-03
22277,	2.332652e-03
22278,	2.331475e-03
22279,	2.330300e-03
22280,	2.329125e-03
22281,	2.327950e-03
22282,	2.326776e-03
22283,	2.325602e-03
22284,	2.324429e-03
22285,	2.323257e-03
22286,	2.322085e-03
22287,	2.320914e-03
22288,	2.319743e-03
22289,	2.318572e-03
22290,	2.317402e-03
22291,	2.316233e-03
22292,	2.315064e-03
22293,	2.313896e-03
22294,	2.312728e-03
22295,	2.311561e-03
22296,	2.310395e-03
22297,	2.309228e-03
22298,	2.308063e-03
22299,	2.306898e-03
22300,	2.305733e-03
22301,	2.304569e-03
22302,	2.303406e-03
22303,	2.302243e-03
22304,	2.301080e-03
22305,	2.299918e-03
22306,	2.298757e-03
22307,	2.297596e-03
22308,	2.296436e-03
22309,	2.295276e-03
22310,	2.294117e-03
22311,	2.292958e-03
22312,	2.291800e-03
22313,	2.290642e-03
22314,	2.289485e-03
22315,	2.288328e-03
22316,	2.287172e-03
22317,	2.286016e-03
22318,	2.284861e-03
22319,	2.283707e-03
22320,	2.282553e-03
22321,	2.281399e-03
22322,	2.280246e-03
22323,	2.279094e-03
22324,	2.277942e-03
22325,	2.276790e-03
22326,	2.275639e-03
22327,	2.274489e-03
22328,	2.273339e-03
22329,	2.272190e-03
22330,	2.271041e-03
22331,	2.269893e-03
22332,	2.268745e-03
22333,	2.267598e-03
22334,	2.266451e-03
22335,	2.265305e-03
22336,	2.264159e-03
22337,	2.263014e-03
22338,	2.261869e-03
22339,	2.260725e-03
22340,	2.259581e-03
22341,	2.258438e-03
22342,	2.257296e-03
22343,	2.256154e-03
22344,	2.255012e-03
22345,	2.253871e-03
22346,	2.252730e-03
22347,	2.251590e-03
22348,	2.250451e-03
22349,	2.249312e-03
22350,	2.248174e-03
22351,	2.247036e-03
22352,	2.245898e-03
22353,	2.244761e-03
22354,	2.243625e-03
22355,	2.242489e-03
22356,	2.241354e-03
22357,	2.240219e-03
22358,	2.239084e-03
22359,	2.237951e-03
22360,	2.236817e-03
22361,	2.235685e-03
22362,	2.234552e-03
22363,	2.233421e-03
22364,	2.232289e-03
22365,	2.231159e-03
22366,	2.230028e-03
22367,	2.228899e-03
22368,	2.227769e-03
22369,	2.226641e-03
22370,	2.225028e-03
22371,	2.223915e-03
22372,	2.222803e-03
22373,	2.221691e-03
22374,	2.220579e-03
22375,	2.219468e-03
22376,	2.218358e-03
22377,	2.217247e-03
22378,	2.216138e-03
22379,	2.215028e-03
22380,	2.213919e-03
22381,	2.212810e-03
22382,	2.211702e-03
22383,	2.210594e-03
22384,	2.209487e-03
22385,	2.208380e-03
22386,	2.207273e-03
22387,	2.206167e-03
22388,	2.205061e-03
22389,	2.203955e-03
22390,	2.202850e-03
22391,	2.201746e-03
22392,	2.200641e-03
22393,	2.199537e-03
22394,	2.198434e-03
22395,	2.197331e-03
22396,	2.196228e-03
22397,	2.195125e-03
22398,	2.194023e-03
22399,	2.192922e-03
22400,	2.191821e-03
22401,	2.190720e-03
22402,	2.189619e-03
22403,	2.188519e-03
22404,	2.187420e-03
22405,	2.186320e-03
22406,	2.185222e-03
22407,	2.184123e-03
22408,	2.183025e-03
22409,	2.181927e-03
22410,	2.180830e-03
22411,	2.179733e-03
22412,	2.178637e-03
22413,	2.177541e-03
22414,	2.176445e-03
22415,	2.175349e-03
22416,	2.174255e-03
22417,	2.173160e-03
22418,	2.172066e-03
22419,	2.170972e-03
22420,	2.169879e-03
22421,	2.168786e-03
22422,	2.167693e-03
22423,	2.166601e-03
22424,	2.165509e-03
22425,	2.164418e-03
22426,	2.163327e-03
22427,	2.162236e-03
22428,	2.161146e-03
22429,	2.160056e-03
22430,	2.158967e-03
22431,	2.157878e-03
22432,	2.156790e-03
22433,	2.155701e-03
22434,	2.154614e-03
22435,	2.153526e-03
22436,	2.152439e-03
22437,	2.151353e-03
22438,	2.150267e-03
22439,	2.149181e-03
22440,	2.148096e-03
22441,	2.147011e-03
22442,	2.145926e-03
22443,	2.144842e-03
22444,	2.143758e-03
22445,	2.142675e-03
22446,	2.141592e-03
22447,	2.140510e-03
22448,	2.139428e-03
22449,	2.138346e-03
22450,	2.137265e-03
22451,	2.136184e-03
22452,	2.135104e-03
22453,	2.134024e-03
22454,	2.132944e-03
22455,	2.131865e-03
22456,	2.130786e-03
22457,	2.129708e-03
22458,	2.128630e-03
22459,	2.127552e-03
22460,	2.126475e-03
22461,	2.125398e-03
22462,	2.124322e-03
22463,	2.123246e-03
22464,	2.122171e-03
22465,	2.121096e-03
22466,	2.120021e-03
22467,	2.118947e-03
22468,	2.117873e-03
22469,	2.116800e-03
22470,	2.115727e-03
22471,	2.114655e-03
22472,	2.113583e-03
22473,	2.112511e-03
22474,	2.111440e-03
22475,	2.110369e-03
22476,	2.109299e-03
22477,	2.108229e-03
22478,	2.107159e-03
22479,	2.106090e-03
22480,	2.105022e-03
22481,	2.103953e-03
22482,	2.102885e-03
22483,	2.101818e-03
22484,	2.100751e-03
22485,	2.099685e-03
22486,	2.098618e-03
22487,	2.097553e-03
22488,	2.096488e-03
22489,	2.095423e-03
22490,	2.094358e-03
22491,	2.093294e-03
22492,	2.092231e-03
22493,	2.091168e-03
22494,	2.090105e-03
22495,	2.089043e-03
22496,	2.087981e-03
22497,	2.086920e-03
22498,	2.085859e-03
22499,	2.084798e-03
22500,	2.083738e-03
22501,	2.082678e-03
22502,	2.081619e-03
22503,	2.080560e-03
22504,	2.079502e-03
22505,	2.078444e-03
22506,	2.077387e-03
22507,	2.076329e-03
22508,	2.075273e-03
22509,	2.074217e-03
22510,	2.073161e-03
22511,	2.072106e-03
22512,	2.071051e-03
22513,	2.069996e-03
22514,	2.068942e-03
22515,	2.067889e-03
22516,	2.066835e-03
22517,	2.065783e-03
22518,	2.064731e-03
22519,	2.063679e-03
22520,	2.062627e-03
22521,	2.061576e-03
22522,	2.060526e-03
22523,	2.059476e-03
22524,	2.058426e-03
22525,	2.057377e-03
22526,	2.056328e-03
22527,	2.055280e-03
22528,	2.054232e-03
22529,	2.053184e-03
22530,	2.052137e-03
22531,	2.051091e-03
22532,	2.050045e-03
22533,	2.048999e-03
22534,	2.047954e-03
22535,	2.046909e-03
22536,	2.045865e-03
22537,	2.044821e-03
22538,	2.043777e-03
22539,	2.042734e-03
22540,	2.041691e-03
22541,	2.040649e-03
22542,	2.039608e-03
22543,	2.038566e-03
22544,	2.037525e-03
22545,	2.036485e-03
22546,	2.035445e-03
22547,	2.034406e-03
22548,	2.033366e-03
22549,	2.032328e-03
22550,	2.031290e-03
22551,	2.030252e-03
22552,	2.029215e-03
22553,	2.028178e-03
22554,	2.027141e-03
22555,	2.026105e-03
22556,	2.025070e-03
22557,	2.024035e-03
22558,	2.023000e-03
22559,	2.021966e-03
22560,	2.020932e-03
22561,	2.019899e-03
22562,	2.018866e-03
22563,	2.017833e-03
22564,	2.016801e-03
22565,	2.015770e-03
22566,	2.014739e-03
22567,	2.013708e-03
22568,	2.012678e-03
22569,	2.011648e-03
22570,	2.010619e-03
22571,	2.009590e-03
22572,	2.008561e-03
22573,	2.007533e-03
22574,	2.006506e-03
22575,	2.005479e-03
22576,	2.004452e-03
22577,	2.003426e-03
22578,	2.002400e-03
22579,	2.001375e-03
22580,	2.000350e-03
22581,	1.999326e-03
22582,	1.998302e-03
22583,	1.997278e-03
22584,	1.996255e-03
22585,	1.995232e-03
22586,	1.994210e-03
22587,	1.993188e-03
22588,	1.992167e-03
22589,	1.991146e-03
22590,	1.990126e-03
22591,	1.989106e-03
22592,	1.988086e-03
22593,	1.987067e-03
22594,	1.986048e-03
22595,	1.985030e-03
22596,	1.984013e-03
22597,	1.982995e-03
22598,	1.981978e-03
22599,	1.980962e-03
22600,	1.979946e-03
22601,	1.978930e-03
22602,	1.977915e-03
22603,	1.976901e-03
22604,	1.975887e-03
22605,	1.974873e-03
22606,	1.973860e-03
22607,	1.972847e-03
22608,	1.971834e-03
22609,	1.970822e-03
22610,	1.969811e-03
22611,	1.968800e-03
22612,	1.967789e-03
22613,	1.966779e-03
22614,	1.965769e-03
22615,	1.964760e-03
22616,	1.963751e-03
22617,	1.962743e-03
22618,	1.961735e-03
22619,	1.960727e-03
22620,	1.959720e-03
22621,	1.958714e-03
22622,	1.957707e-03
22623,	1.956702e-03
22624,	1.955696e-03
22625,	1.954691e-03
22626,	1.953687e-03
22627,	1.952683e-03
22628,	1.951679e-03
22629,	1.950676e-03
22630,	1.949674e-03
22631,	1.948671e-03
22632,	1.947670e-03
22633,	1.946668e-03
22634,	1.945667e-03
22635,	1.944667e-03
22636,	1.943667e-03
22637,	1.942667e-03
22638,	1.941668e-03
22639,	1.940669e-03
22640,	1.939671e-03
22641,	1.938673e-03
22642,	1.937676e-03
22643,	1.936679e-03
22644,	1.935682e-03
22645,	1.934686e-03
22646,	1.933691e-03
22647,	1.932696e-03
22648,	1.931701e-03
22649,	1.930707e-03
22650,	1.929713e-03
22651,	1.928719e-03
22652,	1.927726e-03
22653,	1.926734e-03
22654,	1.925742e-03
22655,	1.924750e-03
22656,	1.923759e-03
22657,	1.922768e-03
22658,	1.921778e-03
22659,	1.920788e-03
22660,	1.919798e-03
22661,	1.918809e-03
22662,	1.917821e-03
22663,	1.916833e-03
22664,	1.915845e-03
22665,	1.914858e-03
22666,	1.913871e-03
22667,	1.912884e-03
22668,	1.911898e-03
22669,	1.910913e-03
22670,	1.909928e-03
22671,	1.908943e-03
22672,	1.907959e-03
22673,	1.906975e-03
22674,	1.905992e-03
22675,	1.905009e-03
22676,	1.904027e-03
22677,	1.903045e-03
22678,	1.902063e-03
22679,	1.901082e-03
22680,	1.900101e-03
22681,	1.899121e-03
22682,	1.898141e-03
22683,	1.897162e-03
22684,	1.896183e-03
22685,	1.895205e-03
22686,	1.894227e-03
22687,	1.893249e-03
22688,	1.892272e-03
22689,	1.891295e-03
22690,	1.890319e-03
22691,	1.889343e-03
22692,	1.888368e-03
22693,	1.887393e-03
22694,	1.886418e-03
22695,	1.885444e-03
22696,	1.884470e-03
22697,	1.883497e-03
22698,	1.882524e-03
22699,	1.881552e-03
22700,	1.880580e-03
22701,	1.879609e-03
22702,	1.878638e-03
22703,	1.877667e-03
22704,	1.876697e-03
22705,	1.875727e-03
22706,	1.874758e-03
22707,	1.873789e-03
22708,	1.872821e-03
22709,	1.871853e-03
22710,	1.870885e-03
22711,	1.869918e-03
22712,	1.868951e-03
22713,	1.867985e-03
22714,	1.867019e-03
22715,	1.866054e-03
22716,	1.865089e-03
22717,	1.864125e-03
22718,	1.863161e-03
22719,	1.862197e-03
22720,	1.861234e-03
22721,	1.860271e-03
22722,	1.859309e-03
22723,	1.858347e-03
22724,	1.857386e-03
22725,	1.856425e-03
22726,	1.855464e-03
22727,	1.854504e-03
22728,	1.853544e-03
22729,	1.852585e-03
22730,	1.851626e-03
22731,	1.850668e-03
22732,	1.849710e-03
22733,	1.848752e-03
22734,	1.847795e-03
22735,	1.846839e-03
22736,	1.845882e-03
22737,	1.844927e-03
22738,	1.843971e-03
22739,	1.843017e-03
22740,	1.842062e-03
22741,	1.841108e-03
22742,	1.840154e-03
22743,	1.839201e-03
22744,	1.838249e-03
22745,	1.837296e-03
22746,	1.836344e-03
22747,	1.835393e-03
22748,	1.834442e-03
22749,	1.833491e-03
22750,	1.832541e-03
22751,	1.831592e-03
22752,	1.830642e-03
22753,	1.829694e-03
22754,	1.828745e-03
22755,	1.827797e-03
22756,	1.826850e-03
22757,	1.825903e-03
22758,	1.824956e-03
22759,	1.824010e-03
22760,	1.823064e-03
22761,	1.822119e-03
22762,	1.821174e-03
22763,	1.820229e-03
22764,	1.819285e-03
22765,	1.818341e-03
22766,	1.817398e-03
22767,	1.816455e-03
22768,	1.815513e-03
22769,	1.814571e-03
22770,	1.813630e-03
22771,	1.812689e-03
22772,	1.811748e-03
22773,	1.810808e-03
22774,	1.809868e-03
22775,	1.808929e-03
22776,	1.807990e-03
22777,	1.807051e-03
22778,	1.806113e-03
22779,	1.805176e-03
22780,	1.804239e-03
22781,	1.803302e-03
22782,	1.802366e-03
22783,	1.801430e-03
22784,	1.800494e-03
22785,	1.799559e-03
22786,	1.798625e-03
22787,	1.797690e-03
22788,	1.796757e-03
22789,	1.795823e-03
22790,	1.794891e-03
22791,	1.793958e-03
22792,	1.793026e-03
22793,	1.792095e-03
22794,	1.791163e-03
22795,	1.790233e-03
22796,	1.789302e-03
22797,	1.788372e-03
22798,	1.787443e-03
22799,	1.786514e-03
22800,	1.785585e-03
22801,	1.784657e-03
22802,	1.783729e-03
22803,	1.782802e-03
22804,	1.781875e-03
22805,	1.780949e-03
22806,	1.780023e-03
22807,	1.779097e-03
22808,	1.778172e-03
22809,	1.777247e-03
22810,	1.776323e-03
22811,	1.775399e-03
22812,	1.774476e-03
22813,	1.773553e-03
22814,	1.772630e-03
22815,	1.771708e-03
22816,	1.770786e-03
22817,	1.769865e-03
22818,	1.768944e-03
22819,	1.768023e-03
22820,	1.767103e-03
22821,	1.766184e-03
22822,	1.765264e-03
22823,	1.764346e-03
22824,	1.763427e-03
22825,	1.762509e-03
22826,	1.761592e-03
22827,	1.760675e-03
22828,	1.759758e-03
22829,	1.758842e-03
22830,	1.757926e-03
22831,	1.757011e-03
22832,	1.756096e-03
22833,	1.755181e-03
22834,	1.754267e-03
22835,	1.753353e-03
22836,	1.752440e-03
22837,	1.751527e-03
22838,	1.750615e-03
22839,	1.749703e-03
22840,	1.748791e-03
22841,	1.747880e-03
22842,	1.746969e-03
22843,	1.746059e-03
22844,	1.745149e-03
22845,	1.744239e-03
22846,	1.743330e-03
22847,	1.742422e-03
22848,	1.741514e-03
22849,	1.740606e-03
22850,	1.739698e-03
22851,	1.738791e-03
22852,	1.737885e-03
22853,	1.736979e-03
22854,	1.736073e-03
22855,	1.735168e-03
22856,	1.734263e-03
22857,	1.733359e-03
22858,	1.732455e-03
22859,	1.731551e-03
22860,	1.730648e-03
22861,	1.729745e-03
22862,	1.728843e-03
22863,	1.727941e-03
22864,	1.727040e-03
22865,	1.726138e-03
22866,	1.725238e-03
22867,	1.724338e-03
22868,	1.723438e-03
22869,	1.722538e-03
22870,	1.721639e-03
22871,	1.720741e-03
22872,	1.719843e-03
22873,	1.718945e-03
22874,	1.718048e-03
22875,	1.717151e-03
22876,	1.716254e-03
22877,	1.715358e-03
22878,	1.714463e-03
22879,	1.713568e-03
22880,	1.712673e-03
22881,	1.711778e-03
22882,	1.710884e-03
22883,	1.709991e-03
22884,	1.709098e-03
22885,	1.708205e-03
22886,	1.707313e-03
22887,	1.706421e-03
22888,	1.705530e-03
22889,	1.704639e-03
22890,	1.703748e-03
22891,	1.702858e-03
22892,	1.701968e-03
22893,	1.701079e-03
22894,	1.700190e-03
22895,	1.699301e-03
22896,	1.698413e-03
22897,	1.697525e-03
22898,	1.696638e-03
22899,	1.695751e-03
22900,	1.694865e-03
22901,	1.693979e-03
22902,	1.693093e-03
22903,	1.692208e-03
22904,	1.691323e-03
22905,	1.690438e-03
22906,	1.689554e-03
22907,	1.688671e-03
22908,	1.687788e-03
22909,	1.686905e-03
22910,	1.686023e-03
22911,	1.685141e-03
22912,	1.684259e-03
22913,	1.683378e-03
22914,	1.682497e-03
22915,	1.681617e-03
22916,	1.680737e-03
22917,	1.679858e-03
22918,	1.678979e-03
22919,	1.678100e-03
22920,	1.677222e-03
22921,	1.676344e-03
22922,	1.675467e-03
22923,	1.674590e-03
22924,	1.673713e-03
22925,	1.672837e-03
22926,	1.671961e-03
22927,	1.671086e-03
22928,	1.670211e-03
22929,	1.669337e-03
22930,	1.668463e-03
22931,	1.667589e-03
22932,	1.666716e-03
22933,	1.665843e-03
22934,	1.664970e-03
22935,	1.664098e-03
22936,	1.663227e-03
22937,	1.662355e-03
22938,	1.661485e-03
22939,	1.660614e-03
22940,	1.659744e-03
22941,	1.658874e-03
22942,	1.658005e-03
22943,	1.657137e-03
22944,	1.656268e-03
22945,	1.655400e-03
22946,	1.654533e-03
22947,	1.653665e-03
22948,	1.652799e-03
22949,	1.651932e-03
22950,	1.651066e-03
22951,	1.650201e-03
22952,	1.649336e-03
22953,	1.648471e-03
22954,	1.647607e-03
22955,	1.646743e-03
22956,	1.645879e-03
22957,	1.645016e-03
22958,	1.644154e-03
22959,	1.643291e-03
22960,	1.642430e-03
22961,	1.641568e-03
22962,	1.640707e-03
22963,	1.639846e-03
22964,	1.638986e-03
22965,	1.638126e-03
22966,	1.637267e-03
22967,	1.636408e-03
22968,	1.635549e-03
22969,	1.634691e-03
22970,	1.633833e-03
22971,	1.632976e-03
22972,	1.632119e-03
22973,	1.631262e-03
22974,	1.630406e-03
22975,	1.629550e-03
22976,	1.628695e-03
22977,	1.627840e-03
22978,	1.626985e-03
22979,	1.626131e-03
22980,	1.625277e-03
22981,	1.624424e-03
22982,	1.623571e-03
22983,	1.622718e-03
22984,	1.621866e-03
22985,	1.621014e-03
22986,	1.620163e-03
22987,	1.619312e-03
22988,	1.618461e-03
22989,	1.617611e-03
22990,	1.616762e-03
22991,	1.615912e-03
22992,	1.615063e-03
22993,	1.614215e-03
22994,	1.613367e-03
22995,	1.612519e-03
22996,	1.611671e-03
22997,	1.610824e-03
22998,	1.609978e-03
22999,	1.609132e-03
23000,	1.608286e-03
23001,	1.607441e-03
23002,	1.606596e-03
23003,	1.605751e-03
23004,	1.604907e-03
23005,	1.604063e-03
23006,	1.603220e-03
23007,	1.602377e-03
23008,	1.601534e-03
23009,	1.600692e-03
23010,	1.599850e-03
23011,	1.599009e-03
23012,	1.598168e-03
23013,	1.597327e-03
23014,	1.596487e-03
23015,	1.595647e-03
23016,	1.594808e-03
23017,	1.593969e-03
23018,	1.593130e-03
23019,	1.592292e-03
23020,	1.591454e-03
23021,	1.590617e-03
23022,	1.589780e-03
23023,	1.588943e-03
23024,	1.588107e-03
23025,	1.587271e-03
23026,	1.586436e-03
23027,	1.585601e-03
23028,	1.584766e-03
23029,	1.583932e-03
23030,	1.583098e-03
23031,	1.582265e-03
23032,	1.581432e-03
23033,	1.580599e-03
23034,	1.579767e-03
23035,	1.578935e-03
23036,	1.578104e-03
23037,	1.577272e-03
23038,	1.576442e-03
23039,	1.575611e-03
23040,	1.574782e-03
23041,	1.573952e-03
23042,	1.573123e-03
23043,	1.572294e-03
23044,	1.571466e-03
23045,	1.570638e-03
23046,	1.569810e-03
23047,	1.568983e-03
23048,	1.568157e-03
23049,	1.567330e-03
23050,	1.566504e-03
23051,	1.565679e-03
23052,	1.564853e-03
23053,	1.564029e-03
23054,	1.563204e-03
23055,	1.562380e-03
23056,	1.561557e-03
23057,	1.560733e-03
23058,	1.559910e-03
23059,	1.559088e-03
23060,	1.558266e-03
23061,	1.557444e-03
23062,	1.556623e-03
23063,	1.555802e-03
23064,	1.554982e-03
23065,	1.554162e-03
23066,	1.553342e-03
23067,	1.552522e-03
23068,	1.551704e-03
23069,	1.550885e-03
23070,	1.550067e-03
23071,	1.549249e-03
23072,	1.548432e-03
23073,	1.547615e-03
23074,	1.546798e-03
23075,	1.545982e-03
23076,	1.545166e-03
23077,	1.544351e-03
23078,	1.543535e-03
23079,	1.542721e-03
23080,	1.541907e-03
23081,	1.541093e-03
23082,	1.540279e-03
23083,	1.539466e-03
23084,	1.538653e-03
23085,	1.537841e-03
23086,	1.537029e-03
23087,	1.536217e-03
23088,	1.535406e-03
23089,	1.534595e-03
23090,	1.533785e-03
23091,	1.532975e-03
23092,	1.532165e-03
23093,	1.531356e-03
23094,	1.530547e-03
23095,	1.529739e-03
23096,	1.528931e-03
23097,	1.528123e-03
23098,	1.527315e-03
23099,	1.526509e-03
23100,	1.525702e-03
23101,	1.524896e-03
23102,	1.524090e-03
23103,	1.523285e-03
23104,	1.522480e-03
23105,	1.521675e-03
23106,	1.520871e-03
23107,	1.520067e-03
23108,	1.519263e-03
23109,	1.518460e-03
23110,	1.517657e-03
23111,	1.516855e-03
23112,	1.516053e-03
23113,	1.515251e-03
23114,	1.514450e-03
23115,	1.513649e-03
23116,	1.512849e-03
23117,	1.512049e-03
23118,	1.511249e-03
23119,	1.510450e-03
23120,	1.509651e-03
23121,	1.508853e-03
23122,	1.508054e-03
23123,	1.507257e-03
23124,	1.506459e-03
23125,	1.505662e-03
23126,	1.504866e-03
23127,	1.504069e-03
23128,	1.503273e-03
23129,	1.502478e-03
23130,	1.501683e-03
23131,	1.500888e-03
23132,	1.500094e-03
23133,	1.499300e-03
23134,	1.498506e-03
23135,	1.497713e-03
23136,	1.496920e-03
23137,	1.496128e-03
23138,	1.495336e-03
23139,	1.494544e-03
23140,	1.493753e-03
23141,	1.492962e-03
23142,	1.492171e-03
23143,	1.491381e-03
23144,	1.490591e-03
23145,	1.489802e-03
23146,	1.489013e-03
23147,	1.488224e-03
23148,	1.487436e-03
23149,	1.486648e-03
23150,	1.485860e-03
23151,	1.485073e-03
23152,	1.484286e-03
23153,	1.483500e-03
23154,	1.482714e-03
23155,	1.481928e-03
23156,	1.481143e-03
23157,	1.480358e-03
23158,	1.479573e-03
23159,	1.478789e-03
23160,	1.478005e-03
23161,	1.477222e-03
23162,	1.476439e-03
23163,	1.475656e-03
23164,	1.474874e-03
23165,	1.474092e-03
23166,	1.473310e-03
23167,	1.472529e-03
23168,	1.471748e-03
23169,	1.470968e-03
23170,	1.470188e-03
23171,	1.469408e-03
23172,	1.468629e-03
23173,	1.467850e-03
23174,	1.467071e-03
23175,	1.466293e-03
23176,	1.465515e-03
23177,	1.464738e-03
23178,	1.463961e-03
23179,	1.463184e-03
23180,	1.462408e-03
23181,	1.461632e-03
23182,	1.460856e-03
23183,	1.460081e-03
23184,	1.459306e-03
23185,	1.458532e-03
23186,	1.457758e-03
23187,	1.456984e-03
23188,	1.456211e-03
23189,	1.455438e-03
23190,	1.454665e-03
23191,	1.453893e-03
23192,	1.453121e-03
23193,	1.452350e-03
23194,	1.451578e-03
23195,	1.450808e-03
23196,	1.450037e-03
23197,	1.449267e-03
23198,	1.448498e-03
23199,	1.447728e-03
23200,	1.446959e-03
23201,	1.446191e-03
23202,	1.445423e-03
23203,	1.444655e-03
23204,	1.443887e-03
23205,	1.443120e-03
23206,	1.442354e-03
23207,	1.441587e-03
23208,	1.440821e-03
23209,	1.440056e-03
23210,	1.439290e-03
23211,	1.438526e-03
23212,	1.437761e-03
23213,	1.436997e-03
23214,	1.436233e-03
23215,	1.435470e-03
23216,	1.434707e-03
23217,	1.433944e-03
23218,	1.433182e-03
23219,	1.432420e-03
23220,	1.431658e-03
23221,	1.430897e-03
23222,	1.430136e-03
23223,	1.429376e-03
23224,	1.428616e-03
23225,	1.427856e-03
23226,	1.427097e-03
23227,	1.426338e-03
23228,	1.425579e-03
23229,	1.424821e-03
23230,	1.424063e-03
23231,	1.423305e-03
23232,	1.422548e-03
23233,	1.421791e-03
23234,	1.421035e-03
23235,	1.420279e-03
23236,	1.419523e-03
23237,	1.418768e-03
23238,	1.418013e-03
23239,	1.417258e-03
23240,	1.416504e-03
23241,	1.415750e-03
23242,	1.414996e-03
23243,	1.414243e-03
23244,	1.413490e-03
23245,	1.412738e-03
23246,	1.411986e-03
23247,	1.411234e-03
23248,	1.410482e-03
23249,	1.409731e-03
23250,	1.408981e-03
23251,	1.408231e-03
23252,	1.407481e-03
23253,	1.406731e-03
23254,	1.405982e-03
23255,	1.405233e-03
23256,	1.404484e-03
23257,	1.403736e-03
23258,	1.402989e-03
23259,	1.402241e-03
23260,	1.401494e-03
23261,	1.400747e-03
23262,	1.400001e-03
23263,	1.399255e-03
23264,	1.398510e-03
23265,	1.397764e-03
23266,	1.397019e-03
23267,	1.396275e-03
23268,	1.395531e-03
23269,	1.394787e-03
23270,	1.394043e-03
23271,	1.393300e-03
23272,	1.392558e-03
23273,	1.391815e-03
23274,	1.391073e-03
23275,	1.390331e-03
23276,	1.389590e-03
23277,	1.388849e-03
23278,	1.388109e-03
23279,	1.387368e-03
23280,	1.386628e-03
23281,	1.385889e-03
23282,	1.385150e-03
23283,	1.384411e-03
23284,	1.383673e-03
23285,	1.382934e-03
23286,	1.382197e-03
23287,	1.381459e-03
23288,	1.380722e-03
23289,	1.379986e-03
23290,	1.379249e-03
23291,	1.378513e-03
23292,	1.377778e-03
23293,	1.377042e-03
23294,	1.376308e-03
23295,	1.375573e-03
23296,	1.374839e-03
23297,	1.374105e-03
23298,	1.373372e-03
23299,	1.372638e-03
23300,	1.371906e-03
23301,	1.371173e-03
23302,	1.370441e-03
23303,	1.369709e-03
23304,	1.368978e-03
23305,	1.368247e-03
23306,	1.367516e-03
23307,	1.366786e-03
23308,	1.366056e-03
23309,	1.365327e-03
23310,	1.364597e-03
23311,	1.363869e-03
23312,	1.363140e-03
23313,	1.362412e-03
23314,	1.361684e-03
23315,	1.360957e-03
23316,	1.360229e-03
23317,	1.359503e-03
23318,	1.358776e-03
23319,	1.358050e-03
23320,	1.357324e-03
23321,	1.356599e-03
23322,	1.355874e-03
23323,	1.355149e-03
23324,	1.354425e-03
23325,	1.353701e-03
23326,	1.352977e-03
23327,	1.352254e-03
23328,	1.351531e-03
23329,	1.350809e-03
23330,	1.350087e-03
23331,	1.349365e-03
23332,	1.348643e-03
23333,	1.347922e-03
23334,	1.347201e-03
23335,	1.346481e-03
23336,	1.345761e-03
23337,	1.345041e-03
23338,	1.344321e-03
23339,	1.343602e-03
23340,	1.342884e-03
23341,	1.342165e-03
23342,	1.341447e-03
23343,	1.340729e-03
23344,	1.340012e-03
23345,	1.339295e-03
23346,	1.338579e-03
23347,	1.337862e-03
23348,	1.337146e-03
23349,	1.336431e-03
23350,	1.335715e-03
23351,	1.335001e-03
23352,	1.334286e-03
23353,	1.333572e-03
23354,	1.332858e-03
23355,	1.332144e-03
23356,	1.331431e-03
23357,	1.330718e-03
23358,	1.330006e-03
23359,	1.329294e-03
23360,	1.328582e-03
23361,	1.327871e-03
23362,	1.327159e-03
23363,	1.326449e-03
23364,	1.325738e-03
23365,	1.325028e-03
23366,	1.324319e-03
23367,	1.323609e-03
23368,	1.322900e-03
23369,	1.322191e-03
23370,	1.321483e-03
23371,	1.320775e-03
23372,	1.320067e-03
23373,	1.319360e-03
23374,	1.318653e-03
23375,	1.317947e-03
23376,	1.317240e-03
23377,	1.316534e-03
23378,	1.315829e-03
23379,	1.315123e-03
23380,	1.314419e-03
23381,	1.313714e-03
23382,	1.313010e-03
23383,	1.312306e-03
23384,	1.311602e-03
23385,	1.310899e-03
23386,	1.310196e-03
23387,	1.309494e-03
23388,	1.308792e-03
23389,	1.308090e-03
23390,	1.307388e-03
23391,	1.306687e-03
23392,	1.305986e-03
23393,	1.305286e-03
23394,	1.304586e-03
23395,	1.303886e-03
23396,	1.303186e-03
23397,	1.302487e-03
23398,	1.301789e-03
23399,	1.301090e-03
23400,	1.300392e-03
23401,	1.299694e-03
23402,	1.298997e-03
23403,	1.298300e-03
23404,	1.297603e-03
23405,	1.296907e-03
23406,	1.296211e-03
23407,	1.295515e-03
23408,	1.294820e-03
23409,	1.294125e-03
23410,	1.293430e-03
23411,	1.292735e-03
23412,	1.292041e-03
23413,	1.291348e-03
23414,	1.290654e-03
23415,	1.289961e-03
23416,	1.289269e-03
23417,	1.288576e-03
23418,	1.287884e-03
23419,	1.287193e-03
23420,	1.286501e-03
23421,	1.285810e-03
23422,	1.285120e-03
23423,	1.284429e-03
23424,	1.283739e-03
23425,	1.283050e-03
23426,	1.282361e-03
23427,	1.281672e-03
23428,	1.280983e-03
23429,	1.280295e-03
23430,	1.279607e-03
23431,	1.278919e-03
23432,	1.278232e-03
23433,	1.277545e-03
23434,	1.276858e-03
23435,	1.276172e-03
23436,	1.275486e-03
23437,	1.274800e-03
23438,	1.274115e-03
23439,	1.273430e-03
23440,	1.272745e-03
23441,	1.272061e-03
23442,	1.271377e-03
23443,	1.270693e-03
23444,	1.270010e-03
23445,	1.269327e-03
23446,	1.268644e-03
23447,	1.267962e-03
23448,	1.267280e-03
23449,	1.266598e-03
23450,	1.265917e-03
23451,	1.265236e-03
23452,	1.264555e-03
23453,	1.263875e-03
23454,	1.263195e-03
23455,	1.262515e-03
23456,	1.261836e-03
23457,	1.261157e-03
23458,	1.260478e-03
23459,	1.259800e-03
23460,	1.259122e-03
23461,	1.258444e-03
23462,	1.257767e-03
23463,	1.257090e-03
23464,	1.256413e-03
23465,	1.255737e-03
23466,	1.255061e-03
23467,	1.254385e-03
23468,	1.253710e-03
23469,	1.253035e-03
23470,	1.252360e-03
23471,	1.251686e-03
23472,	1.251011e-03
23473,	1.250338e-03
23474,	1.249664e-03
23475,	1.248991e-03
23476,	1.248318e-03
23477,	1.247646e-03
23478,	1.246974e-03
23479,	1.246302e-03
23480,	1.245631e-03
23481,	1.244960e-03
23482,	1.244289e-03
23483,	1.243618e-03
23484,	1.242948e-03
23485,	1.242278e-03
23486,	1.241609e-03
23487,	1.240940e-03
23488,	1.240271e-03
23489,	1.239602e-03
23490,	1.238934e-03
23491,	1.238266e-03
23492,	1.237599e-03
23493,	1.236932e-03
23494,	1.236265e-03
23495,	1.235598e-03
23496,	1.234932e-03
23497,	1.234266e-03
23498,	1.233600e-03
23499,	1.232935e-03
23500,	1.232270e-03
23501,	1.231606e-03
23502,	1.230941e-03
23503,	1.230277e-03
23504,	1.229614e-03
23505,	1.228950e-03
23506,	1.228287e-03
23507,	1.227625e-03
23508,	1.226962e-03
23509,	1.226300e-03
23510,	1.225639e-03
23511,	1.224977e-03
23512,	1.224316e-03
23513,	1.223655e-03
23514,	1.222995e-03
23515,	1.222335e-03
23516,	1.221675e-03
23517,	1.221016e-03
23518,	1.220357e-03
23519,	1.219698e-03
23520,	1.219039e-03
23521,	1.218381e-03
23522,	1.217723e-03
23523,	1.217066e-03
23524,	1.216409e-03
23525,	1.215752e-03
23526,	1.215095e-03
23527,	1.214439e-03
23528,	1.213783e-03
23529,	1.213127e-03
23530,	1.212472e-03
23531,	1.211817e-03
23532,	1.211163e-03
23533,	1.210508e-03
23534,	1.209854e-03
23535,	1.209201e-03
23536,	1.208547e-03
23537,	1.207894e-03
23538,	1.207242e-03
23539,	1.206589e-03
23540,	1.205937e-03
23541,	1.205285e-03
23542,	1.204634e-03
23543,	1.203983e-03
23544,	1.203332e-03
23545,	1.202682e-03
23546,	1.202031e-03
23547,	1.201382e-03
23548,	1.200732e-03
23549,	1.200083e-03
23550,	1.199434e-03
23551,	1.198785e-03
23552,	1.198137e-03
23553,	1.197489e-03
23554,	1.196842e-03
23555,	1.196194e-03
23556,	1.195547e-03
23557,	1.194901e-03
23558,	1.194254e-03
23559,	1.193608e-03
23560,	1.192963e-03
23561,	1.192317e-03
23562,	1.191672e-03
23563,	1.191027e-03
23564,	1.190383e-03
23565,	1.189739e-03
23566,	1.189095e-03
23567,	1.188451e-03
23568,	1.187808e-03
23569,	1.187165e-03
23570,	1.186523e-03
23571,	1.185881e-03
23572,	1.185239e-03
23573,	1.184597e-03
23574,	1.183956e-03
23575,	1.183315e-03
23576,	1.182674e-03
23577,	1.182034e-03
23578,	1.181394e-03
23579,	1.180754e-03
23580,	1.180115e-03
23581,	1.179475e-03
23582,	1.178837e-03
23583,	1.178198e-03
23584,	1.177560e-03
23585,	1.176922e-03
23586,	1.176285e-03
23587,	1.175647e-03
23588,	1.175011e-03
23589,	1.174374e-03
23590,	1.173738e-03
23591,	1.173102e-03
23592,	1.172466e-03
23593,	1.171831e-03
23594,	1.171196e-03
23595,	1.170561e-03
23596,	1.169927e-03
23597,	1.169292e-03
23598,	1.168659e-03
23599,	1.168025e-03
23600,	1.167392e-03
23601,	1.166759e-03
23602,	1.166127e-03
23603,	1.165494e-03
23604,	1.164862e-03
23605,	1.164231e-03
23606,	1.163600e-03
23607,	1.162969e-03
23608,	1.162338e-03
23609,	1.161708e-03
23610,	1.161078e-03
23611,	1.160448e-03
23612,	1.159818e-03
23613,	1.159189e-03
23614,	1.158560e-03
23615,	1.157932e-03
23616,	1.157304e-03
23617,	1.156676e-03
23618,	1.156048e-03
23619,	1.155421e-03
23620,	1.154794e-03
23621,	1.154167e-03
23622,	1.153541e-03
23623,	1.152915e-03
23624,	1.152289e-03
23625,	1.151664e-03
23626,	1.151039e-03
23627,	1.150414e-03
23628,	1.149789e-03
23629,	1.149165e-03
23630,	1.148541e-03
23631,	1.147918e-03
23632,	1.147295e-03
23633,	1.146672e-03
23634,	1.146049e-03
23635,	1.145427e-03
23636,	1.144805e-03
23637,	1.144183e-03
23638,	1.143561e-03
23639,	1.142940e-03
23640,	1.142320e-03
23641,	1.141699e-03
23642,	1.141079e-03
23643,	1.140459e-03
23644,	1.139839e-03
23645,	1.139220e-03
23646,	1.138601e-03
23647,	1.137982e-03
23648,	1.137364e-03
23649,	1.136746e-03
23650,	1.136128e-03
23651,	1.135511e-03
23652,	1.134894e-03
23653,	1.134277e-03
23654,	1.133660e-03
23655,	1.133044e-03
23656,	1.132428e-03
23657,	1.131813e-03
23658,	1.131197e-03
23659,	1.130582e-03
23660,	1.129967e-03
23661,	1.129353e-03
23662,	1.128739e-03
23663,	1.128125e-03
23664,	1.127512e-03
23665,	1.126899e-03
23666,	1.126286e-03
23667,	1.125673e-03
23668,	1.125061e-03
23669,	1.124449e-03
23670,	1.123837e-03
23671,	1.123226e-03
23672,	1.122615e-03
23673,	1.122004e-03
23674,	1.121393e-03
23675,	1.120783e-03
23676,	1.120173e-03
23677,	1.119564e-03
23678,	1.118955e-03
23679,	1.118346e-03
23680,	1.117737e-03
23681,	1.117129e-03
23682,	1.116521e-03
23683,	1.115913e-03
23684,	1.115305e-03
23685,	1.114698e-03
23686,	1.114091e-03
23687,	1.113485e-03
23688,	1.112879e-03
23689,	1.112273e-03
23690,	1.111667e-03
23691,	1.111062e-03
23692,	1.110457e-03
23693,	1.109852e-03
23694,	1.109247e-03
23695,	1.108643e-03
23696,	1.108039e-03
23697,	1.107436e-03
23698,	1.106833e-03
23699,	1.106230e-03
23700,	1.105627e-03
23701,	1.105025e-03
23702,	1.104423e-03
23703,	1.103821e-03
23704,	1.103219e-03
23705,	1.102618e-03
23706,	1.102017e-03
23707,	1.101417e-03
23708,	1.100816e-03
23709,	1.100217e-03
23710,	1.099617e-03
23711,	1.099017e-03
23712,	1.098418e-03
23713,	1.097820e-03
23714,	1.097221e-03
23715,	1.096623e-03
23716,	1.096025e-03
23717,	1.095427e-03
23718,	1.094830e-03
23719,	1.094233e-03
23720,	1.093637e-03
23721,	1.093040e-03
23722,	1.092444e-03
23723,	1.091848e-03
23724,	1.091253e-03
23725,	1.090657e-03
23726,	1.090063e-03
23727,	1.089468e-03
23728,	1.088874e-03
23729,	1.088280e-03
23730,	1.087686e-03
23731,	1.087092e-03
23732,	1.086499e-03
23733,	1.085906e-03
23734,	1.085314e-03
23735,	1.084722e-03
23736,	1.084130e-03
23737,	1.083538e-03
23738,	1.082946e-03
23739,	1.082355e-03
23740,	1.081765e-03
23741,	1.081174e-03
23742,	1.080584e-03
23743,	1.079994e-03
23744,	1.079404e-03
23745,	1.078815e-03
23746,	1.078226e-03
23747,	1.077637e-03
23748,	1.077049e-03
23749,	1.076461e-03
23750,	1.075873e-03
23751,	1.075285e-03
23752,	1.074698e-03
23753,	1.074111e-03
23754,	1.073524e-03
23755,	1.072938e-03
23756,	1.072352e-03
23757,	1.071766e-03
23758,	1.071180e-03
23759,	1.070595e-03
23760,	1.070010e-03
23761,	1.069426e-03
23762,	1.068841e-03
23763,	1.068257e-03
23764,	1.067673e-03
23765,	1.067090e-03
23766,	1.066507e-03
23767,	1.065924e-03
23768,	1.065341e-03
23769,	1.064759e-03
23770,	1.064177e-03
23771,	1.063595e-03
23772,	1.063014e-03
23773,	1.062433e-03
23774,	1.061852e-03
23775,	1.061271e-03
23776,	1.060691e-03
23777,	1.060111e-03
23778,	1.059531e-03
23779,	1.058952e-03
23780,	1.058373e-03
23781,	1.057794e-03
23782,	1.057215e-03
23783,	1.056637e-03
23784,	1.056059e-03
23785,	1.055481e-03
23786,	1.054904e-03
23787,	1.054327e-03
23788,	1.053750e-03
23789,	1.053173e-03
23790,	1.052597e-03
23791,	1.052021e-03
23792,	1.051445e-03
23793,	1.050870e-03
23794,	1.050295e-03
23795,	1.049720e-03
23796,	1.049146e-03
23797,	1.048571e-03
23798,	1.047997e-03
23799,	1.047424e-03
23800,	1.046850e-03
23801,	1.046277e-03
23802,	1.045705e-03
23803,	1.045132e-03
23804,	1.044560e-03
23805,	1.043988e-03
23806,	1.043416e-03
23807,	1.042845e-03
23808,	1.042274e-03
23809,	1.041703e-03
23810,	1.041132e-03
23811,	1.040562e-03
23812,	1.039992e-03
23813,	1.039423e-03
23814,	1.038853e-03
23815,	1.038284e-03
23816,	1.037715e-03
23817,	1.037147e-03
23818,	1.036579e-03
23819,	1.036011e-03
23820,	1.035443e-03
23821,	1.034876e-03
23822,	1.034309e-03
23823,	1.033742e-03
23824,	1.033175e-03
23825,	1.032609e-03
23826,	1.032043e-03
23827,	1.031477e-03
23828,	1.030912e-03
23829,	1.030347e-03
23830,	1.029782e-03
23831,	1.029218e-03
23832,	1.028653e-03
23833,	1.028089e-03
23834,	1.027526e-03
23835,	1.026962e-03
23836,	1.026399e-03
23837,	1.025836e-03
23838,	1.025274e-03
23839,	1.024711e-03
23840,	1.024149e-03
23841,	1.023588e-03
23842,	1.023026e-03
23843,	1.022465e-03
23844,	1.021904e-03
23845,	1.021344e-03
23846,	1.020783e-03
23847,	1.020223e-03
23848,	1.019664e-03
23849,	1.019104e-03
23850,	1.018545e-03
23851,	1.017986e-03
23852,	1.017427e-03
23853,	1.016869e-03
23854,	1.016311e-03
23855,	1.015753e-03
23856,	1.015196e-03
23857,	1.014639e-03
23858,	1.014082e-03
23859,	1.013525e-03
23860,	1.012969e-03
23861,	1.012413e-03
23862,	1.011857e-03
23863,	1.011301e-03
23864,	1.010746e-03
23865,	1.010191e-03
23866,	1.009636e-03
23867,	1.009082e-03
23868,	1.008528e-03
23869,	1.007974e-03
23870,	1.007420e-03
23871,	1.006867e-03
23872,	1.006314e-03
23873,	1.005761e-03
23874,	1.005209e-03
23875,	1.004656e-03
23876,	1.004105e-03
23877,	1.003553e-03
23878,	1.003002e-03
23879,	1.002450e-03
23880,	1.001900e-03
23881,	1.001349e-03
23882,	1.000799e-03
23883,	1.000249e-03
23884,	9.996992e-04
23885,	9.991498e-04
23886,	9.986007e-04
23887,	9.980518e-04
23888,	9.975032e-04
23889,	9.969549e-04
23890,	9.964068e-04
23891,	9.958591e-04
23892,	9.953116e-04
23893,	9.947644e-04
23894,	9.942174e-04
23895,	9.936708e-04
23896,	9.931244e-04
23897,	9.925783e-04
23898,	9.920325e-04
23899,	9.914869e-04
23900,	9.909416e-04
23901,	9.903966e-04
23902,	9.898519e-04
23903,	9.893074e-04
23904,	9.887632e-04
23905,	9.882193e-04
23906,	9.876757e-04
23907,	9.871323e-04
23908,	9.865892e-04
23909,	9.860464e-04
23910,	9.855039e-04
23911,	9.849616e-04
23912,	9.844196e-04
23913,	9.838779e-04
23914,	9.833365e-04
23915,	9.827953e-04
23916,	9.822544e-04
23917,	9.817138e-04
23918,	9.811734e-04
23919,	9.806334e-04
23920,	9.800936e-04
23921,	9.795540e-04
23922,	9.790148e-04
23923,	9.784758e-04
23924,	9.779371e-04
23925,	9.773986e-04
23926,	9.768604e-04
23927,	9.763225e-04
23928,	9.757849e-04
23929,	9.752476e-04
23930,	9.747105e-04
23931,	9.741737e-04
23932,	9.736371e-04
23933,	9.731009e-04
23934,	9.725649e-04
23935,	9.720291e-04
23936,	9.714937e-04
23937,	9.709585e-04
23938,	9.704236e-04
23939,	9.698889e-04
23940,	9.693545e-04
23941,	9.688204e-04
23942,	9.682866e-04
23943,	9.677530e-04
23944,	9.672198e-04
23945,	9.666867e-04
23946,	9.661540e-04
23947,	9.656215e-04
23948,	9.650893e-04
23949,	9.645573e-04
23950,	9.640257e-04
23951,	9.634942e-04
23952,	9.629631e-04
23953,	9.624322e-04
23954,	9.619016e-04
23955,	9.613713e-04
23956,	9.608412e-04
23957,	9.603114e-04
23958,	9.597819e-04
23959,	9.592527e-04
23960,	9.587237e-04
23961,	9.581949e-04
23962,	9.576665e-04
23963,	9.571383e-04
23964,	9.566104e-04
23965,	9.560827e-04
23966,	9.555554e-04
23967,	9.550282e-04
23968,	9.545014e-04
23969,	9.539748e-04
23970,	9.534485e-04
23971,	9.529224e-04
23972,	9.523967e-04
23973,	9.518712e-04
23974,	9.513459e-04
23975,	9.508209e-04
23976,	9.502962e-04
23977,	9.497718e-04
23978,	9.492476e-04
23979,	9.487237e-04
23980,	9.482000e-04
23981,	9.476766e-04
23982,	9.471535e-04
23983,	9.466306e-04
23984,	9.461081e-04
23985,	9.455857e-04
23986,	9.450637e-04
23987,	9.445419e-04
23988,	9.440204e-04
23989,	9.434991e-04
23990,	9.429781e-04
23991,	9.424574e-04
23992,	9.419369e-04
23993,	9.414167e-04
23994,	9.408967e-04
23995,	9.403771e-04
23996,	9.398577e-04
23997,	9.393385e-04
23998,	9.388196e-04
23999,	9.383010e-04
24000,	9.377826e-04
24001,	9.372645e-04
24002,	9.367467e-04
24003,	9.362291e-04
24004,	9.357118e-04
24005,	9.351948e-04
24006,	9.346780e-04
24007,	9.341615e-04
24008,	9.336453e-04
24009,	9.331293e-04
24010,	9.326135e-04
24011,	9.320981e-04
24012,	9.315829e-04
24013,	9.310679e-04
24014,	9.305532e-04
24015,	9.300388e-04
24016,	9.295247e-04
24017,	9.290108e-04
24018,	9.284971e-04
24019,	9.279838e-04
24020,	9.274707e-04
24021,	9.269578e-04
24022,	9.264452e-04
24023,	9.259329e-04
24024,	9.254208e-04
24025,	9.249090e-04
24026,	9.243975e-04
24027,	9.238862e-04
24028,	9.233752e-04
24029,	9.228644e-04
24030,	9.223539e-04
24031,	9.218437e-04
24032,	9.213337e-04
24033,	9.208240e-04
24034,	9.203145e-04
24035,	9.198053e-04
24036,	9.192963e-04
24037,	9.187877e-04
24038,	9.182792e-04
24039,	9.177711e-04
24040,	9.172632e-04
24041,	9.167555e-04
24042,	9.162481e-04
24043,	9.157410e-04
24044,	9.152341e-04
24045,	9.147275e-04
24046,	9.142211e-04
24047,	9.137150e-04
24048,	9.132092e-04
24049,	9.127036e-04
24050,	9.121983e-04
24051,	9.116932e-04
24052,	9.111884e-04
24053,	9.106839e-04
24054,	9.101796e-04
24055,	9.096756e-04
24056,	9.091718e-04
24057,	9.086683e-04
24058,	9.081650e-04
24059,	9.076620e-04
24060,	9.071592e-04
24061,	9.066567e-04
24062,	9.061545e-04
24063,	9.056525e-04
24064,	9.051508e-04
24065,	9.046493e-04
24066,	9.041481e-04
24067,	9.036472e-04
24068,	9.031465e-04
24069,	9.026460e-04
24070,	9.021458e-04
24071,	9.016459e-04
24072,	9.011462e-04
24073,	9.006468e-04
24074,	9.001476e-04
24075,	8.996487e-04
24076,	8.991501e-04
24077,	8.986517e-04
24078,	8.981535e-04
24079,	8.976556e-04
24080,	8.971580e-04
24081,	8.966606e-04
24082,	8.961635e-04
24083,	8.956666e-04
24084,	8.951700e-04
24085,	8.946736e-04
24086,	8.941775e-04
24087,	8.936816e-04
24088,	8.931860e-04
24089,	8.926907e-04
24090,	8.921956e-04
24091,	8.917008e-04
24092,	8.912062e-04
24093,	8.907118e-04
24094,	8.902177e-04
24095,	8.897239e-04
24096,	8.892303e-04
24097,	8.887370e-04
24098,	8.882439e-04
24099,	8.877511e-04
24100,	8.872585e-04
24101,	8.867662e-04
24102,	8.862742e-04
24103,	8.857823e-04
24104,	8.852908e-04
24105,	8.847995e-04
24106,	8.843084e-04
24107,	8.838176e-04
24108,	8.833271e-04
24109,	8.828368e-04
24110,	8.823467e-04
24111,	8.818569e-04
24112,	8.813674e-04
24113,	8.808781e-04
24114,	8.803890e-04
24115,	8.799002e-04
24116,	8.794117e-04
24117,	8.789234e-04
24118,	8.784353e-04
24119,	8.779475e-04
24120,	8.774600e-04
24121,	8.769727e-04
24122,	8.764857e-04
24123,	8.759989e-04
24124,	8.755123e-04
24125,	8.750260e-04
24126,	8.745400e-04
24127,	8.740542e-04
24128,	8.735686e-04
24129,	8.730833e-04
24130,	8.725983e-04
24131,	8.721135e-04
24132,	8.716289e-04
24133,	8.711446e-04
24134,	8.706606e-04
24135,	8.701768e-04
24136,	8.696932e-04
24137,	8.692099e-04
24138,	8.687268e-04
24139,	8.682440e-04
24140,	8.677615e-04
24141,	8.672791e-04
24142,	8.667971e-04
24143,	8.663153e-04
24144,	8.658337e-04
24145,	8.653524e-04
24146,	8.648713e-04
24147,	8.643904e-04
24148,	8.639099e-04
24149,	8.634295e-04
24150,	8.629494e-04
24151,	8.624696e-04
24152,	8.619900e-04
24153,	8.615106e-04
24154,	8.610315e-04
24155,	8.605527e-04
24156,	8.600741e-04
24157,	8.595957e-04
24158,	8.591176e-04
24159,	8.586397e-04
24160,	8.581621e-04
24161,	8.576847e-04
24162,	8.572076e-04
24163,	8.567307e-04
24164,	8.562540e-04
24165,	8.557776e-04
24166,	8.553015e-04
24167,	8.548256e-04
24168,	8.543499e-04
24169,	8.538745e-04
24170,	8.533993e-04
24171,	8.529244e-04
24172,	8.524497e-04
24173,	8.519752e-04
24174,	8.515010e-04
24175,	8.510271e-04
24176,	8.505534e-04
24177,	8.500799e-04
24178,	8.496067e-04
24179,	8.491337e-04
24180,	8.486610e-04
24181,	8.481885e-04
24182,	8.477162e-04
24183,	8.472442e-04
24184,	8.467725e-04
24185,	8.463009e-04
24186,	8.458297e-04
24187,	8.453586e-04
24188,	8.448878e-04
24189,	8.444173e-04
24190,	8.439470e-04
24191,	8.434769e-04
24192,	8.430071e-04
24193,	8.425375e-04
24194,	8.420682e-04
24195,	8.415991e-04
24196,	8.411302e-04
24197,	8.406616e-04
24198,	8.401933e-04
24199,	8.397251e-04
24200,	8.392573e-04
24201,	8.387896e-04
24202,	8.383222e-04
24203,	8.378550e-04
24204,	8.373881e-04
24205,	8.369214e-04
24206,	8.364550e-04
24207,	8.359888e-04
24208,	8.355229e-04
24209,	8.350571e-04
24210,	8.345917e-04
24211,	8.341264e-04
24212,	8.336614e-04
24213,	8.331967e-04
24214,	8.327322e-04
24215,	8.322679e-04
24216,	8.318038e-04
24217,	8.313400e-04
24218,	8.308765e-04
24219,	8.304132e-04
24220,	8.299501e-04
24221,	8.294873e-04
24222,	8.290247e-04
24223,	8.285623e-04
24224,	8.281002e-04
24225,	8.276383e-04
24226,	8.271766e-04
24227,	8.267152e-04
24228,	8.262541e-04
24229,	8.257931e-04
24230,	8.253324e-04
24231,	8.248720e-04
24232,	8.244118e-04
24233,	8.239518e-04
24234,	8.234921e-04
24235,	8.230326e-04
24236,	8.225733e-04
24237,	8.221143e-04
24238,	8.216555e-04
24239,	8.211969e-04
24240,	8.207386e-04
24241,	8.202805e-04
24242,	8.198227e-04
24243,	8.193651e-04
24244,	8.189077e-04
24245,	8.184506e-04
24246,	8.179937e-04
24247,	8.175370e-04
24248,	8.170806e-04
24249,	8.166244e-04
24250,	8.161685e-04
24251,	8.157128e-04
24252,	8.152573e-04
24253,	8.148020e-04
24254,	8.143470e-04
24255,	8.138923e-04
24256,	8.134377e-04
24257,	8.129834e-04
24258,	8.125294e-04
24259,	8.120755e-04
24260,	8.116220e-04
24261,	8.111686e-04
24262,	8.107155e-04
24263,	8.102626e-04
24264,	8.098099e-04
24265,	8.093575e-04
24266,	8.089053e-04
24267,	8.084534e-04
24268,	8.080017e-04
24269,	8.075502e-04
24270,	8.070989e-04
24271,	8.066479e-04
24272,	8.061971e-04
24273,	8.057466e-04
24274,	8.052963e-04
24275,	8.048462e-04
24276,	8.043963e-04
24277,	8.039467e-04
24278,	8.034973e-04
24279,	8.030482e-04
24280,	8.025993e-04
24281,	8.021506e-04
24282,	8.017022e-04
24283,	8.012539e-04
24284,	8.008060e-04
24285,	8.003582e-04
24286,	7.999107e-04
24287,	7.994634e-04
24288,	7.990163e-04
24289,	7.985695e-04
24290,	7.981229e-04
24291,	7.976766e-04
24292,	7.972304e-04
24293,	7.967845e-04
24294,	7.963389e-04
24295,	7.958935e-04
24296,	7.954482e-04
24297,	7.950033e-04
24298,	7.945585e-04
24299,	7.941140e-04
24300,	7.936698e-04
24301,	7.932257e-04
24302,	7.927819e-04
24303,	7.923383e-04
24304,	7.918950e-04
24305,	7.914518e-04
24306,	7.910089e-04
24307,	7.905663e-04
24308,	7.901238e-04
24309,	7.896816e-04
24310,	7.892397e-04
24311,	7.887979e-04
24312,	7.883564e-04
24313,	7.879151e-04
24314,	7.874741e-04
24315,	7.870332e-04
24316,	7.865926e-04
24317,	7.861523e-04
24318,	7.857121e-04
24319,	7.852722e-04
24320,	7.848325e-04
24321,	7.843931e-04
24322,	7.839539e-04
24323,	7.835149e-04
24324,	7.830761e-04
24325,	7.826375e-04
24326,	7.821992e-04
24327,	7.817612e-04
24328,	7.813233e-04
24329,	7.808857e-04
24330,	7.804483e-04
24331,	7.800111e-04
24332,	7.795742e-04
24333,	7.791374e-04
24334,	7.787009e-04
24335,	7.782647e-04
24336,	7.778286e-04
24337,	7.773928e-04
24338,	7.769573e-04
24339,	7.765219e-04
24340,	7.760868e-04
24341,	7.756519e-04
24342,	7.752172e-04
24343,	7.747828e-04
24344,	7.743485e-04
24345,	7.739145e-04
24346,	7.734808e-04
24347,	7.730472e-04
24348,	7.726139e-04
24349,	7.721808e-04
24350,	7.717479e-04
24351,	7.713153e-04
24352,	7.708829e-04
24353,	7.704507e-04
24354,	7.700187e-04
24355,	7.695870e-04
24356,	7.691555e-04
24357,	7.687242e-04
24358,	7.682931e-04
24359,	7.678623e-04
24360,	7.674317e-04
24361,	7.670013e-04
24362,	7.665711e-04
24363,	7.661412e-04
24364,	7.657115e-04
24365,	7.652820e-04
24366,	7.648527e-04
24367,	7.644236e-04
24368,	7.639948e-04
24369,	7.635662e-04
24370,	7.631378e-04
24371,	7.627097e-04
24372,	7.622818e-04
24373,	7.618541e-04
24374,	7.614266e-04
24375,	7.609993e-04
24376,	7.605723e-04
24377,	7.601455e-04
24378,	7.597189e-04
24379,	7.592925e-04
24380,	7.588664e-04
24381,	7.584405e-04
24382,	7.580148e-04
24383,	7.575893e-04
24384,	7.571640e-04
24385,	7.567390e-04
24386,	7.563142e-04
24387,	7.558896e-04
24388,	7.554652e-04
24389,	7.550411e-04
24390,	7.546172e-04
24391,	7.541935e-04
24392,	7.537700e-04
24393,	7.533467e-04
24394,	7.529237e-04
24395,	7.525009e-04
24396,	7.520783e-04
24397,	7.516559e-04
24398,	7.512337e-04
24399,	7.508118e-04
24400,	7.503901e-04
24401,	7.499686e-04
24402,	7.495473e-04
24403,	7.491263e-04
24404,	7.487055e-04
24405,	7.482848e-04
24406,	7.478645e-04
24407,	7.474443e-04
24408,	7.470243e-04
24409,	7.466046e-04
24410,	7.461851e-04
24411,	7.457658e-04
24412,	7.453467e-04
24413,	7.449279e-04
24414,	7.445092e-04
24415,	7.440908e-04
24416,	7.436726e-04
24417,	7.432546e-04
24418,	7.428369e-04
24419,	7.424193e-04
24420,	7.420020e-04
24421,	7.415849e-04
24422,	7.411680e-04
24423,	7.407514e-04
24424,	7.403349e-04
24425,	7.399187e-04
24426,	7.395027e-04
24427,	7.390869e-04
24428,	7.386713e-04
24429,	7.382559e-04
24430,	7.378408e-04
24431,	7.374259e-04
24432,	7.370112e-04
24433,	7.365967e-04
24434,	7.361824e-04
24435,	7.357683e-04
24436,	7.353545e-04
24437,	7.349409e-04
24438,	7.345275e-04
24439,	7.341143e-04
24440,	7.337013e-04
24441,	7.332886e-04
24442,	7.328760e-04
24443,	7.324637e-04
24444,	7.320516e-04
24445,	7.316397e-04
24446,	7.312280e-04
24447,	7.308166e-04
24448,	7.304053e-04
24449,	7.299943e-04
24450,	7.295835e-04
24451,	7.291729e-04
24452,	7.287625e-04
24453,	7.283523e-04
24454,	7.279424e-04
24455,	7.275327e-04
24456,	7.271231e-04
24457,	7.267138e-04
24458,	7.263047e-04
24459,	7.258959e-04
24460,	7.254872e-04
24461,	7.250788e-04
24462,	7.246705e-04
24463,	7.242625e-04
24464,	7.238547e-04
24465,	7.234471e-04
24466,	7.230397e-04
24467,	7.226326e-04
24468,	7.222256e-04
24469,	7.218189e-04
24470,	7.214124e-04
24471,	7.210061e-04
24472,	7.206000e-04
24473,	7.201941e-04
24474,	7.197884e-04
24475,	7.193830e-04
24476,	7.189777e-04
24477,	7.185727e-04
24478,	7.181679e-04
24479,	7.177633e-04
24480,	7.173589e-04
24481,	7.169547e-04
24482,	7.165507e-04
24483,	7.161470e-04
24484,	7.157434e-04
24485,	7.153401e-04
24486,	7.149370e-04
24487,	7.145341e-04
24488,	7.141314e-04
24489,	7.137289e-04
24490,	7.133266e-04
24491,	7.129246e-04
24492,	7.125227e-04
24493,	7.121211e-04
24494,	7.117197e-04
24495,	7.113185e-04
24496,	7.109175e-04
24497,	7.105167e-04
24498,	7.101161e-04
24499,	7.097157e-04
24500,	7.093156e-04
24501,	7.089156e-04
24502,	7.085159e-04
24503,	7.081163e-04
24504,	7.077170e-04
24505,	7.073179e-04
24506,	7.069190e-04
24507,	7.065203e-04
24508,	7.061219e-04
24509,	7.057236e-04
24510,	7.053255e-04
24511,	7.049277e-04
24512,	7.045300e-04
24513,	7.041326e-04
24514,	7.037354e-04
24515,	7.033384e-04
24516,	7.029416e-04
24517,	7.025450e-04
24518,	7.021486e-04
24519,	7.017524e-04
24520,	7.013564e-04
24521,	7.009607e-04
24522,	7.005651e-04
24523,	7.001698e-04
24524,	6.997747e-04
24525,	6.993797e-04
24526,	6.989850e-04
24527,	6.985905e-04
24528,	6.981962e-04
24529,	6.978021e-04
24530,	6.974082e-04
24531,	6.970145e-04
24532,	6.966211e-04
24533,	6.962278e-04
24534,	6.958348e-04
24535,	6.954419e-04
24536,	6.950493e-04
24537,	6.946568e-04
24538,	6.942646e-04
24539,	6.938726e-04
24540,	6.934808e-04
24541,	6.930892e-04
24542,	6.926978e-04
24543,	6.923066e-04
24544,	6.919156e-04
24545,	6.915248e-04
24546,	6.911342e-04
24547,	6.907439e-04
24548,	6.903537e-04
24549,	6.899637e-04
24550,	6.895740e-04
24551,	6.891844e-04
24552,	6.887951e-04
24553,	6.884060e-04
24554,	6.880170e-04
24555,	6.876283e-04
24556,	6.872398e-04
24557,	6.868515e-04
24558,	6.864634e-04
24559,	6.860755e-04
24560,	6.856878e-04
24561,	6.853003e-04
24562,	6.849130e-04
24563,	6.845259e-04
24564,	6.841390e-04
24565,	6.837523e-04
24566,	6.833658e-04
24567,	6.829796e-04
24568,	6.825935e-04
24569,	6.822077e-04
24570,	6.818220e-04
24571,	6.814365e-04
24572,	6.810513e-04
24573,	6.806663e-04
24574,	6.802814e-04
24575,	6.798968e-04
24576,	6.795123e-04
24577,	6.791281e-04
24578,	6.787441e-04
24579,	6.783602e-04
24580,	6.779766e-04
24581,	6.775932e-04
24582,	6.772100e-04
24583,	6.768270e-04
24584,	6.764442e-04
24585,	6.760615e-04
24586,	6.756791e-04
24587,	6.752969e-04
24588,	6.749149e-04
24589,	6.745331e-04
24590,	6.741515e-04
24591,	6.737701e-04
24592,	6.733889e-04
24593,	6.730079e-04
24594,	6.726271e-04
24595,	6.722466e-04
24596,	6.718662e-04
24597,	6.714860e-04
24598,	6.711060e-04
24599,	6.707262e-04
24600,	6.703466e-04
24601,	6.699672e-04
24602,	6.695880e-04
24603,	6.692091e-04
24604,	6.688303e-04
24605,	6.684517e-04
24606,	6.680733e-04
24607,	6.676951e-04
24608,	6.673172e-04
24609,	6.669394e-04
24610,	6.665618e-04
24611,	6.661844e-04
24612,	6.658072e-04
24613,	6.654303e-04
24614,	6.650535e-04
24615,	6.646769e-04
24616,	6.643005e-04
24617,	6.639243e-04
24618,	6.635483e-04
24619,	6.631726e-04
24620,	6.627970e-04
24621,	6.624216e-04
24622,	6.620464e-04
24623,	6.616714e-04
24624,	6.612966e-04
24625,	6.609220e-04
24626,	6.605476e-04
24627,	6.601734e-04
24628,	6.597994e-04
24629,	6.594256e-04
24630,	6.590521e-04
24631,	6.586786e-04
24632,	6.583054e-04
24633,	6.579324e-04
24634,	6.575596e-04
24635,	6.571870e-04
24636,	6.568146e-04
24637,	6.564424e-04
24638,	6.560704e-04
24639,	6.556986e-04
24640,	6.553269e-04
24641,	6.549555e-04
24642,	6.545843e-04
24643,	6.542133e-04
24644,	6.538424e-04
24645,	6.534718e-04
24646,	6.531013e-04
24647,	6.527311e-04
24648,	6.523610e-04
24649,	6.519912e-04
24650,	6.516215e-04
24651,	6.512521e-04
24652,	6.508828e-04
24653,	6.505138e-04
24654,	6.501449e-04
24655,	6.497762e-04
24656,	6.494077e-04
24657,	6.490394e-04
24658,	6.486714e-04
24659,	6.483035e-04
24660,	6.479358e-04
24661,	6.475683e-04
24662,	6.472010e-04
24663,	6.468338e-04
24664,	6.464669e-04
24665,	6.461002e-04
24666,	6.457337e-04
24667,	6.453673e-04
24668,	6.450012e-04
24669,	6.446353e-04
24670,	6.442695e-04
24671,	6.439040e-04
24672,	6.435386e-04
24673,	6.431734e-04
24674,	6.428085e-04
24675,	6.424437e-04
24676,	6.420791e-04
24677,	6.417147e-04
24678,	6.413505e-04
24679,	6.409865e-04
24680,	6.406227e-04
24681,	6.402591e-04
24682,	6.398957e-04
24683,	6.395324e-04
24684,	6.391694e-04
24685,	6.388066e-04
24686,	6.384439e-04
24687,	6.380815e-04
24688,	6.377192e-04
24689,	6.373571e-04
24690,	6.369952e-04
24691,	6.366336e-04
24692,	6.362721e-04
24693,	6.359108e-04
24694,	6.355497e-04
24695,	6.351887e-04
24696,	6.348280e-04
24697,	6.344675e-04
24698,	6.341071e-04
24699,	6.337470e-04
24700,	6.333870e-04
24701,	6.330273e-04
24702,	6.326677e-04
24703,	6.323083e-04
24704,	6.319491e-04
24705,	6.315901e-04
24706,	6.312313e-04
24707,	6.308727e-04
24708,	6.305143e-04
24709,	6.301560e-04
24710,	6.297980e-04
24711,	6.294401e-04
24712,	6.290825e-04
24713,	6.287250e-04
24714,	6.283677e-04
24715,	6.280106e-04
24716,	6.276537e-04
24717,	6.272970e-04
24718,	6.269405e-04
24719,	6.265841e-04
24720,	6.262280e-04
24721,	6.258720e-04
24722,	6.255163e-04
24723,	6.251607e-04
24724,	6.248053e-04
24725,	6.244501e-04
24726,	6.240951e-04
24727,	6.237403e-04
24728,	6.233857e-04
24729,	6.230312e-04
24730,	6.226770e-04
24731,	6.223229e-04
24732,	6.219691e-04
24733,	6.216154e-04
24734,	6.212619e-04
24735,	6.209086e-04
24736,	6.205555e-04
24737,	6.202025e-04
24738,	6.198498e-04
24739,	6.194972e-04
24740,	6.191449e-04
24741,	6.187927e-04
24742,	6.184407e-04
24743,	6.180889e-04
24744,	6.177373e-04
24745,	6.173859e-04
24746,	6.170346e-04
24747,	6.166836e-04
24748,	6.163327e-04
24749,	6.159821e-04
24750,	6.156316e-04
24751,	6.152813e-04
24752,	6.149312e-04
24753,	6.145812e-04
24754,	6.142315e-04
24755,	6.138819e-04
24756,	6.135326e-04
24757,	6.131834e-04
24758,	6.128344e-04
24759,	6.124856e-04
24760,	6.121370e-04
24761,	6.117885e-04
24762,	6.114403e-04
24763,	6.110922e-04
24764,	6.107443e-04
24765,	6.103966e-04
24766,	6.100491e-04
24767,	6.097018e-04
24768,	6.093547e-04
24769,	6.090077e-04
24770,	6.086610e-04
24771,	6.083144e-04
24772,	6.079680e-04
24773,	6.076218e-04
24774,	6.072758e-04
24775,	6.069299e-04
24776,	6.065843e-04
24777,	6.062388e-04
24778,	6.058935e-04
24779,	6.055484e-04
24780,	6.052035e-04
24781,	6.048588e-04
24782,	6.045142e-04
24783,	6.041699e-04
24784,	6.038257e-04
24785,	6.034817e-04
24786,	6.031379e-04
24787,	6.027943e-04
24788,	6.024508e-04
24789,	6.021076e-04
24790,	6.017645e-04
24791,	6.014216e-04
24792,	6.010789e-04
24793,	6.007364e-04
24794,	6.003940e-04
24795,	6.000519e-04
24796,	5.997099e-04
24797,	5.993681e-04
24798,	5.990265e-04
24799,	5.986851e-04
24800,	5.983438e-04
24801,	5.980028e-04
24802,	5.976619e-04
24803,	5.973212e-04
24804,	5.969807e-04
24805,	5.966404e-04
24806,	5.963002e-04
24807,	5.959602e-04
24808,	5.956205e-04
24809,	5.952809e-04
24810,	5.949414e-04
24811,	5.946022e-04
24812,	5.942631e-04
24813,	5.939243e-04
24814,	5.935856e-04
24815,	5.932471e-04
24816,	5.929087e-04
24817,	5.925706e-04
24818,	5.922326e-04
24819,	5.918948e-04
24820,	5.915572e-04
24821,	5.912198e-04
24822,	5.908825e-04
24823,	5.905455e-04
24824,	5.902086e-04
24825,	5.898719e-04
24826,	5.895354e-04
24827,	5.891990e-04
24828,	5.888629e-04
24829,	5.885269e-04
24830,	5.881911e-04
24831,	5.878554e-04
24832,	5.875200e-04
24833,	5.871847e-04
24834,	5.868497e-04
24835,	5.865148e-04
24836,	5.861800e-04
24837,	5.858455e-04
24838,	5.855111e-04
24839,	5.851769e-04
24840,	5.848429e-04
24841,	5.845091e-04
24842,	5.841755e-04
24843,	5.838420e-04
24844,	5.835087e-04
24845,	5.831756e-04
24846,	5.828427e-04
24847,	5.825099e-04
24848,	5.821773e-04
24849,	5.818449e-04
24850,	5.815127e-04
24851,	5.811807e-04
24852,	5.808488e-04
24853,	5.805171e-04
24854,	5.801856e-04
24855,	5.798543e-04
24856,	5.795231e-04
24857,	5.791922e-04
24858,	5.788614e-04
24859,	5.785308e-04
24860,	5.782003e-04
24861,	5.778701e-04
24862,	5.775400e-04
24863,	5.772101e-04
24864,	5.768803e-04
24865,	5.765508e-04
24866,	5.762214e-04
24867,	5.758922e-04
24868,	5.755632e-04
24869,	5.752343e-04
24870,	5.749057e-04
24871,	5.745772e-04
24872,	5.742489e-04
24873,	5.739207e-04
24874,	5.735927e-04
24875,	5.732650e-04
24876,	5.729374e-04
24877,	5.726099e-04
24878,	5.722827e-04
24879,	5.719556e-04
24880,	5.716287e-04
24881,	5.713019e-04
24882,	5.709754e-04
24883,	5.706490e-04
24884,	5.703228e-04
24885,	5.699968e-04
24886,	5.696709e-04
24887,	5.693452e-04
24888,	5.690197e-04
24889,	5.686944e-04
24890,	5.683692e-04
24891,	5.680443e-04
24892,	5.677195e-04
24893,	5.673948e-04
24894,	5.670704e-04
24895,	5.667461e-04
24896,	5.664220e-04
24897,	5.660980e-04
24898,	5.657743e-04
24899,	5.654507e-04
24900,	5.651273e-04
24901,	5.648041e-04
24902,	5.644810e-04
24903,	5.641581e-04
24904,	5.638354e-04
24905,	5.635128e-04
24906,	5.631905e-04
24907,	5.628683e-04
24908,	5.625463e-04
24909,	5.622244e-04
24910,	5.619027e-04
24911,	5.615812e-04
24912,	5.612599e-04
24913,	5.609388e-04
24914,	5.606178e-04
24915,	5.602970e-04
24916,	5.599763e-04
24917,	5.596559e-04
24918,	5.593356e-04
24919,	5.590155e-04
24920,	5.586955e-04
24921,	5.583757e-04
24922,	5.580561e-04
24923,	5.577367e-04
24924,	5.574175e-04
24925,	5.570984e-04
24926,	5.567795e-04
24927,	5.564607e-04
24928,	5.561421e-04
24929,	5.558237e-04
24930,	5.555055e-04
24931,	5.551875e-04
24932,	5.548696e-04
24933,	5.545519e-04
24934,	5.542343e-04
24935,	5.539170e-04
24936,	5.535998e-04
24937,	5.532827e-04
24938,	5.529659e-04
24939,	5.526492e-04
24940,	5.523327e-04
24941,	5.520163e-04
24942,	5.517001e-04
24943,	5.513841e-04
24944,	5.510683e-04
24945,	5.507526e-04
24946,	5.504371e-04
24947,	5.501218e-04
24948,	5.498067e-04
24949,	5.494917e-04
24950,	5.491769e-04
24951,	5.488622e-04
24952,	5.485478e-04
24953,	5.482334e-04
24954,	5.479193e-04
24955,	5.476053e-04
24956,	5.472915e-04
24957,	5.469779e-04
24958,	5.466645e-04
24959,	5.463512e-04
24960,	5.460381e-04
24961,	5.457251e-04
24962,	5.454123e-04
24963,	5.450997e-04
24964,	5.447873e-04
24965,	5.444750e-04
24966,	5.441629e-04
24967,	5.438509e-04
24968,	5.435392e-04
24969,	5.432276e-04
24970,	5.429161e-04
24971,	5.426049e-04
24972,	5.422938e-04
24973,	5.419828e-04
24974,	5.416721e-04
24975,	5.413615e-04
24976,	5.410511e-04
24977,	5.407408e-04
24978,	5.404307e-04
24979,	5.401208e-04
24980,	5.398110e-04
24981,	5.395014e-04
24982,	5.391920e-04
24983,	5.388828e-04
24984,	5.385737e-04
24985,	5.382648e-04
24986,	5.379560e-04
24987,	5.376474e-04
24988,	5.373390e-04
24989,	5.370307e-04
24990,	5.367227e-04
24991,	5.364147e-04
24992,	5.361070e-04
24993,	5.357994e-04
24994,	5.354920e-04
24995,	5.351847e-04
24996,	5.348776e-04
24997,	5.345707e-04
24998,	5.342639e-04
24999,	5.339574e-04
25000,	5.336509e-04
25001,	5.333447e-04
25002,	5.330386e-04
25003,	5.327326e-04
25004,	5.324269e-04
25005,	5.321213e-04
25006,	5.318159e-04
25007,	5.315106e-04
25008,	5.312055e-04
25009,	5.309005e-04
25010,	5.305958e-04
25011,	5.302912e-04
25012,	5.299867e-04
25013,	5.296824e-04
25014,	5.293783e-04
25015,	5.290744e-04
25016,	5.287706e-04
25017,	5.284670e-04
25018,	5.281635e-04
25019,	5.278602e-04
25020,	5.275571e-04
25021,	5.272541e-04
25022,	5.269513e-04
25023,	5.266487e-04
25024,	5.263462e-04
25025,	5.260439e-04
25026,	5.257418e-04
25027,	5.254398e-04
25028,	5.251380e-04
25029,	5.248363e-04
25030,	5.245348e-04
25031,	5.242335e-04
25032,	5.239323e-04
25033,	5.236313e-04
25034,	5.233305e-04
25035,	5.230298e-04
25036,	5.227293e-04
25037,	5.224290e-04
25038,	5.221288e-04
25039,	5.218287e-04
25040,	5.215289e-04
25041,	5.212292e-04
25042,	5.209296e-04
25043,	5.206303e-04
25044,	5.203311e-04
25045,	5.200320e-04
25046,	5.197331e-04
25047,	5.194344e-04
25048,	5.191358e-04
25049,	5.188374e-04
25050,	5.185392e-04
25051,	5.182411e-04
25052,	5.179432e-04
25053,	5.176454e-04
25054,	5.173478e-04
25055,	5.170504e-04
25056,	5.167531e-04
25057,	5.164560e-04
25058,	5.161590e-04
25059,	5.158623e-04
25060,	5.155656e-04
25061,	5.152692e-04
25062,	5.149729e-04
25063,	5.146767e-04
25064,	5.143807e-04
25065,	5.140849e-04
25066,	5.137892e-04
25067,	5.134937e-04
25068,	5.131984e-04
25069,	5.129032e-04
25070,	5.126082e-04
25071,	5.123133e-04
25072,	5.120186e-04
25073,	5.117241e-04
25074,	5.114297e-04
25075,	5.111354e-04
25076,	5.108414e-04
25077,	5.105475e-04
25078,	5.102537e-04
25079,	5.099601e-04
25080,	5.096667e-04
25081,	5.093734e-04
25082,	5.090803e-04
25083,	5.087874e-04
25084,	5.084946e-04
25085,	5.082020e-04
25086,	5.079095e-04
25087,	5.076172e-04
25088,	5.073250e-04
25089,	5.070330e-04
25090,	5.067412e-04
25091,	5.064495e-04
25092,	5.061580e-04
25093,	5.058666e-04
25094,	5.055754e-04
25095,	5.052844e-04
25096,	5.049935e-04
25097,	5.047027e-04
25098,	5.044122e-04
25099,	5.041217e-04
25100,	5.038315e-04
25101,	5.035414e-04
25102,	5.032514e-04
25103,	5.029617e-04
25104,	5.026720e-04
25105,	5.023826e-04
25106,	5.020932e-04
25107,	5.018041e-04
25108,	5.015151e-04
25109,	5.012262e-04
25110,	5.009376e-04
25111,	5.006490e-04
25112,	5.003607e-04
25113,	5.000724e-04
25114,	4.997844e-04
25115,	4.994965e-04
25116,	4.992087e-04
25117,	4.989211e-04
25118,	4.986337e-04
25119,	4.983464e-04
25120,	4.980593e-04
25121,	4.977724e-04
25122,	4.974855e-04
25123,	4.971989e-04
25124,	4.969124e-04
25125,	4.966261e-04
25126,	4.963399e-04
25127,	4.960538e-04
25128,	4.957680e-04
25129,	4.954822e-04
25130,	4.951967e-04
25131,	4.949113e-04
25132,	4.946260e-04
25133,	4.943409e-04
25134,	4.940560e-04
25135,	4.937712e-04
25136,	4.934866e-04
25137,	4.932021e-04
25138,	4.929178e-04
25139,	4.926336e-04
25140,	4.923496e-04
25141,	4.920657e-04
25142,	4.917820e-04
25143,	4.914985e-04
25144,	4.912151e-04
25145,	4.909318e-04
25146,	4.906487e-04
25147,	4.903658e-04
25148,	4.900830e-04
25149,	4.898004e-04
25150,	4.895179e-04
25151,	4.892356e-04
25152,	4.889535e-04
25153,	4.886714e-04
25154,	4.883896e-04
25155,	4.881079e-04
25156,	4.878263e-04
25157,	4.875449e-04
25158,	4.872637e-04
25159,	4.869826e-04
25160,	4.867017e-04
25161,	4.864209e-04
25162,	4.861403e-04
25163,	4.858598e-04
25164,	4.855795e-04
25165,	4.852993e-04
25166,	4.850193e-04
25167,	4.847394e-04
25168,	4.844597e-04
25169,	4.841801e-04
25170,	4.839007e-04
25171,	4.836214e-04
25172,	4.833423e-04
25173,	4.830634e-04
25174,	4.827846e-04
25175,	4.825059e-04
25176,	4.822274e-04
25177,	4.819491e-04
25178,	4.816709e-04
25179,	4.813929e-04
25180,	4.811150e-04
25181,	4.808372e-04
25182,	4.805596e-04
25183,	4.802822e-04
25184,	4.800049e-04
25185,	4.797278e-04
25186,	4.794508e-04
25187,	4.791740e-04
25188,	4.788973e-04
25189,	4.786207e-04
25190,	4.783444e-04
25191,	4.780681e-04
25192,	4.777921e-04
25193,	4.775161e-04
25194,	4.772403e-04
25195,	4.769647e-04
25196,	4.766892e-04
25197,	4.764139e-04
25198,	4.761387e-04
25199,	4.758637e-04
25200,	4.755888e-04
25201,	4.753141e-04
25202,	4.750395e-04
25203,	4.747651e-04
25204,	4.744908e-04
25205,	4.742167e-04
25206,	4.739427e-04
25207,	4.736689e-04
25208,	4.733952e-04
25209,	4.731217e-04
25210,	4.728483e-04
25211,	4.725751e-04
25212,	4.723020e-04
25213,	4.720291e-04
25214,	4.717563e-04
25215,	4.714836e-04
25216,	4.712112e-04
25217,	4.709388e-04
25218,	4.706666e-04
25219,	4.703946e-04
25220,	4.701227e-04
25221,	4.698510e-04
25222,	4.695794e-04
25223,	4.693079e-04
25224,	4.690366e-04
25225,	4.687655e-04
25226,	4.684945e-04
25227,	4.682236e-04
25228,	4.679529e-04
25229,	4.676823e-04
25230,	4.674119e-04
25231,	4.671417e-04
25232,	4.668716e-04
25233,	4.666016e-04
25234,	4.663318e-04
25235,	4.660621e-04
25236,	4.657926e-04
25237,	4.655232e-04
25238,	4.652540e-04
25239,	4.649849e-04
25240,	4.647159e-04
25241,	4.644471e-04
25242,	4.641785e-04
25243,	4.639100e-04
25244,	4.636417e-04
25245,	4.633735e-04
25246,	4.631054e-04
25247,	4.628375e-04
25248,	4.625697e-04
25249,	4.623021e-04
25250,	4.620346e-04
25251,	4.617673e-04
25252,	4.615001e-04
25253,	4.612331e-04
25254,	4.609662e-04
25255,	4.606995e-04
25256,	4.604329e-04
25257,	4.601664e-04
25258,	4.599001e-04
25259,	4.596340e-04
25260,	4.593680e-04
25261,	4.591021e-04
25262,	4.588364e-04
25263,	4.585708e-04
25264,	4.583054e-04
25265,	4.580401e-04
25266,	4.577750e-04
25267,	4.575100e-04
25268,	4.572451e-04
25269,	4.569804e-04
25270,	4.567158e-04
25271,	4.564514e-04
25272,	4.561872e-04
25273,	4.559230e-04
25274,	4.556590e-04
25275,	4.553952e-04
25276,	4.551315e-04
25277,	4.548680e-04
25278,	4.546046e-04
25279,	4.543413e-04
25280,	4.540782e-04
25281,	4.538152e-04
25282,	4.535524e-04
25283,	4.532897e-04
25284,	4.530272e-04
25285,	4.527648e-04
25286,	4.525025e-04
25287,	4.522404e-04
25288,	4.519784e-04
25289,	4.517166e-04
25290,	4.514549e-04
25291,	4.511934e-04
25292,	4.509320e-04
25293,	4.506708e-04
25294,	4.504097e-04
25295,	4.501487e-04
25296,	4.498879e-04
25297,	4.496272e-04
25298,	4.493667e-04
25299,	4.491063e-04
25300,	4.488460e-04
25301,	4.485859e-04
25302,	4.483260e-04
25303,	4.480661e-04
25304,	4.478065e-04
25305,	4.475469e-04
25306,	4.472875e-04
25307,	4.470283e-04
25308,	4.467692e-04
25309,	4.465102e-04
25310,	4.462514e-04
25311,	4.459927e-04
25312,	4.457341e-04
25313,	4.454757e-04
25314,	4.452175e-04
25315,	4.449594e-04
25316,	4.447014e-04
25317,	4.444435e-04
25318,	4.441859e-04
25319,	4.439283e-04
25320,	4.436709e-04
25321,	4.434136e-04
25322,	4.431565e-04
25323,	4.428995e-04
25324,	4.426427e-04
25325,	4.423859e-04
25326,	4.421294e-04
25327,	4.418730e-04
25328,	4.416167e-04
25329,	4.413605e-04
25330,	4.411045e-04
25331,	4.408487e-04
25332,	4.405929e-04
25333,	4.403374e-04
25334,	4.400819e-04
25335,	4.398266e-04
25336,	4.395715e-04
25337,	4.393164e-04
25338,	4.390615e-04
25339,	4.388068e-04
25340,	4.385522e-04
25341,	4.382977e-04
25342,	4.380434e-04
25343,	4.377892e-04
25344,	4.375352e-04
25345,	4.372813e-04
25346,	4.370275e-04
25347,	4.367739e-04
25348,	4.365204e-04
25349,	4.362671e-04
25350,	4.360139e-04
25351,	4.357608e-04
25352,	4.355079e-04
25353,	4.352551e-04
25354,	4.350024e-04
25355,	4.347499e-04
25356,	4.344975e-04
25357,	4.342453e-04
25358,	4.339932e-04
25359,	4.337412e-04
25360,	4.334894e-04
25361,	4.332377e-04
25362,	4.329862e-04
25363,	4.327348e-04
25364,	4.324835e-04
25365,	4.322324e-04
25366,	4.319814e-04
25367,	4.317305e-04
25368,	4.314798e-04
25369,	4.312292e-04
25370,	4.309788e-04
25371,	4.307285e-04
25372,	4.304783e-04
25373,	4.302283e-04
25374,	4.299784e-04
25375,	4.297286e-04
25376,	4.294790e-04
25377,	4.292295e-04
25378,	4.289802e-04
25379,	4.287310e-04
25380,	4.284819e-04
25381,	4.282330e-04
25382,	4.279842e-04
25383,	4.277355e-04
25384,	4.274870e-04
25385,	4.272386e-04
25386,	4.269904e-04
25387,	4.267422e-04
25388,	4.264943e-04
25389,	4.262464e-04
25390,	4.259987e-04
25391,	4.257512e-04
25392,	4.255037e-04
25393,	4.252564e-04
25394,	4.250093e-04
25395,	4.247622e-04
25396,	4.245154e-04
25397,	4.242686e-04
25398,	4.240220e-04
25399,	4.237755e-04
25400,	4.235292e-04
25401,	4.232830e-04
25402,	4.230369e-04
25403,	4.227909e-04
25404,	4.225451e-04
25405,	4.222995e-04
25406,	4.220539e-04
25407,	4.218085e-04
25408,	4.215633e-04
25409,	4.213181e-04
25410,	4.210731e-04
25411,	4.208283e-04
25412,	4.205836e-04
25413,	4.203390e-04
25414,	4.200945e-04
25415,	4.198502e-04
25416,	4.196060e-04
25417,	4.193620e-04
25418,	4.191180e-04
25419,	4.188743e-04
25420,	4.186306e-04
25421,	4.183871e-04
25422,	4.181437e-04
25423,	4.179005e-04
25424,	4.176574e-04
25425,	4.174144e-04
25426,	4.171715e-04
25427,	4.169288e-04
25428,	4.166862e-04
25429,	4.164438e-04
25430,	4.162015e-04
25431,	4.159593e-04
25432,	4.157173e-04
25433,	4.154754e-04
25434,	4.152336e-04
25435,	4.149919e-04
25436,	4.147504e-04
25437,	4.145090e-04
25438,	4.142678e-04
25439,	4.140267e-04
25440,	4.137857e-04
25441,	4.135449e-04
25442,	4.133041e-04
25443,	4.130636e-04
25444,	4.128231e-04
25445,	4.125828e-04
25446,	4.123426e-04
25447,	4.121026e-04
25448,	4.118626e-04
25449,	4.116229e-04
25450,	4.113832e-04
25451,	4.111437e-04
25452,	4.109043e-04
25453,	4.106650e-04
25454,	4.104259e-04
25455,	4.101869e-04
25456,	4.099480e-04
25457,	4.097093e-04
25458,	4.094707e-04
25459,	4.092322e-04
25460,	4.089939e-04
25461,	4.087557e-04
25462,	4.085176e-04
25463,	4.082797e-04
25464,	4.080419e-04
25465,	4.078042e-04
25466,	4.075666e-04
25467,	4.073292e-04
25468,	4.070919e-04
25469,	4.068548e-04
25470,	4.066177e-04
25471,	4.063808e-04
25472,	4.061441e-04
25473,	4.059074e-04
25474,	4.056709e-04
25475,	4.054345e-04
25476,	4.051983e-04
25477,	4.049622e-04
25478,	4.047262e-04
25479,	4.044903e-04
25480,	4.042546e-04
25481,	4.040190e-04
25482,	4.037836e-04
25483,	4.035482e-04
25484,	4.033130e-04
25485,	4.030780e-04
25486,	4.028430e-04
25487,	4.026082e-04
25488,	4.023735e-04
25489,	4.021390e-04
25490,	4.019045e-04
25491,	4.016702e-04
25492,	4.014361e-04
25493,	4.012020e-04
25494,	4.009681e-04
25495,	4.007343e-04
25496,	4.005007e-04
25497,	4.002672e-04
25498,	4.000338e-04
25499,	3.998005e-04
25500,	3.995674e-04
25501,	3.993344e-04
25502,	3.991015e-04
25503,	3.988687e-04
25504,	3.986361e-04
25505,	3.984036e-04
25506,	3.981713e-04
25507,	3.979390e-04
25508,	3.977069e-04
25509,	3.974749e-04
25510,	3.972431e-04
25511,	3.970114e-04
25512,	3.967798e-04
25513,	3.965483e-04
25514,	3.963170e-04
25515,	3.960857e-04
25516,	3.958547e-04
25517,	3.956237e-04
25518,	3.953929e-04
25519,	3.951622e-04
25520,	3.949316e-04
25521,	3.947012e-04
25522,	3.944708e-04
25523,	3.942406e-04
25524,	3.940106e-04
25525,	3.937806e-04
25526,	3.935508e-04
25527,	3.933211e-04
25528,	3.930916e-04
25529,	3.928622e-04
25530,	3.926328e-04
25531,	3.924037e-04
25532,	3.921746e-04
25533,	3.919457e-04
25534,	3.917169e-04
25535,	3.914882e-04
25536,	3.912597e-04
25537,	3.910313e-04
25538,	3.908030e-04
25539,	3.905748e-04
25540,	3.903468e-04
25541,	3.901189e-04
25542,	3.898911e-04
25543,	3.896634e-04
25544,	3.894359e-04
25545,	3.892085e-04
25546,	3.889812e-04
25547,	3.887540e-04
25548,	3.885270e-04
25549,	3.883001e-04
25550,	3.880733e-04
25551,	3.878466e-04
25552,	3.876201e-04
25553,	3.873937e-04
25554,	3.871674e-04
25555,	3.869413e-04
25556,	3.867152e-04
25557,	3.864893e-04
25558,	3.862636e-04
25559,	3.860379e-04
25560,	3.858124e-04
25561,	3.855870e-04
25562,	3.853617e-04
25563,	3.851365e-04
25564,	3.849115e-04
25565,	3.846866e-04
25566,	3.844618e-04
25567,	3.842371e-04
25568,	3.840126e-04
25569,	3.837882e-04
25570,	3.835639e-04
25571,	3.833398e-04
25572,	3.831157e-04
25573,	3.828918e-04
25574,	3.826680e-04
25575,	3.824443e-04
25576,	3.822208e-04
25577,	3.819974e-04
25578,	3.817741e-04
25579,	3.815509e-04
25580,	3.813279e-04
25581,	3.811049e-04
25582,	3.808821e-04
25583,	3.806595e-04
25584,	3.804369e-04
25585,	3.802145e-04
25586,	3.799922e-04
25587,	3.797700e-04
25588,	3.795479e-04
25589,	3.793260e-04
25590,	3.791042e-04
25591,	3.788825e-04
25592,	3.786609e-04
25593,	3.784395e-04
25594,	3.782181e-04
25595,	3.779969e-04
25596,	3.777759e-04
25597,	3.775549e-04
25598,	3.773341e-04
25599,	3.771133e-04
25600,	3.768928e-04
25601,	3.766723e-04
25602,	3.764519e-04
25603,	3.762317e-04
25604,	3.760116e-04
25605,	3.757916e-04
25606,	3.755718e-04
25607,	3.753520e-04
25608,	3.751324e-04
25609,	3.749129e-04
25610,	3.746936e-04
25611,	3.744743e-04
25612,	3.742552e-04
25613,	3.740362e-04
25614,	3.738173e-04
25615,	3.735985e-04
25616,	3.733799e-04
25617,	3.731614e-04
25618,	3.729430e-04
25619,	3.727247e-04
25620,	3.725065e-04
25621,	3.722885e-04
25622,	3.720706e-04
25623,	3.718528e-04
25624,	3.716351e-04
25625,	3.714175e-04
25626,	3.712001e-04
25627,	3.709828e-04
25628,	3.707656e-04
25629,	3.705485e-04
25630,	3.703316e-04
25631,	3.701147e-04
25632,	3.698980e-04
25633,	3.696814e-04
25634,	3.694650e-04
25635,	3.692486e-04
25636,	3.690324e-04
25637,	3.688163e-04
25638,	3.686003e-04
25639,	3.683844e-04
25640,	3.681687e-04
25641,	3.679530e-04
25642,	3.677375e-04
25643,	3.675221e-04
25644,	3.673069e-04
25645,	3.670917e-04
25646,	3.668767e-04
25647,	3.666617e-04
25648,	3.664470e-04
25649,	3.662323e-04
25650,	3.660177e-04
25651,	3.658033e-04
25652,	3.655890e-04
25653,	3.653748e-04
25654,	3.651607e-04
25655,	3.649467e-04
25656,	3.647329e-04
25657,	3.645191e-04
25658,	3.643055e-04
25659,	3.640920e-04
25660,	3.638787e-04
25661,	3.636654e-04
25662,	3.634523e-04
25663,	3.632393e-04
25664,	3.630264e-04
25665,	3.628136e-04
25666,	3.626009e-04
25667,	3.623884e-04
25668,	3.621760e-04
25669,	3.619637e-04
25670,	3.617515e-04
25671,	3.615394e-04
25672,	3.613274e-04
25673,	3.611156e-04
25674,	3.609039e-04
25675,	3.606923e-04
25676,	3.604808e-04
25677,	3.602694e-04
25678,	3.600582e-04
25679,	3.598471e-04
25680,	3.596361e-04
25681,	3.594252e-04
25682,	3.592144e-04
25683,	3.590037e-04
25684,	3.587932e-04
25685,	3.585827e-04
25686,	3.583724e-04
25687,	3.581622e-04
25688,	3.579522e-04
25689,	3.577422e-04
25690,	3.575324e-04
25691,	3.573226e-04
25692,	3.571130e-04
25693,	3.569035e-04
25694,	3.566941e-04
25695,	3.564849e-04
25696,	3.562757e-04
25697,	3.560667e-04
25698,	3.558578e-04
25699,	3.556490e-04
25700,	3.554403e-04
25701,	3.552318e-04
25702,	3.550233e-04
25703,	3.548150e-04
25704,	3.546068e-04
25705,	3.543986e-04
25706,	3.541907e-04
25707,	3.539828e-04
25708,	3.537750e-04
25709,	3.535674e-04
25710,	3.533599e-04
25711,	3.531525e-04
25712,	3.529452e-04
25713,	3.527380e-04
25714,	3.525309e-04
25715,	3.523240e-04
25716,	3.521172e-04
25717,	3.519104e-04
25718,	3.517038e-04
25719,	3.514973e-04
25720,	3.512910e-04
25721,	3.510847e-04
25722,	3.508786e-04
25723,	3.506725e-04
25724,	3.504666e-04
25725,	3.502608e-04
25726,	3.500551e-04
25727,	3.498496e-04
25728,	3.496441e-04
25729,	3.494388e-04
25730,	3.492335e-04
25731,	3.490284e-04
25732,	3.488234e-04
25733,	3.486185e-04
25734,	3.484138e-04
25735,	3.482091e-04
25736,	3.480046e-04
25737,	3.478001e-04
25738,	3.475958e-04
25739,	3.473916e-04
25740,	3.471875e-04
25741,	3.469836e-04
25742,	3.467797e-04
25743,	3.465759e-04
25744,	3.463723e-04
25745,	3.461688e-04
25746,	3.459654e-04
25747,	3.457621e-04
25748,	3.455589e-04
25749,	3.453558e-04
25750,	3.451529e-04
25751,	3.449500e-04
25752,	3.447473e-04
25753,	3.445447e-04
25754,	3.443422e-04
25755,	3.441398e-04
25756,	3.439375e-04
25757,	3.437353e-04
25758,	3.435333e-04
25759,	3.433313e-04
25760,	3.431295e-04
25761,	3.429278e-04
25762,	3.427262e-04
25763,	3.425247e-04
25764,	3.423233e-04
25765,	3.421221e-04
25766,	3.419209e-04
25767,	3.417199e-04
25768,	3.415189e-04
25769,	3.413181e-04
25770,	3.411174e-04
25771,	3.409168e-04
25772,	3.407163e-04
25773,	3.405159e-04
25774,	3.403157e-04
25775,	3.401155e-04
25776,	3.399155e-04
25777,	3.397156e-04
25778,	3.395158e-04
25779,	3.393161e-04
25780,	3.391165e-04
25781,	3.389170e-04
25782,	3.387176e-04
25783,	3.385183e-04
25784,	3.383192e-04
25785,	3.381202e-04
25786,	3.379212e-04
25787,	3.377224e-04
25788,	3.375237e-04
25789,	3.373251e-04
25790,	3.371266e-04
25791,	3.369283e-04
25792,	3.367300e-04
25793,	3.365319e-04
25794,	3.363338e-04
25795,	3.361359e-04
25796,	3.359381e-04
25797,	3.357403e-04
25798,	3.355427e-04
25799,	3.353453e-04
25800,	3.351479e-04
25801,	3.349506e-04
25802,	3.347535e-04
25803,	3.345564e-04
25804,	3.343595e-04
25805,	3.341626e-04
25806,	3.339659e-04
25807,	3.337693e-04
25808,	3.335728e-04
25809,	3.333764e-04
25810,	3.331801e-04
25811,	3.329840e-04
25812,	3.327879e-04
25813,	3.325919e-04
25814,	3.323961e-04
25815,	3.322004e-04
25816,	3.320047e-04
25817,	3.318092e-04
25818,	3.316138e-04
25819,	3.314185e-04
25820,	3.312233e-04
25821,	3.310282e-04
25822,	3.308333e-04
25823,	3.306384e-04
25824,	3.304436e-04
25825,	3.302490e-04
25826,	3.300545e-04
25827,	3.298600e-04
25828,	3.296657e-04
25829,	3.294715e-04
25830,	3.292774e-04
25831,	3.290834e-04
25832,	3.288895e-04
25833,	3.286957e-04
25834,	3.285021e-04
25835,	3.283085e-04
25836,	3.281150e-04
25837,	3.279217e-04
25838,	3.277285e-04
25839,	3.275353e-04
25840,	3.273423e-04
25841,	3.271494e-04
25842,	3.269566e-04
25843,	3.267639e-04
25844,	3.265713e-04
25845,	3.263788e-04
25846,	3.261864e-04
25847,	3.259942e-04
25848,	3.258020e-04
25849,	3.256099e-04
25850,	3.254180e-04
25851,	3.252262e-04
25852,	3.250344e-04
25853,	3.248428e-04
25854,	3.246513e-04
25855,	3.244599e-04
25856,	3.242686e-04
25857,	3.240774e-04
25858,	3.238863e-04
25859,	3.236953e-04
25860,	3.235044e-04
25861,	3.233136e-04
25862,	3.231230e-04
25863,	3.229324e-04
25864,	3.227419e-04
25865,	3.225516e-04
25866,	3.223614e-04
25867,	3.221712e-04
25868,	3.219812e-04
25869,	3.217913e-04
25870,	3.216015e-04
25871,	3.214118e-04
25872,	3.212221e-04
25873,	3.210326e-04
25874,	3.208433e-04
25875,	3.206540e-04
25876,	3.204648e-04
25877,	3.202757e-04
25878,	3.200867e-04
25879,	3.198979e-04
25880,	3.197091e-04
25881,	3.195205e-04
25882,	3.193319e-04
25883,	3.191435e-04
25884,	3.189551e-04
25885,	3.187669e-04
25886,	3.185788e-04
25887,	3.183908e-04
25888,	3.182029e-04
25889,	3.180150e-04
25890,	3.178273e-04
25891,	3.176397e-04
25892,	3.174522e-04
25893,	3.172649e-04
25894,	3.170776e-04
25895,	3.168904e-04
25896,	3.167033e-04
25897,	3.165163e-04
25898,	3.163295e-04
25899,	3.161427e-04
25900,	3.159560e-04
25901,	3.157695e-04
25902,	3.155830e-04
25903,	3.153967e-04
25904,	3.152105e-04
25905,	3.150243e-04
25906,	3.148383e-04
25907,	3.146524e-04
25908,	3.144665e-04
25909,	3.142808e-04
25910,	3.140952e-04
25911,	3.139097e-04
25912,	3.137243e-04
25913,	3.135390e-04
25914,	3.133538e-04
25915,	3.131687e-04
25916,	3.129837e-04
25917,	3.127988e-04
25918,	3.126140e-04
25919,	3.124293e-04
25920,	3.122447e-04
25921,	3.120602e-04
25922,	3.118759e-04
25923,	3.116916e-04
25924,	3.115074e-04
25925,	3.113234e-04
25926,	3.111394e-04
25927,	3.109555e-04
25928,	3.107718e-04
25929,	3.105881e-04
25930,	3.104046e-04
25931,	3.102211e-04
25932,	3.100378e-04
25933,	3.098545e-04
25934,	3.096714e-04
25935,	3.094883e-04
25936,	3.093054e-04
25937,	3.091226e-04
25938,	3.089398e-04
25939,	3.087572e-04
25940,	3.085747e-04
25941,	3.083923e-04
25942,	3.082099e-04
25943,	3.080277e-04
25944,	3.078456e-04
25945,	3.076636e-04
25946,	3.074817e-04
25947,	3.072999e-04
25948,	3.071181e-04
25949,	3.069365e-04
25950,	3.067550e-04
25951,	3.065736e-04
25952,	3.063923e-04
25953,	3.062111e-04
25954,	3.060300e-04
25955,	3.058490e-04
25956,	3.056681e-04
25957,	3.054873e-04
25958,	3.053066e-04
25959,	3.051260e-04
25960,	3.049455e-04
25961,	3.047651e-04
25962,	3.045848e-04
25963,	3.044047e-04
25964,	3.042246e-04
25965,	3.040446e-04
25966,	3.038647e-04
25967,	3.036849e-04
25968,	3.035052e-04
25969,	3.033256e-04
25970,	3.031461e-04
25971,	3.029668e-04
25972,	3.027875e-04
25973,	3.026083e-04
25974,	3.024292e-04
25975,	3.022502e-04
25976,	3.020713e-04
25977,	3.018926e-04
25978,	3.017139e-04
25979,	3.015353e-04
25980,	3.013568e-04
25981,	3.011784e-04
25982,	3.010001e-04
25983,	3.008220e-04
25984,	3.006439e-04
25985,	3.004659e-04
25986,	3.002880e-04
25987,	3.001102e-04
25988,	2.999326e-04
25989,	2.997550e-04
25990,	2.995775e-04
25991,	2.994001e-04
25992,	2.992228e-04
25993,	2.990456e-04
25994,	2.988685e-04
25995,	2.986916e-04
25996,	2.985147e-04
25997,	2.983379e-04
25998,	2.981612e-04
25999,	2.979846e-04
26000,	2.978081e-04
26001,	2.976317e-04
26002,	2.974554e-04
26003,	2.972792e-04
26004,	2.971031e-04
26005,	2.969271e-04
26006,	2.967512e-04
26007,	2.965754e-04
26008,	2.963997e-04
26009,	2.962241e-04
26010,	2.960486e-04
26011,	2.958732e-04
26012,	2.956979e-04
26013,	2.955227e-04
26014,	2.953476e-04
26015,	2.951726e-04
26016,	2.949977e-04
26017,	2.948228e-04
26018,	2.946481e-04
26019,	2.944735e-04
26020,	2.942990e-04
26021,	2.941245e-04
26022,	2.939502e-04
26023,	2.937760e-04
26024,	2.936019e-04
26025,	2.934278e-04
26026,	2.932539e-04
26027,	2.930801e-04
26028,	2.929063e-04
26029,	2.927327e-04
26030,	2.925591e-04
26031,	2.923857e-04
26032,	2.922123e-04
26033,	2.920391e-04
26034,	2.918659e-04
26035,	2.916929e-04
26036,	2.915199e-04
26037,	2.913470e-04
26038,	2.911743e-04
26039,	2.910016e-04
26040,	2.908290e-04
26041,	2.906565e-04
26042,	2.904841e-04
26043,	2.903119e-04
26044,	2.901397e-04
26045,	2.899676e-04
26046,	2.897956e-04
26047,	2.896237e-04
26048,	2.894519e-04
26049,	2.892802e-04
26050,	2.891086e-04
26051,	2.889371e-04
26052,	2.887657e-04
26053,	2.885943e-04
26054,	2.884231e-04
26055,	2.882520e-04
26056,	2.880810e-04
26057,	2.879100e-04
26058,	2.877392e-04
26059,	2.875684e-04
26060,	2.873978e-04
26061,	2.872272e-04
26062,	2.870568e-04
26063,	2.868864e-04
26064,	2.867162e-04
26065,	2.865460e-04
26066,	2.863759e-04
26067,	2.862059e-04
26068,	2.860361e-04
26069,	2.858663e-04
26070,	2.856966e-04
26071,	2.855270e-04
26072,	2.853575e-04
26073,	2.851881e-04
26074,	2.850188e-04
26075,	2.848496e-04
26076,	2.846804e-04
26077,	2.845114e-04
26078,	2.843425e-04
26079,	2.841736e-04
26080,	2.840049e-04
26081,	2.838363e-04
26082,	2.836677e-04
26083,	2.834993e-04
26084,	2.833309e-04
26085,	2.831626e-04
26086,	2.829945e-04
26087,	2.828264e-04
26088,	2.826584e-04
26089,	2.824905e-04
26090,	2.823227e-04
26091,	2.821550e-04
26092,	2.819874e-04
26093,	2.818199e-04
26094,	2.816525e-04
26095,	2.814851e-04
26096,	2.813179e-04
26097,	2.811508e-04
26098,	2.809837e-04
26099,	2.808168e-04
26100,	2.806499e-04
26101,	2.804832e-04
26102,	2.803165e-04
26103,	2.801499e-04
26104,	2.799835e-04
26105,	2.798171e-04
26106,	2.796508e-04
26107,	2.794846e-04
26108,	2.793185e-04
26109,	2.791525e-04
26110,	2.789866e-04
26111,	2.788207e-04
26112,	2.786550e-04
26113,	2.784894e-04
26114,	2.783238e-04
26115,	2.781584e-04
26116,	2.779930e-04
26117,	2.778277e-04
26118,	2.776626e-04
26119,	2.774975e-04
26120,	2.773325e-04
26121,	2.771676e-04
26122,	2.770028e-04
26123,	2.768381e-04
26124,	2.766735e-04
26125,	2.765090e-04
26126,	2.763445e-04
26127,	2.761802e-04
26128,	2.760159e-04
26129,	2.758518e-04
26130,	2.756877e-04
26131,	2.755238e-04
26132,	2.753599e-04
26133,	2.751961e-04
26134,	2.750324e-04
26135,	2.748688e-04
26136,	2.747053e-04
26137,	2.745419e-04
26138,	2.743786e-04
26139,	2.742153e-04
26140,	2.740522e-04
26141,	2.738891e-04
26142,	2.737262e-04
26143,	2.735633e-04
26144,	2.734005e-04
26145,	2.732379e-04
26146,	2.730753e-04
26147,	2.729128e-04
26148,	2.727504e-04
26149,	2.725880e-04
26150,	2.724258e-04
26151,	2.722637e-04
26152,	2.721016e-04
26153,	2.719397e-04
26154,	2.717778e-04
26155,	2.716161e-04
26156,	2.714544e-04
26157,	2.712928e-04
26158,	2.711313e-04
26159,	2.709699e-04
26160,	2.708086e-04
26161,	2.706474e-04
26162,	2.704862e-04
26163,	2.703252e-04
26164,	2.701642e-04
26165,	2.700034e-04
26166,	2.698426e-04
26167,	2.696819e-04
26168,	2.695213e-04
26169,	2.693608e-04
26170,	2.692004e-04
26171,	2.690401e-04
26172,	2.688799e-04
26173,	2.687198e-04
26174,	2.685597e-04
26175,	2.683998e-04
26176,	2.682399e-04
26177,	2.680801e-04
26178,	2.679204e-04
26179,	2.677608e-04
26180,	2.676013e-04
26181,	2.674419e-04
26182,	2.672826e-04
26183,	2.671233e-04
26184,	2.669642e-04
26185,	2.668051e-04
26186,	2.666462e-04
26187,	2.664873e-04
26188,	2.663285e-04
26189,	2.661698e-04
26190,	2.660112e-04
26191,	2.658527e-04
26192,	2.656942e-04
26193,	2.655359e-04
26194,	2.653776e-04
26195,	2.652195e-04
26196,	2.650614e-04
26197,	2.649034e-04
26198,	2.647455e-04
26199,	2.645877e-04
26200,	2.644300e-04
26201,	2.642724e-04
26202,	2.641148e-04
26203,	2.639574e-04
26204,	2.638000e-04
26205,	2.636427e-04
26206,	2.634855e-04
26207,	2.633285e-04
26208,	2.631714e-04
26209,	2.630145e-04
26210,	2.628577e-04
26211,	2.627009e-04
26212,	2.625443e-04
26213,	2.623877e-04
26214,	2.622312e-04
26215,	2.620749e-04
26216,	2.619186e-04
26217,	2.617623e-04
26218,	2.616062e-04
26219,	2.614502e-04
26220,	2.612942e-04
26221,	2.611384e-04
26222,	2.609826e-04
26223,	2.608269e-04
26224,	2.606713e-04
26225,	2.605158e-04
26226,	2.603604e-04
26227,	2.602050e-04
26228,	2.600498e-04
26229,	2.598946e-04
26230,	2.597396e-04
26231,	2.595846e-04
26232,	2.594297e-04
26233,	2.592749e-04
26234,	2.591201e-04
26235,	2.589655e-04
26236,	2.588110e-04
26237,	2.586565e-04
26238,	2.585021e-04
26239,	2.583478e-04
26240,	2.581936e-04
26241,	2.580395e-04
26242,	2.578855e-04
26243,	2.577316e-04
26244,	2.575777e-04
26245,	2.574239e-04
26246,	2.572703e-04
26247,	2.571167e-04
26248,	2.569632e-04
26249,	2.568097e-04
26250,	2.566564e-04
26251,	2.565032e-04
26252,	2.563500e-04
26253,	2.561969e-04
26254,	2.560439e-04
26255,	2.558910e-04
26256,	2.557382e-04
26257,	2.555855e-04
26258,	2.554329e-04
26259,	2.552803e-04
26260,	2.551278e-04
26261,	2.549755e-04
26262,	2.548232e-04
26263,	2.546709e-04
26264,	2.545188e-04
26265,	2.543668e-04
26266,	2.542148e-04
26267,	2.540630e-04
26268,	2.539112e-04
26269,	2.537595e-04
26270,	2.536079e-04
26271,	2.534563e-04
26272,	2.533049e-04
26273,	2.531536e-04
26274,	2.530023e-04
26275,	2.528511e-04
26276,	2.527000e-04
26277,	2.525490e-04
26278,	2.523981e-04
26279,	2.522472e-04
26280,	2.520965e-04
26281,	2.519458e-04
26282,	2.517952e-04
26283,	2.516447e-04
26284,	2.514943e-04
26285,	2.513440e-04
26286,	2.511937e-04
26287,	2.510435e-04
26288,	2.508935e-04
26289,	2.507435e-04
26290,	2.505936e-04
26291,	2.504437e-04
26292,	2.502940e-04
26293,	2.501444e-04
26294,	2.499948e-04
26295,	2.498453e-04
26296,	2.496959e-04
26297,	2.495466e-04
26298,	2.493974e-04
26299,	2.492482e-04
26300,	2.490991e-04
26301,	2.489502e-04
26302,	2.488013e-04
26303,	2.486525e-04
26304,	2.485037e-04
26305,	2.483551e-04
26306,	2.482065e-04
26307,	2.480581e-04
26308,	2.479097e-04
26309,	2.477614e-04
26310,	2.476131e-04
26311,	2.474650e-04
26312,	2.473169e-04
26313,	2.471690e-04
26314,	2.470211e-04
26315,	2.468733e-04
26316,	2.467256e-04
26317,	2.465779e-04
26318,	2.464304e-04
26319,	2.462829e-04
26320,	2.461355e-04
26321,	2.459882e-04
26322,	2.458410e-04
26323,	2.456938e-04
26324,	2.455468e-04
26325,	2.453998e-04
26326,	2.452529e-04
26327,	2.451061e-04
26328,	2.449594e-04
26329,	2.448128e-04
26330,	2.446662e-04
26331,	2.445197e-04
26332,	2.443733e-04
26333,	2.442270e-04
26334,	2.440808e-04
26335,	2.439347e-04
26336,	2.437886e-04
26337,	2.436426e-04
26338,	2.434967e-04
26339,	2.433509e-04
26340,	2.432052e-04
26341,	2.430596e-04
26342,	2.429140e-04
26343,	2.427685e-04
26344,	2.426231e-04
26345,	2.424778e-04
26346,	2.423326e-04
26347,	2.421874e-04
26348,	2.420423e-04
26349,	2.418973e-04
26350,	2.417524e-04
26351,	2.416076e-04
26352,	2.414629e-04
26353,	2.413182e-04
26354,	2.411736e-04
26355,	2.410291e-04
26356,	2.408847e-04
26357,	2.407404e-04
26358,	2.405961e-04
26359,	2.404519e-04
26360,	2.403079e-04
26361,	2.401638e-04
26362,	2.400199e-04
26363,	2.398761e-04
26364,	2.397323e-04
26365,	2.395886e-04
26366,	2.394450e-04
26367,	2.393015e-04
26368,	2.391581e-04
26369,	2.390147e-04
26370,	2.388714e-04
26371,	2.387282e-04
26372,	2.385851e-04
26373,	2.384421e-04
26374,	2.382991e-04
26375,	2.381563e-04
26376,	2.380135e-04
26377,	2.378708e-04
26378,	2.377281e-04
26379,	2.375856e-04
26380,	2.374431e-04
26381,	2.373007e-04
26382,	2.371584e-04
26383,	2.370162e-04
26384,	2.368741e-04
26385,	2.367320e-04
26386,	2.365900e-04
26387,	2.364481e-04
26388,	2.363063e-04
26389,	2.361645e-04
26390,	2.360229e-04
26391,	2.358813e-04
26392,	2.357398e-04
26393,	2.355984e-04
26394,	2.354570e-04
26395,	2.353158e-04
26396,	2.351746e-04
26397,	2.350335e-04
26398,	2.348924e-04
26399,	2.347515e-04
26400,	2.346106e-04
26401,	2.344699e-04
26402,	2.343291e-04
26403,	2.341885e-04
26404,	2.340480e-04
26405,	2.339075e-04
26406,	2.337671e-04
26407,	2.336268e-04
26408,	2.334866e-04
26409,	2.333465e-04
26410,	2.332064e-04
26411,	2.330664e-04
26412,	2.329265e-04
26413,	2.327867e-04
26414,	2.326469e-04
26415,	2.325072e-04
26416,	2.323676e-04
26417,	2.322281e-04
26418,	2.320887e-04
26419,	2.319493e-04
26420,	2.318101e-04
26421,	2.316709e-04
26422,	2.315317e-04
26423,	2.313927e-04
26424,	2.312537e-04
26425,	2.311149e-04
26426,	2.309761e-04
26427,	2.308373e-04
26428,	2.306987e-04
26429,	2.305601e-04
26430,	2.304216e-04
26431,	2.302832e-04
26432,	2.301449e-04
26433,	2.300066e-04
26434,	2.298685e-04
26435,	2.297304e-04
26436,	2.295923e-04
26437,	2.294544e-04
26438,	2.293165e-04
26439,	2.291788e-04
26440,	2.290411e-04
26441,	2.289034e-04
26442,	2.287659e-04
26443,	2.286284e-04
26444,	2.284910e-04
26445,	2.283537e-04
26446,	2.282165e-04
26447,	2.280793e-04
26448,	2.279422e-04
26449,	2.278052e-04
26450,	2.276683e-04
26451,	2.275314e-04
26452,	2.273947e-04
26453,	2.272580e-04
26454,	2.271213e-04
26455,	2.269848e-04
26456,	2.268483e-04
26457,	2.267120e-04
26458,	2.265757e-04
26459,	2.264394e-04
26460,	2.263033e-04
26461,	2.261672e-04
26462,	2.260312e-04
26463,	2.258953e-04
26464,	2.257594e-04
26465,	2.256237e-04
26466,	2.254880e-04
26467,	2.253524e-04
26468,	2.252168e-04
26469,	2.250814e-04
26470,	2.249460e-04
26471,	2.248107e-04
26472,	2.246754e-04
26473,	2.245403e-04
26474,	2.244052e-04
26475,	2.242702e-04
26476,	2.241353e-04
26477,	2.240004e-04
26478,	2.238657e-04
26479,	2.237310e-04
26480,	2.235964e-04
26481,	2.234618e-04
26482,	2.233274e-04
26483,	2.231930e-04
26484,	2.230587e-04
26485,	2.229244e-04
26486,	2.227903e-04
26487,	2.226562e-04
26488,	2.225222e-04
26489,	2.223882e-04
26490,	2.222544e-04
26491,	2.221206e-04
26492,	2.219869e-04
26493,	2.218533e-04
26494,	2.217197e-04
26495,	2.215863e-04
26496,	2.214529e-04
26497,	2.213195e-04
26498,	2.211863e-04
26499,	2.210531e-04
26500,	2.209200e-04
26501,	2.207870e-04
26502,	2.206540e-04
26503,	2.205212e-04
26504,	2.203884e-04
26505,	2.202557e-04
26506,	2.201230e-04
26507,	2.199904e-04
26508,	2.198579e-04
26509,	2.197255e-04
26510,	2.195932e-04
26511,	2.194609e-04
26512,	2.193287e-04
26513,	2.191966e-04
26514,	2.190646e-04
26515,	2.189326e-04
26516,	2.188007e-04
26517,	2.186689e-04
26518,	2.185371e-04
26519,	2.184055e-04
26520,	2.182739e-04
26521,	2.181424e-04
26522,	2.180109e-04
26523,	2.178795e-04
26524,	2.177482e-04
26525,	2.176170e-04
26526,	2.174859e-04
26527,	2.173548e-04
26528,	2.172238e-04
26529,	2.170929e-04
26530,	2.169620e-04
26531,	2.168313e-04
26532,	2.167006e-04
26533,	2.165699e-04
26534,	2.164394e-04
26535,	2.163089e-04
26536,	2.161785e-04
26537,	2.160482e-04
26538,	2.159179e-04
26539,	2.157877e-04
26540,	2.156576e-04
26541,	2.155276e-04
26542,	2.153976e-04
26543,	2.152677e-04
26544,	2.151379e-04
26545,	2.150082e-04
26546,	2.148785e-04
26547,	2.147489e-04
26548,	2.146194e-04
26549,	2.144900e-04
26550,	2.143606e-04
26551,	2.142313e-04
26552,	2.141021e-04
26553,	2.139729e-04
26554,	2.138439e-04
26555,	2.137149e-04
26556,	2.135859e-04
26557,	2.134571e-04
26558,	2.133283e-04
26559,	2.131996e-04
26560,	2.130709e-04
26561,	2.129424e-04
26562,	2.128139e-04
26563,	2.126855e-04
26564,	2.125571e-04
26565,	2.124289e-04
26566,	2.123007e-04
26567,	2.121725e-04
26568,	2.120445e-04
26569,	2.119165e-04
26570,	2.117886e-04
26571,	2.116608e-04
26572,	2.115330e-04
26573,	2.114053e-04
26574,	2.112777e-04
26575,	2.111501e-04
26576,	2.110227e-04
26577,	2.108953e-04
26578,	2.107679e-04
26579,	2.106407e-04
26580,	2.105135e-04
26581,	2.103864e-04
26582,	2.102594e-04
26583,	2.101324e-04
26584,	2.100055e-04
26585,	2.098787e-04
26586,	2.097519e-04
26587,	2.096253e-04
26588,	2.094986e-04
26589,	2.093721e-04
26590,	2.092457e-04
26591,	2.091193e-04
26592,	2.089929e-04
26593,	2.088667e-04
26594,	2.087405e-04
26595,	2.086144e-04
26596,	2.084884e-04
26597,	2.083624e-04
26598,	2.082366e-04
26599,	2.081107e-04
26600,	2.079850e-04
26601,	2.078593e-04
26602,	2.077337e-04
26603,	2.076082e-04
26604,	2.074827e-04
26605,	2.073574e-04
26606,	2.072320e-04
26607,	2.071068e-04
26608,	2.069816e-04
26609,	2.068565e-04
26610,	2.067315e-04
26611,	2.066065e-04
26612,	2.064816e-04
26613,	2.063568e-04
26614,	2.062321e-04
26615,	2.061074e-04
26616,	2.059828e-04
26617,	2.058583e-04
26618,	2.057338e-04
26619,	2.056094e-04
26620,	2.054851e-04
26621,	2.053608e-04
26622,	2.052367e-04
26623,	2.051126e-04
26624,	2.049885e-04
26625,	2.048646e-04
26626,	2.047407e-04
26627,	2.046168e-04
26628,	2.044931e-04
26629,	2.043694e-04
26630,	2.042458e-04
26631,	2.041222e-04
26632,	2.039988e-04
26633,	2.038754e-04
26634,	2.037520e-04
26635,	2.036288e-04
26636,	2.035056e-04
26637,	2.033824e-04
26638,	2.032594e-04
26639,	2.031364e-04
26640,	2.030135e-04
26641,	2.028907e-04
26642,	2.027679e-04
26643,	2.026452e-04
26644,	2.025226e-04
26645,	2.024000e-04
26646,	2.022775e-04
26647,	2.021551e-04
26648,	2.020327e-04
26649,	2.019104e-04
26650,	2.017882e-04
26651,	2.016661e-04
26652,	2.015440e-04
26653,	2.014220e-04
26654,	2.013001e-04
26655,	2.011782e-04
26656,	2.010564e-04
26657,	2.009347e-04
26658,	2.008130e-04
26659,	2.006914e-04
26660,	2.005699e-04
26661,	2.004484e-04
26662,	2.003271e-04
26663,	2.002058e-04
26664,	2.000845e-04
26665,	1.999633e-04
26666,	1.998422e-04
26667,	1.997212e-04
26668,	1.996002e-04
26669,	1.994793e-04
26670,	1.993585e-04
26671,	1.992377e-04
26672,	1.991170e-04
26673,	1.989964e-04
26674,	1.988759e-04
26675,	1.987554e-04
26676,	1.986350e-04
26677,	1.985146e-04
26678,	1.983943e-04
26679,	1.982741e-04
26680,	1.981540e-04
26681,	1.980339e-04
26682,	1.979139e-04
26683,	1.977940e-04
26684,	1.976741e-04
26685,	1.975543e-04
26686,	1.974346e-04
26687,	1.973149e-04
26688,	1.971953e-04
26689,	1.970758e-04
26690,	1.969563e-04
26691,	1.968369e-04
26692,	1.967176e-04
26693,	1.965983e-04
26694,	1.964792e-04
26695,	1.963600e-04
26696,	1.962410e-04
26697,	1.961220e-04
26698,	1.960031e-04
26699,	1.958842e-04
26700,	1.957655e-04
26701,	1.956467e-04
26702,	1.955281e-04
26703,	1.954095e-04
26704,	1.952910e-04
26705,	1.951726e-04
26706,	1.950542e-04
26707,	1.949359e-04
26708,	1.948176e-04
26709,	1.946995e-04
26710,	1.945814e-04
26711,	1.944633e-04
26712,	1.943454e-04
26713,	1.942275e-04
26714,	1.941096e-04
26715,	1.939918e-04
26716,	1.938741e-04
26717,	1.937565e-04
26718,	1.936389e-04
26719,	1.935214e-04
26720,	1.934040e-04
26721,	1.932866e-04
26722,	1.931693e-04
26723,	1.930521e-04
26724,	1.929349e-04
26725,	1.928178e-04
26726,	1.927008e-04
26727,	1.925838e-04
26728,	1.924670e-04
26729,	1.923501e-04
26730,	1.922334e-04
26731,	1.921167e-04
26732,	1.920000e-04
26733,	1.918835e-04
26734,	1.917670e-04
26735,	1.916505e-04
26736,	1.915342e-04
26737,	1.914179e-04
26738,	1.913016e-04
26739,	1.911855e-04
26740,	1.910694e-04
26741,	1.909533e-04
26742,	1.908374e-04
26743,	1.907215e-04
26744,	1.906056e-04
26745,	1.904898e-04
26746,	1.903741e-04
26747,	1.902585e-04
26748,	1.901429e-04
26749,	1.900274e-04
26750,	1.899120e-04
26751,	1.897966e-04
26752,	1.896813e-04
26753,	1.895661e-04
26754,	1.894509e-04
26755,	1.893358e-04
26756,	1.892207e-04
26757,	1.891058e-04
26758,	1.889908e-04
26759,	1.888760e-04
26760,	1.887612e-04
26761,	1.886465e-04
26762,	1.885318e-04
26763,	1.884173e-04
26764,	1.883027e-04
26765,	1.881883e-04
26766,	1.880739e-04
26767,	1.879596e-04
26768,	1.878453e-04
26769,	1.877311e-04
26770,	1.876170e-04
26771,	1.875029e-04
26772,	1.873889e-04
26773,	1.872750e-04
26774,	1.871611e-04
26775,	1.870473e-04
26776,	1.869336e-04
26777,	1.868199e-04
26778,	1.867063e-04
26779,	1.865928e-04
26780,	1.864793e-04
26781,	1.863659e-04
26782,	1.862525e-04
26783,	1.861392e-04
26784,	1.860260e-04
26785,	1.859128e-04
26786,	1.857998e-04
26787,	1.856867e-04
26788,	1.855738e-04
26789,	1.854609e-04
26790,	1.853480e-04
26791,	1.852353e-04
26792,	1.851226e-04
26793,	1.850099e-04
26794,	1.848974e-04
26795,	1.847848e-04
26796,	1.846724e-04
26797,	1.845600e-04
26798,	1.844477e-04
26799,	1.843354e-04
26800,	1.842233e-04
26801,	1.841111e-04
26802,	1.839991e-04
26803,	1.838871e-04
26804,	1.837751e-04
26805,	1.836633e-04
26806,	1.835515e-04
26807,	1.834397e-04
26808,	1.833280e-04
26809,	1.832164e-04
26810,	1.831049e-04
26811,	1.829934e-04
26812,	1.828820e-04
26813,	1.827706e-04
26814,	1.826593e-04
26815,	1.825481e-04
26816,	1.824369e-04
26817,	1.823258e-04
26818,	1.822148e-04
26819,	1.821038e-04
26820,	1.819929e-04
26821,	1.818820e-04
26822,	1.817712e-04
26823,	1.816605e-04
26824,	1.815499e-04
26825,	1.814393e-04
26826,	1.813287e-04
26827,	1.812183e-04
26828,	1.811079e-04
26829,	1.809975e-04
26830,	1.808872e-04
26831,	1.807770e-04
26832,	1.806669e-04
26833,	1.805568e-04
26834,	1.804467e-04
26835,	1.803368e-04
26836,	1.802269e-04
26837,	1.801170e-04
26838,	1.800072e-04
26839,	1.798975e-04
26840,	1.797879e-04
26841,	1.796783e-04
26842,	1.795688e-04
26843,	1.794593e-04
26844,	1.793499e-04
26845,	1.792406e-04
26846,	1.791313e-04
26847,	1.790221e-04
26848,	1.789129e-04
26849,	1.788038e-04
26850,	1.786948e-04
26851,	1.785858e-04
26852,	1.784769e-04
26853,	1.783681e-04
26854,	1.782593e-04
26855,	1.781506e-04
26856,	1.780419e-04
26857,	1.779333e-04
26858,	1.778248e-04
26859,	1.777164e-04
26860,	1.776079e-04
26861,	1.774996e-04
26862,	1.773913e-04
26863,	1.772831e-04
26864,	1.771749e-04
26865,	1.770669e-04
26866,	1.769588e-04
26867,	1.768508e-04
26868,	1.767429e-04
26869,	1.766351e-04
26870,	1.765273e-04
26871,	1.764196e-04
26872,	1.763119e-04
26873,	1.762043e-04
26874,	1.760968e-04
26875,	1.759893e-04
26876,	1.758819e-04
26877,	1.757745e-04
26878,	1.756672e-04
26879,	1.755600e-04
26880,	1.754528e-04
26881,	1.753457e-04
26882,	1.752387e-04
26883,	1.751317e-04
26884,	1.750248e-04
26885,	1.749179e-04
26886,	1.748111e-04
26887,	1.747043e-04
26888,	1.745977e-04
26889,	1.744910e-04
26890,	1.743845e-04
26891,	1.742780e-04
26892,	1.741716e-04
26893,	1.740652e-04
26894,	1.739589e-04
26895,	1.738526e-04
26896,	1.737464e-04
26897,	1.736403e-04
26898,	1.735342e-04
26899,	1.734282e-04
26900,	1.733222e-04
26901,	1.732164e-04
26902,	1.731105e-04
26903,	1.730048e-04
26904,	1.728991e-04
26905,	1.727934e-04
26906,	1.726878e-04
26907,	1.725823e-04
26908,	1.724768e-04
26909,	1.723714e-04
26910,	1.722661e-04
26911,	1.721608e-04
26912,	1.720556e-04
26913,	1.719504e-04
26914,	1.718453e-04
26915,	1.717403e-04
26916,	1.716353e-04
26917,	1.715303e-04
26918,	1.714255e-04
26919,	1.713207e-04
26920,	1.712159e-04
26921,	1.711113e-04
26922,	1.710066e-04
26923,	1.709021e-04
26924,	1.707976e-04
26925,	1.706931e-04
26926,	1.705887e-04
26927,	1.704844e-04
26928,	1.703801e-04
26929,	1.702759e-04
26930,	1.701718e-04
26931,	1.700677e-04
26932,	1.699637e-04
26933,	1.698597e-04
26934,	1.697558e-04
26935,	1.696520e-04
26936,	1.695482e-04
26937,	1.694445e-04
26938,	1.693408e-04
26939,	1.692372e-04
26940,	1.691336e-04
26941,	1.690301e-04
26942,	1.689267e-04
26943,	1.688233e-04
26944,	1.687200e-04
26945,	1.686168e-04
26946,	1.685136e-04
26947,	1.684104e-04
26948,	1.683074e-04
26949,	1.682044e-04
26950,	1.681014e-04
26951,	1.679985e-04
26952,	1.678957e-04
26953,	1.677929e-04
26954,	1.676902e-04
26955,	1.675875e-04
26956,	1.674849e-04
26957,	1.673823e-04
26958,	1.672799e-04
26959,	1.671774e-04
26960,	1.670751e-04
26961,	1.669728e-04
26962,	1.668705e-04
26963,	1.667683e-04
26964,	1.666662e-04
26965,	1.665641e-04
26966,	1.664621e-04
26967,	1.663601e-04
26968,	1.662582e-04
26969,	1.661564e-04
26970,	1.660546e-04
26971,	1.659529e-04
26972,	1.658512e-04
26973,	1.657496e-04
26974,	1.656481e-04
26975,	1.655466e-04
26976,	1.654451e-04
26977,	1.653438e-04
26978,	1.652424e-04
26979,	1.651412e-04
26980,	1.650400e-04
26981,	1.649388e-04
26982,	1.648377e-04
26983,	1.647367e-04
26984,	1.646358e-04
26985,	1.645348e-04
26986,	1.644340e-04
26987,	1.643332e-04
26988,	1.642325e-04
26989,	1.641318e-04
26990,	1.640312e-04
26991,	1.639306e-04
26992,	1.638301e-04
26993,	1.637296e-04
26994,	1.636292e-04
26995,	1.635289e-04
26996,	1.634286e-04
26997,	1.633284e-04
26998,	1.632283e-04
26999,	1.631282e-04
27000,	1.630281e-04
27001,	1.629281e-04
27002,	1.628282e-04
27003,	1.627283e-04
27004,	1.626285e-04
27005,	1.625287e-04
27006,	1.624290e-04
27007,	1.623294e-04
27008,	1.622298e-04
27009,	1.621303e-04
27010,	1.620308e-04
27011,	1.619314e-04
27012,	1.618320e-04
27013,	1.617327e-04
27014,	1.616335e-04
27015,	1.615343e-04
27016,	1.614352e-04
27017,	1.613361e-04
27018,	1.612371e-04
27019,	1.611381e-04
27020,	1.610392e-04
27021,	1.609404e-04
27022,	1.608416e-04
27023,	1.607429e-04
27024,	1.606442e-04
27025,	1.605456e-04
27026,	1.604470e-04
27027,	1.603485e-04
27028,	1.602500e-04
27029,	1.601516e-04
27030,	1.600533e-04
27031,	1.599550e-04
27032,	1.598568e-04
27033,	1.597586e-04
27034,	1.596605e-04
27035,	1.595625e-04
27036,	1.594645e-04
27037,	1.593665e-04
27038,	1.592686e-04
27039,	1.591708e-04
27040,	1.590730e-04
27041,	1.589753e-04
27042,	1.588777e-04
27043,	1.587801e-04
27044,	1.586825e-04
27045,	1.585850e-04
27046,	1.584876e-04
27047,	1.583902e-04
27048,	1.582929e-04
27049,	1.581956e-04
27050,	1.580984e-04
27051,	1.580012e-04
27052,	1.579041e-04
27053,	1.578071e-04
27054,	1.577101e-04
27055,	1.576132e-04
27056,	1.575163e-04
27057,	1.574195e-04
27058,	1.573227e-04
27059,	1.572260e-04
27060,	1.571293e-04
27061,	1.570327e-04
27062,	1.569362e-04
27063,	1.568397e-04
27064,	1.567433e-04
27065,	1.566469e-04
27066,	1.565506e-04
27067,	1.564543e-04
27068,	1.563581e-04
27069,	1.562619e-04
27070,	1.561658e-04
27071,	1.560698e-04
27072,	1.559738e-04
27073,	1.558779e-04
27074,	1.557820e-04
27075,	1.556861e-04
27076,	1.555904e-04
27077,	1.554947e-04
27078,	1.553990e-04
27079,	1.553034e-04
27080,	1.552078e-04
27081,	1.551124e-04
27082,	1.550169e-04
27083,	1.549215e-04
27084,	1.548262e-04
27085,	1.547309e-04
27086,	1.546357e-04
27087,	1.545405e-04
27088,	1.544454e-04
27089,	1.543504e-04
27090,	1.542554e-04
27091,	1.541604e-04
27092,	1.540655e-04
27093,	1.539707e-04
27094,	1.538759e-04
27095,	1.537812e-04
27096,	1.536865e-04
27097,	1.535919e-04
27098,	1.534973e-04
27099,	1.534028e-04
27100,	1.533083e-04
27101,	1.532139e-04
27102,	1.531196e-04
27103,	1.530253e-04
27104,	1.529311e-04
27105,	1.528369e-04
27106,	1.527427e-04
27107,	1.526487e-04
27108,	1.525546e-04
27109,	1.524607e-04
27110,	1.523667e-04
27111,	1.522729e-04
27112,	1.521791e-04
27113,	1.520853e-04
27114,	1.519916e-04
27115,	1.518980e-04
27116,	1.518044e-04
27117,	1.517109e-04
27118,	1.516174e-04
27119,	1.515239e-04
27120,	1.514306e-04
27121,	1.513372e-04
27122,	1.512440e-04
27123,	1.511508e-04
27124,	1.510576e-04
27125,	1.509645e-04
27126,	1.508714e-04
27127,	1.507784e-04
27128,	1.506855e-04
27129,	1.505926e-04
27130,	1.504998e-04
27131,	1.504070e-04
27132,	1.503142e-04
27133,	1.502216e-04
27134,	1.501289e-04
27135,	1.500364e-04
27136,	1.499438e-04
27137,	1.498514e-04
27138,	1.497590e-04
27139,	1.496666e-04
27140,	1.495743e-04
27141,	1.494820e-04
27142,	1.493898e-04
27143,	1.492977e-04
27144,	1.492056e-04
27145,	1.491135e-04
27146,	1.490216e-04
27147,	1.489296e-04
27148,	1.488377e-04
27149,	1.487459e-04
27150,	1.486541e-04
27151,	1.485624e-04
27152,	1.484707e-04
27153,	1.483791e-04
27154,	1.482876e-04
27155,	1.481960e-04
27156,	1.481046e-04
27157,	1.480132e-04
27158,	1.479218e-04
27159,	1.478305e-04
27160,	1.477393e-04
27161,	1.476481e-04
27162,	1.475569e-04
27163,	1.474658e-04
27164,	1.473748e-04
27165,	1.472838e-04
27166,	1.471929e-04
27167,	1.471020e-04
27168,	1.470112e-04
27169,	1.469204e-04
27170,	1.468297e-04
27171,	1.467390e-04
27172,	1.466484e-04
27173,	1.465578e-04
27174,	1.464673e-04
27175,	1.463768e-04
27176,	1.462864e-04
27177,	1.461960e-04
27178,	1.461057e-04
27179,	1.460155e-04
27180,	1.459253e-04
27181,	1.458351e-04
27182,	1.457450e-04
27183,	1.456550e-04
27184,	1.455650e-04
27185,	1.454750e-04
27186,	1.453852e-04
27187,	1.452953e-04
27188,	1.452055e-04
27189,	1.451158e-04
27190,	1.450261e-04
27191,	1.449365e-04
27192,	1.448469e-04
27193,	1.447574e-04
27194,	1.446679e-04
27195,	1.445785e-04
27196,	1.444891e-04
27197,	1.443998e-04
27198,	1.443105e-04
27199,	1.442213e-04
27200,	1.441321e-04
27201,	1.440430e-04
27202,	1.439539e-04
27203,	1.438649e-04
27204,	1.437759e-04
27205,	1.436870e-04
27206,	1.435982e-04
27207,	1.435093e-04
27208,	1.434206e-04
27209,	1.433319e-04
27210,	1.432432e-04
27211,	1.431546e-04
27212,	1.430661e-04
27213,	1.429776e-04
27214,	1.428891e-04
27215,	1.428007e-04
27216,	1.427124e-04
27217,	1.426241e-04
27218,	1.425358e-04
27219,	1.424476e-04
27220,	1.423595e-04
27221,	1.422714e-04
27222,	1.421833e-04
27223,	1.420953e-04
27224,	1.420074e-04
27225,	1.419195e-04
27226,	1.418317e-04
27227,	1.417439e-04
27228,	1.416561e-04
27229,	1.415684e-04
27230,	1.414808e-04
27231,	1.413932e-04
27232,	1.413057e-04
27233,	1.412182e-04
27234,	1.411308e-04
27235,	1.410434e-04
27236,	1.409560e-04
27237,	1.408687e-04
27238,	1.407815e-04
27239,	1.406943e-04
27240,	1.406072e-04
27241,	1.405201e-04
27242,	1.404331e-04
27243,	1.403461e-04
27244,	1.402592e-04
27245,	1.401723e-04
27246,	1.400854e-04
27247,	1.399987e-04
27248,	1.399119e-04
27249,	1.398252e-04
27250,	1.397386e-04
27251,	1.396520e-04
27252,	1.395655e-04
27253,	1.394790e-04
27254,	1.393926e-04
27255,	1.393062e-04
27256,	1.392199e-04
27257,	1.391336e-04
27258,	1.390473e-04
27259,	1.389612e-04
27260,	1.388750e-04
27261,	1.387889e-04
27262,	1.387029e-04
27263,	1.386169e-04
27264,	1.385310e-04
27265,	1.384451e-04
27266,	1.383593e-04
27267,	1.382735e-04
27268,	1.381877e-04
27269,	1.381021e-04
27270,	1.380164e-04
27271,	1.379308e-04
27272,	1.378453e-04
27273,	1.377598e-04
27274,	1.376744e-04
27275,	1.375890e-04
27276,	1.375036e-04
27277,	1.374183e-04
27278,	1.373331e-04
27279,	1.372479e-04
27280,	1.371628e-04
27281,	1.370777e-04
27282,	1.369926e-04
27283,	1.369076e-04
27284,	1.368227e-04
27285,	1.367378e-04
27286,	1.366529e-04
27287,	1.365681e-04
27288,	1.364834e-04
27289,	1.363987e-04
27290,	1.363140e-04
27291,	1.362294e-04
27292,	1.361449e-04
27293,	1.360604e-04
27294,	1.359759e-04
27295,	1.358915e-04
27296,	1.358071e-04
27297,	1.357228e-04
27298,	1.356386e-04
27299,	1.355543e-04
27300,	1.354702e-04
27301,	1.353861e-04
27302,	1.353020e-04
27303,	1.352180e-04
27304,	1.351340e-04
27305,	1.350501e-04
27306,	1.349662e-04
27307,	1.348824e-04
27308,	1.347986e-04
27309,	1.347149e-04
27310,	1.346312e-04
27311,	1.345476e-04
27312,	1.344640e-04
27313,	1.343804e-04
27314,	1.342970e-04
27315,	1.342135e-04
27316,	1.341301e-04
27317,	1.340468e-04
27318,	1.339635e-04
27319,	1.338803e-04
27320,	1.337971e-04
27321,	1.337139e-04
27322,	1.336308e-04
27323,	1.335478e-04
27324,	1.334647e-04
27325,	1.333818e-04
27326,	1.332989e-04
27327,	1.332160e-04
27328,	1.331332e-04
27329,	1.330504e-04
27330,	1.329677e-04
27331,	1.328851e-04
27332,	1.328024e-04
27333,	1.327199e-04
27334,	1.326373e-04
27335,	1.325549e-04
27336,	1.324724e-04
27337,	1.323900e-04
27338,	1.323077e-04
27339,	1.322254e-04
27340,	1.321432e-04
27341,	1.320610e-04
27342,	1.319788e-04
27343,	1.318967e-04
27344,	1.318147e-04
27345,	1.317327e-04
27346,	1.316507e-04
27347,	1.315688e-04
27348,	1.314870e-04
27349,	1.314052e-04
27350,	1.313234e-04
27351,	1.312417e-04
27352,	1.311600e-04
27353,	1.310784e-04
27354,	1.309968e-04
27355,	1.309153e-04
27356,	1.308338e-04
27357,	1.307524e-04
27358,	1.306710e-04
27359,	1.305896e-04
27360,	1.305083e-04
27361,	1.304271e-04
27362,	1.303459e-04
27363,	1.302647e-04
27364,	1.301836e-04
27365,	1.301026e-04
27366,	1.300216e-04
27367,	1.299406e-04
27368,	1.298597e-04
27369,	1.297788e-04
27370,	1.296980e-04
27371,	1.296172e-04
27372,	1.295365e-04
27373,	1.294558e-04
27374,	1.293752e-04
27375,	1.292946e-04
27376,	1.292140e-04
27377,	1.291335e-04
27378,	1.290531e-04
27379,	1.289727e-04
27380,	1.288923e-04
27381,	1.288120e-04
27382,	1.287318e-04
27383,	1.286515e-04
27384,	1.285714e-04
27385,	1.284912e-04
27386,	1.284112e-04
27387,	1.283311e-04
27388,	1.282511e-04
27389,	1.281712e-04
27390,	1.280913e-04
27391,	1.280115e-04
27392,	1.279317e-04
27393,	1.278519e-04
27394,	1.277722e-04
27395,	1.276925e-04
27396,	1.276129e-04
27397,	1.275334e-04
27398,	1.274538e-04
27399,	1.273744e-04
27400,	1.272949e-04
27401,	1.272156e-04
27402,	1.271362e-04
27403,	1.270569e-04
27404,	1.269777e-04
27405,	1.268985e-04
27406,	1.268193e-04
27407,	1.267402e-04
27408,	1.266611e-04
27409,	1.265821e-04
27410,	1.265032e-04
27411,	1.264242e-04
27412,	1.263454e-04
27413,	1.262665e-04
27414,	1.261877e-04
27415,	1.261090e-04
27416,	1.260303e-04
27417,	1.259516e-04
27418,	1.258730e-04
27419,	1.257945e-04
27420,	1.257160e-04
27421,	1.256375e-04
27422,	1.255591e-04
27423,	1.254807e-04
27424,	1.254024e-04
27425,	1.253241e-04
27426,	1.252458e-04
27427,	1.251676e-04
27428,	1.250895e-04
27429,	1.250114e-04
27430,	1.249333e-04
27431,	1.248553e-04
27432,	1.247773e-04
27433,	1.246994e-04
27434,	1.246215e-04
27435,	1.245437e-04
27436,	1.244659e-04
27437,	1.243882e-04
27438,	1.243105e-04
27439,	1.242328e-04
27440,	1.241552e-04
27441,	1.240776e-04
27442,	1.240001e-04
27443,	1.239226e-04
27444,	1.238452e-04
27445,	1.237678e-04
27446,	1.236905e-04
27447,	1.236132e-04
27448,	1.235359e-04
27449,	1.234587e-04
27450,	1.233816e-04
27451,	1.233045e-04
27452,	1.232274e-04
27453,	1.231504e-04
27454,	1.230734e-04
27455,	1.229964e-04
27456,	1.229196e-04
27457,	1.228427e-04
27458,	1.227659e-04
27459,	1.226891e-04
27460,	1.226124e-04
27461,	1.225358e-04
27462,	1.224591e-04
27463,	1.223826e-04
27464,	1.223060e-04
27465,	1.222295e-04
27466,	1.221531e-04
27467,	1.220767e-04
27468,	1.220003e-04
27469,	1.219240e-04
27470,	1.218477e-04
27471,	1.217715e-04
27472,	1.216953e-04
27473,	1.216192e-04
27474,	1.215431e-04
27475,	1.214671e-04
27476,	1.213911e-04
27477,	1.213151e-04
27478,	1.212392e-04
27479,	1.211633e-04
27480,	1.210875e-04
27481,	1.210117e-04
27482,	1.209360e-04
27483,	1.208603e-04
27484,	1.207846e-04
27485,	1.207090e-04
27486,	1.206334e-04
27487,	1.205579e-04
27488,	1.204825e-04
27489,	1.204070e-04
27490,	1.203316e-04
27491,	1.202563e-04
27492,	1.201810e-04
27493,	1.201057e-04
27494,	1.200305e-04
27495,	1.199554e-04
27496,	1.198802e-04
27497,	1.198051e-04
27498,	1.197301e-04
27499,	1.196551e-04
27500,	1.195802e-04
27501,	1.195053e-04
27502,	1.194304e-04
27503,	1.193556e-04
27504,	1.192808e-04
27505,	1.192061e-04
27506,	1.191314e-04
27507,	1.190567e-04
27508,	1.189821e-04
27509,	1.189076e-04
27510,	1.188330e-04
27511,	1.187586e-04
27512,	1.186841e-04
27513,	1.186098e-04
27514,	1.185354e-04
27515,	1.184611e-04
27516,	1.183869e-04
27517,	1.183126e-04
27518,	1.182385e-04
27519,	1.181643e-04
27520,	1.180903e-04
27521,	1.180162e-04
27522,	1.179422e-04
27523,	1.178683e-04
27524,	1.177943e-04
27525,	1.177205e-04
27526,	1.176467e-04
27527,	1.175729e-04
27528,	1.174991e-04
27529,	1.174254e-04
27530,	1.173518e-04
27531,	1.172782e-04
27532,	1.172046e-04
27533,	1.171311e-04
27534,	1.170576e-04
27535,	1.169841e-04
27536,	1.169107e-04
27537,	1.168374e-04
27538,	1.167641e-04
27539,	1.166908e-04
27540,	1.166176e-04
27541,	1.165444e-04
27542,	1.164713e-04
27543,	1.163982e-04
27544,	1.163251e-04
27545,	1.162521e-04
27546,	1.161791e-04
27547,	1.161062e-04
27548,	1.160333e-04
27549,	1.159604e-04
27550,	1.158876e-04
27551,	1.158149e-04
27552,	1.157422e-04
27553,	1.156695e-04
27554,	1.155969e-04
27555,	1.155243e-04
27556,	1.154517e-04
27557,	1.153792e-04
27558,	1.153067e-04
27559,	1.152343e-04
27560,	1.151619e-04
27561,	1.150896e-04
27562,	1.150173e-04
27563,	1.149451e-04
27564,	1.148728e-04
27565,	1.148007e-04
27566,	1.147286e-04
27567,	1.146565e-04
27568,	1.145844e-04
27569,	1.145124e-04
27570,	1.144405e-04
27571,	1.143685e-04
27572,	1.142967e-04
27573,	1.142248e-04
27574,	1.141530e-04
27575,	1.140813e-04
27576,	1.140096e-04
27577,	1.139379e-04
27578,	1.138663e-04
27579,	1.137947e-04
27580,	1.137232e-04
27581,	1.136517e-04
27582,	1.135802e-04
27583,	1.135088e-04
27584,	1.134374e-04
27585,	1.133661e-04
27586,	1.132948e-04
27587,	1.132235e-04
27588,	1.131523e-04
27589,	1.130812e-04
27590,	1.130100e-04
27591,	1.129390e-04
27592,	1.128679e-04
27593,	1.127969e-04
27594,	1.127260e-04
27595,	1.126550e-04
27596,	1.125842e-04
27597,	1.125133e-04
27598,	1.124425e-04
27599,	1.123718e-04
27600,	1.123011e-04
27601,	1.122304e-04
27602,	1.121598e-04
27603,	1.120892e-04
27604,	1.120186e-04
27605,	1.119481e-04
27606,	1.118776e-04
27607,	1.118072e-04
27608,	1.117368e-04
27609,	1.116665e-04
27610,	1.115962e-04
27611,	1.115259e-04
27612,	1.114557e-04
27613,	1.113855e-04
27614,	1.113154e-04
27615,	1.112453e-04
27616,	1.111752e-04
27617,	1.111052e-04
27618,	1.110353e-04
27619,	1.109653e-04
27620,	1.108954e-04
27621,	1.108256e-04
27622,	1.107558e-04
27623,	1.106860e-04
27624,	1.106163e-04
27625,	1.105466e-04
27626,	1.104769e-04
27627,	1.104073e-04
27628,	1.103378e-04
27629,	1.102682e-04
27630,	1.101987e-04
27631,	1.101293e-04
27632,	1.100599e-04
27633,	1.099905e-04
27634,	1.099212e-04
27635,	1.098519e-04
27636,	1.097827e-04
27637,	1.097135e-04
27638,	1.096443e-04
27639,	1.095752e-04
27640,	1.095061e-04
27641,	1.094371e-04
27642,	1.093681e-04
27643,	1.092991e-04
27644,	1.092302e-04
27645,	1.091613e-04
27646,	1.090925e-04
27647,	1.090237e-04
27648,	1.089549e-04
27649,	1.088862e-04
27650,	1.088175e-04
27651,	1.087489e-04
27652,	1.086803e-04
27653,	1.086117e-04
27654,	1.085432e-04
27655,	1.084747e-04
27656,	1.084063e-04
27657,	1.083379e-04
27658,	1.082695e-04
27659,	1.082012e-04
27660,	1.081329e-04
27661,	1.080647e-04
27662,	1.079965e-04
27663,	1.079283e-04
27664,	1.078602e-04
27665,	1.077921e-04
27666,	1.077241e-04
27667,	1.076561e-04
27668,	1.075881e-04
27669,	1.075202e-04
27670,	1.074523e-04
27671,	1.073845e-04
27672,	1.073166e-04
27673,	1.072489e-04
27674,	1.071812e-04
27675,	1.071135e-04
27676,	1.070458e-04
27677,	1.069782e-04
27678,	1.069107e-04
27679,	1.068431e-04
27680,	1.067756e-04
27681,	1.067082e-04
27682,	1.066408e-04
27683,	1.065734e-04
27684,	1.065061e-04
27685,	1.064388e-04
27686,	1.063716e-04
27687,	1.063043e-04
27688,	1.062372e-04
27689,	1.061700e-04
27690,	1.061029e-04
27691,	1.060359e-04
27692,	1.059689e-04
27693,	1.059019e-04
27694,	1.058350e-04
27695,	1.057681e-04
27696,	1.057012e-04
27697,	1.056344e-04
27698,	1.055676e-04
27699,	1.055009e-04
27700,	1.054342e-04
27701,	1.053675e-04
27702,	1.053009e-04
27703,	1.052343e-04
27704,	1.051677e-04
27705,	1.051012e-04
27706,	1.050348e-04
27707,	1.049683e-04
27708,	1.049019e-04
27709,	1.048356e-04
27710,	1.047693e-04
27711,	1.047030e-04
27712,	1.046368e-04
27713,	1.045706e-04
27714,	1.045044e-04
27715,	1.044383e-04
27716,	1.043722e-04
27717,	1.043062e-04
27718,	1.042402e-04
27719,	1.041742e-04
27720,	1.041083e-04
27721,	1.040424e-04
27722,	1.039765e-04
27723,	1.039107e-04
27724,	1.038450e-04
27725,	1.037792e-04
27726,	1.037135e-04
27727,	1.036479e-04
27728,	1.035822e-04
27729,	1.035167e-04
27730,	1.034511e-04
27731,	1.033856e-04
27732,	1.033202e-04
27733,	1.032547e-04
27734,	1.031893e-04
27735,	1.031240e-04
27736,	1.030587e-04
27737,	1.029934e-04
27738,	1.029282e-04
27739,	1.028630e-04
27740,	1.027978e-04
27741,	1.027327e-04
27742,	1.026676e-04
27743,	1.026026e-04
27744,	1.025375e-04
27745,	1.024726e-04
27746,	1.024076e-04
27747,	1.023428e-04
27748,	1.022779e-04
27749,	1.022131e-04
27750,	1.021483e-04
27751,	1.020836e-04
27752,	1.020189e-04
27753,	1.019542e-04
27754,	1.018896e-04
27755,	1.018250e-04
27756,	1.017604e-04
27757,	1.016959e-04
27758,	1.016314e-04
27759,	1.015670e-04
27760,	1.015026e-04
27761,	1.014382e-04
27762,	1.013739e-04
27763,	1.013096e-04
27764,	1.012454e-04
27765,	1.011812e-04
27766,	1.011170e-04
27767,	1.010528e-04
27768,	1.009887e-04
27769,	1.009247e-04
27770,	1.008607e-04
27771,	1.007967e-04
27772,	1.007327e-04
27773,	1.006688e-04
27774,	1.006049e-04
27775,	1.005411e-04
27776,	1.004773e-04
27777,	1.004135e-04
27778,	1.003498e-04
27779,	1.002861e-04
27780,	1.002225e-04
27781,	1.001589e-04
27782,	1.000953e-04
27783,	1.000317e-04
27784,	9.996824e-05
27785,	9.990478e-05
27786,	9.984135e-05
27787,	9.977796e-05
27788,	9.971461e-05
27789,	9.965129e-05
27790,	9.958801e-05
27791,	9.952477e-05
27792,	9.946157e-05
27793,	9.939840e-05
27794,	9.933527e-05
27795,	9.927218e-05
27796,	9.920912e-05
27797,	9.914610e-05
27798,	9.908312e-05
27799,	9.902017e-05
27800,	9.895727e-05
27801,	9.889439e-05
27802,	9.883156e-05
27803,	9.876876e-05
27804,	9.870600e-05
27805,	9.864328e-05
27806,	9.858059e-05
27807,	9.851794e-05
27808,	9.845532e-05
27809,	9.839275e-05
27810,	9.833021e-05
27811,	9.826770e-05
27812,	9.820524e-05
27813,	9.814280e-05
27814,	9.808041e-05
27815,	9.801805e-05
27816,	9.795573e-05
27817,	9.789345e-05
27818,	9.783120e-05
27819,	9.776899e-05
27820,	9.770682e-05
27821,	9.764468e-05
27822,	9.758258e-05
27823,	9.752051e-05
27824,	9.745848e-05
27825,	9.739649e-05
27826,	9.733453e-05
27827,	9.727261e-05
27828,	9.721073e-05
27829,	9.714888e-05
27830,	9.708707e-05
27831,	9.702530e-05
27832,	9.696356e-05
27833,	9.690186e-05
27834,	9.684019e-05
27835,	9.677856e-05
27836,	9.671697e-05
27837,	9.665541e-05
27838,	9.659389e-05
27839,	9.653241e-05
27840,	9.647096e-05
27841,	9.640955e-05
27842,	9.634817e-05
27843,	9.628683e-05
27844,	9.622552e-05
27845,	9.616426e-05
27846,	9.610302e-05
27847,	9.604183e-05
27848,	9.598067e-05
27849,	9.591954e-05
27850,	9.585845e-05
27851,	9.579740e-05
27852,	9.573638e-05
27853,	9.567540e-05
27854,	9.561446e-05
27855,	9.555355e-05
27856,	9.549267e-05
27857,	9.543183e-05
27858,	9.537103e-05
27859,	9.531027e-05
27860,	9.524953e-05
27861,	9.518884e-05
27862,	9.512818e-05
27863,	9.506756e-05
27864,	9.500697e-05
27865,	9.494641e-05
27866,	9.488590e-05
27867,	9.482542e-05
27868,	9.476497e-05
27869,	9.470456e-05
27870,	9.464418e-05
27871,	9.458384e-05
27872,	9.452354e-05
27873,	9.446327e-05
27874,	9.440304e-05
27875,	9.434284e-05
27876,	9.428268e-05
27877,	9.422255e-05
27878,	9.416246e-05
27879,	9.410240e-05
27880,	9.404238e-05
27881,	9.398240e-05
27882,	9.392245e-05
27883,	9.386253e-05
27884,	9.380265e-05
27885,	9.374281e-05
27886,	9.368300e-05
27887,	9.362322e-05
27888,	9.356348e-05
27889,	9.350378e-05
27890,	9.344411e-05
27891,	9.338448e-05
27892,	9.332488e-05
27893,	9.326531e-05
27894,	9.320578e-05
27895,	9.314629e-05
27896,	9.308683e-05
27897,	9.302741e-05
27898,	9.296802e-05
27899,	9.290866e-05
27900,	9.284935e-05
27901,	9.279006e-05
27902,	9.273081e-05
27903,	9.267160e-05
27904,	9.261242e-05
27905,	9.255327e-05
27906,	9.249416e-05
27907,	9.243509e-05
27908,	9.237605e-05
27909,	9.231704e-05
27910,	9.225807e-05
27911,	9.219914e-05
27912,	9.214023e-05
27913,	9.208137e-05
27914,	9.202254e-05
27915,	9.196374e-05
27916,	9.190498e-05
27917,	9.184625e-05
27918,	9.178755e-05
27919,	9.172889e-05
27920,	9.167027e-05
27921,	9.161168e-05
27922,	9.155312e-05
27923,	9.149460e-05
27924,	9.143612e-05
27925,	9.137766e-05
27926,	9.131925e-05
27927,	9.126086e-05
27928,	9.120251e-05
27929,	9.114420e-05
27930,	9.108592e-05
27931,	9.102767e-05
27932,	9.096946e-05
27933,	9.091128e-05
27934,	9.085314e-05
27935,	9.079503e-05
27936,	9.073696e-05
27937,	9.067891e-05
27938,	9.062091e-05
27939,	9.056294e-05
27940,	9.050500e-05
27941,	9.044709e-05
27942,	9.038922e-05
27943,	9.033139e-05
27944,	9.027359e-05
27945,	9.021582e-05
27946,	9.015809e-05
27947,	9.010039e-05
27948,	9.004272e-05
27949,	8.998509e-05
27950,	8.992749e-05
27951,	8.986993e-05
27952,	8.981240e-05
27953,	8.975490e-05
27954,	8.969744e-05
27955,	8.964001e-05
27956,	8.958262e-05
27957,	8.952526e-05
27958,	8.946793e-05
27959,	8.941064e-05
27960,	8.935338e-05
27961,	8.929616e-05
27962,	8.923896e-05
27963,	8.918181e-05
27964,	8.912468e-05
27965,	8.906759e-05
27966,	8.901054e-05
27967,	8.895351e-05
27968,	8.889652e-05
27969,	8.883957e-05
27970,	8.878265e-05
27971,	8.872576e-05
27972,	8.866890e-05
27973,	8.861208e-05
27974,	8.855529e-05
27975,	8.849854e-05
27976,	8.844182e-05
27977,	8.838513e-05
27978,	8.832847e-05
27979,	8.827185e-05
27980,	8.821527e-05
27981,	8.815871e-05
27982,	8.810219e-05
27983,	8.804570e-05
27984,	8.798925e-05
27985,	8.793283e-05
27986,	8.787644e-05
27987,	8.782009e-05
27988,	8.776377e-05
27989,	8.770748e-05
27990,	8.765123e-05
27991,	8.759501e-05
27992,	8.753882e-05
27993,	8.748266e-05
27994,	8.742654e-05
27995,	8.737045e-05
27996,	8.731440e-05
27997,	8.725837e-05
27998,	8.720239e-05
27999,	8.714643e-05
28000,	8.709051e-05
28001,	8.703462e-05
28002,	8.697876e-05
28003,	8.692293e-05
28004,	8.686714e-05
28005,	8.681139e-05
28006,	8.675566e-05
28007,	8.669997e-05
28008,	8.664431e-05
28009,	8.658868e-05
28010,	8.653309e-05
28011,	8.647753e-05
28012,	8.642200e-05
28013,	8.636650e-05
28014,	8.631104e-05
28015,	8.625561e-05
28016,	8.620021e-05
28017,	8.614485e-05
28018,	8.608952e-05
28019,	8.603422e-05
28020,	8.597895e-05
28021,	8.592372e-05
28022,	8.586852e-05
28023,	8.581335e-05
28024,	8.575821e-05
28025,	8.570311e-05
28026,	8.564804e-05
28027,	8.559300e-05
28028,	8.553800e-05
28029,	8.548302e-05
28030,	8.542808e-05
28031,	8.537317e-05
28032,	8.531830e-05
28033,	8.526346e-05
28034,	8.520864e-05
28035,	8.515387e-05
28036,	8.509912e-05
28037,	8.504441e-05
28038,	8.498973e-05
28039,	8.493508e-05
28040,	8.488046e-05
28041,	8.482588e-05
28042,	8.477132e-05
28043,	8.471680e-05
28044,	8.466232e-05
28045,	8.460786e-05
28046,	8.455344e-05
28047,	8.449905e-05
28048,	8.444469e-05
28049,	8.439036e-05
28050,	8.433607e-05
28051,	8.428180e-05
28052,	8.422757e-05
28053,	8.417337e-05
28054,	8.411921e-05
28055,	8.406507e-05
28056,	8.401097e-05
28057,	8.395690e-05
28058,	8.390286e-05
28059,	8.384886e-05
28060,	8.379488e-05
28061,	8.374094e-05
28062,	8.368703e-05
28063,	8.363315e-05
28064,	8.357931e-05
28065,	8.352549e-05
28066,	8.347171e-05
28067,	8.341796e-05
28068,	8.336424e-05
28069,	8.331055e-05
28070,	8.325689e-05
28071,	8.320327e-05
28072,	8.314968e-05
28073,	8.309612e-05
28074,	8.304259e-05
28075,	8.298909e-05
28076,	8.293563e-05
28077,	8.288219e-05
28078,	8.282879e-05
28079,	8.277542e-05
28080,	8.272208e-05
28081,	8.266877e-05
28082,	8.261550e-05
28083,	8.256225e-05
28084,	8.250904e-05
28085,	8.245586e-05
28086,	8.240271e-05
28087,	8.234959e-05
28088,	8.229651e-05
28089,	8.224345e-05
28090,	8.219043e-05
28091,	8.213743e-05
28092,	8.208447e-05
28093,	8.203154e-05
28094,	8.197865e-05
28095,	8.192578e-05
28096,	8.187294e-05
28097,	8.182014e-05
28098,	8.176737e-05
28099,	8.171462e-05
28100,	8.166191e-05
28101,	8.160923e-05
28102,	8.155659e-05
28103,	8.150397e-05
28104,	8.145138e-05
28105,	8.139883e-05
28106,	8.134630e-05
28107,	8.129381e-05
28108,	8.124135e-05
28109,	8.118892e-05
28110,	8.113652e-05
28111,	8.108415e-05
28112,	8.103182e-05
28113,	8.097951e-05
28114,	8.092724e-05
28115,	8.087499e-05
28116,	8.082278e-05
28117,	8.077060e-05
28118,	8.071845e-05
28119,	8.066633e-05
28120,	8.061424e-05
28121,	8.056218e-05
28122,	8.051015e-05
28123,	8.045816e-05
28124,	8.040619e-05
28125,	8.035426e-05
28126,	8.030235e-05
28127,	8.025048e-05
28128,	8.019864e-05
28129,	8.014682e-05
28130,	8.009504e-05
28131,	8.004329e-05
28132,	7.999157e-05
28133,	7.993988e-05
28134,	7.988823e-05
28135,	7.983660e-05
28136,	7.978500e-05
28137,	7.973343e-05
28138,	7.968190e-05
28139,	7.963039e-05
28140,	7.957892e-05
28141,	7.952747e-05
28142,	7.947606e-05
28143,	7.942468e-05
28144,	7.937333e-05
28145,	7.932200e-05
28146,	7.927071e-05
28147,	7.921945e-05
28148,	7.916822e-05
28149,	7.911702e-05
28150,	7.906585e-05
28151,	7.901471e-05
28152,	7.896360e-05
28153,	7.891252e-05
28154,	7.886147e-05
28155,	7.881046e-05
28156,	7.875947e-05
28157,	7.870851e-05
28158,	7.865758e-05
28159,	7.860669e-05
28160,	7.855582e-05
28161,	7.850498e-05
28162,	7.845418e-05
28163,	7.840340e-05
28164,	7.835265e-05
28165,	7.830194e-05
28166,	7.825125e-05
28167,	7.820060e-05
28168,	7.814997e-05
28169,	7.809937e-05
28170,	7.804881e-05
28171,	7.799827e-05
28172,	7.794777e-05
28173,	7.789729e-05
28174,	7.784685e-05
28175,	7.779643e-05
28176,	7.774605e-05
28177,	7.769569e-05
28178,	7.764536e-05
28179,	7.759507e-05
28180,	7.754480e-05
28181,	7.749457e-05
28182,	7.744436e-05
28183,	7.739418e-05
28184,	7.734404e-05
28185,	7.729392e-05
28186,	7.724383e-05
28187,	7.719378e-05
28188,	7.714375e-05
28189,	7.709375e-05
28190,	7.704379e-05
28191,	7.699385e-05
28192,	7.694394e-05
28193,	7.689406e-05
28194,	7.684421e-05
28195,	7.679439e-05
28196,	7.674460e-05
28197,	7.669484e-05
28198,	7.664511e-05
28199,	7.659541e-05
28200,	7.654574e-05
28201,	7.649610e-05
28202,	7.644648e-05
28203,	7.639690e-05
28204,	7.634735e-05
28205,	7.629782e-05
28206,	7.624833e-05
28207,	7.619886e-05
28208,	7.614943e-05
28209,	7.610002e-05
28210,	7.605065e-05
28211,	7.600130e-05
28212,	7.595198e-05
28213,	7.590269e-05
28214,	7.585343e-05
28215,	7.580420e-05
28216,	7.575500e-05
28217,	7.570583e-05
28218,	7.565669e-05
28219,	7.560758e-05
28220,	7.555849e-05
28221,	7.550944e-05
28222,	7.546041e-05
28223,	7.541142e-05
28224,	7.536245e-05
28225,	7.531351e-05
28226,	7.526460e-05
28227,	7.521572e-05
28228,	7.516687e-05
28229,	7.511805e-05
28230,	7.506926e-05
28231,	7.502050e-05
28232,	7.497176e-05
28233,	7.492306e-05
28234,	7.487438e-05
28235,	7.482574e-05
28236,	7.477712e-05
28237,	7.472853e-05
28238,	7.467997e-05
28239,	7.463144e-05
28240,	7.458293e-05
28241,	7.453446e-05
28242,	7.448602e-05
28243,	7.443760e-05
28244,	7.438921e-05
28245,	7.434086e-05
28246,	7.429253e-05
28247,	7.424423e-05
28248,	7.419596e-05
28249,	7.414771e-05
28250,	7.409950e-05
28251,	7.405131e-05
28252,	7.400316e-05
28253,	7.395503e-05
28254,	7.390693e-05
28255,	7.385886e-05
28256,	7.381082e-05
28257,	7.376280e-05
28258,	7.371482e-05
28259,	7.366686e-05
28260,	7.361894e-05
28261,	7.357104e-05
28262,	7.352317e-05
28263,	7.347533e-05
28264,	7.342751e-05
28265,	7.337973e-05
28266,	7.333197e-05
28267,	7.328424e-05
28268,	7.323654e-05
28269,	7.318887e-05
28270,	7.314123e-05
28271,	7.309362e-05
28272,	7.304603e-05
28273,	7.299847e-05
28274,	7.295095e-05
28275,	7.290345e-05
28276,	7.285597e-05
28277,	7.280853e-05
28278,	7.276111e-05
28279,	7.271373e-05
28280,	7.266637e-05
28281,	7.261904e-05
28282,	7.257174e-05
28283,	7.252446e-05
28284,	7.247722e-05
28285,	7.243000e-05
28286,	7.238281e-05
28287,	7.233565e-05
28288,	7.228851e-05
28289,	7.224141e-05
28290,	7.219433e-05
28291,	7.214728e-05
28292,	7.210026e-05
28293,	7.205327e-05
28294,	7.200631e-05
28295,	7.195937e-05
28296,	7.191246e-05
28297,	7.186558e-05
28298,	7.181873e-05
28299,	7.177190e-05
28300,	7.172511e-05
28301,	7.167834e-05
28302,	7.163160e-05
28303,	7.158488e-05
28304,	7.153820e-05
28305,	7.149154e-05
28306,	7.144491e-05
28307,	7.139831e-05
28308,	7.135174e-05
28309,	7.130519e-05
28310,	7.125867e-05
28311,	7.121218e-05
28312,	7.116572e-05
28313,	7.111929e-05
28314,	7.107288e-05
28315,	7.102650e-05
28316,	7.098015e-05
28317,	7.093383e-05
28318,	7.088753e-05
28319,	7.084126e-05
28320,	7.079502e-05
28321,	7.074881e-05
28322,	7.070263e-05
28323,	7.065647e-05
28324,	7.061034e-05
28325,	7.056423e-05
28326,	7.051816e-05
28327,	7.047211e-05
28328,	7.042609e-05
28329,	7.038010e-05
28330,	7.033414e-05
28331,	7.028820e-05
28332,	7.024229e-05
28333,	7.019641e-05
28334,	7.015055e-05
28335,	7.010472e-05
28336,	7.005892e-05
28337,	7.001315e-05
28338,	6.996741e-05
28339,	6.992169e-05
28340,	6.987600e-05
28341,	6.983033e-05
28342,	6.978470e-05
28343,	6.973909e-05
28344,	6.969351e-05
28345,	6.964795e-05
28346,	6.960243e-05
28347,	6.955693e-05
28348,	6.951145e-05
28349,	6.946601e-05
28350,	6.942059e-05
28351,	6.937520e-05
28352,	6.932984e-05
28353,	6.928450e-05
28354,	6.923919e-05
28355,	6.919391e-05
28356,	6.914865e-05
28357,	6.910343e-05
28358,	6.905822e-05
28359,	6.901305e-05
28360,	6.896790e-05
28361,	6.892278e-05
28362,	6.887769e-05
28363,	6.883263e-05
28364,	6.878759e-05
28365,	6.874258e-05
28366,	6.869759e-05
28367,	6.865263e-05
28368,	6.860770e-05
28369,	6.856280e-05
28370,	6.851792e-05
28371,	6.847307e-05
28372,	6.842825e-05
28373,	6.838345e-05
28374,	6.833868e-05
28375,	6.829394e-05
28376,	6.824922e-05
28377,	6.820453e-05
28378,	6.815987e-05
28379,	6.811523e-05
28380,	6.807062e-05
28381,	6.802604e-05
28382,	6.798149e-05
28383,	6.793696e-05
28384,	6.789246e-05
28385,	6.784798e-05
28386,	6.780353e-05
28387,	6.775911e-05
28388,	6.771471e-05
28389,	6.767034e-05
28390,	6.762600e-05
28391,	6.758169e-05
28392,	6.753740e-05
28393,	6.749313e-05
28394,	6.744890e-05
28395,	6.740469e-05
28396,	6.736051e-05
28397,	6.731635e-05
28398,	6.727222e-05
28399,	6.722811e-05
28400,	6.718404e-05
28401,	6.713999e-05
28402,	6.709596e-05
28403,	6.705196e-05
28404,	6.700799e-05
28405,	6.696405e-05
28406,	6.692013e-05
28407,	6.687624e-05
28408,	6.683237e-05
28409,	6.678853e-05
28410,	6.674472e-05
28411,	6.670093e-05
28412,	6.665717e-05
28413,	6.661343e-05
28414,	6.656973e-05
28415,	6.652604e-05
28416,	6.648239e-05
28417,	6.643876e-05
28418,	6.639515e-05
28419,	6.635158e-05
28420,	6.630803e-05
28421,	6.626450e-05
28422,	6.622100e-05
28423,	6.617753e-05
28424,	6.613408e-05
28425,	6.609066e-05
28426,	6.604727e-05
28427,	6.600390e-05
28428,	6.596056e-05
28429,	6.591724e-05
28430,	6.587395e-05
28431,	6.583068e-05
28432,	6.578745e-05
28433,	6.574423e-05
28434,	6.570105e-05
28435,	6.565789e-05
28436,	6.561475e-05
28437,	6.557164e-05
28438,	6.552856e-05
28439,	6.548550e-05
28440,	6.544247e-05
28441,	6.539947e-05
28442,	6.535649e-05
28443,	6.531353e-05
28444,	6.527061e-05
28445,	6.522770e-05
28446,	6.518483e-05
28447,	6.514198e-05
28448,	6.509915e-05
28449,	6.505635e-05
28450,	6.501358e-05
28451,	6.497083e-05
28452,	6.492811e-05
28453,	6.488542e-05
28454,	6.484274e-05
28455,	6.480010e-05
28456,	6.475748e-05
28457,	6.471489e-05
28458,	6.467232e-05
28459,	6.462978e-05
28460,	6.458726e-05
28461,	6.454477e-05
28462,	6.450230e-05
28463,	6.445986e-05
28464,	6.441745e-05
28465,	6.437506e-05
28466,	6.433270e-05
28467,	6.429036e-05
28468,	6.424805e-05
28469,	6.420576e-05
28470,	6.416350e-05
28471,	6.412126e-05
28472,	6.407905e-05
28473,	6.403686e-05
28474,	6.399470e-05
28475,	6.395257e-05
28476,	6.391046e-05
28477,	6.386838e-05
28478,	6.382632e-05
28479,	6.378428e-05
28480,	6.374228e-05
28481,	6.370029e-05
28482,	6.365834e-05
28483,	6.361640e-05
28484,	6.357450e-05
28485,	6.353261e-05
28486,	6.349076e-05
28487,	6.344893e-05
28488,	6.340712e-05
28489,	6.336534e-05
28490,	6.332358e-05
28491,	6.328185e-05
28492,	6.324015e-05
28493,	6.319847e-05
28494,	6.315681e-05
28495,	6.311518e-05
28496,	6.307358e-05
28497,	6.303200e-05
28498,	6.299044e-05
28499,	6.294891e-05
28500,	6.290740e-05
28501,	6.286592e-05
28502,	6.282447e-05
28503,	6.278304e-05
28504,	6.274163e-05
28505,	6.270025e-05
28506,	6.265890e-05
28507,	6.261757e-05
28508,	6.257626e-05
28509,	6.253498e-05
28510,	6.249373e-05
28511,	6.245250e-05
28512,	6.241129e-05
28513,	6.237011e-05
28514,	6.232895e-05
28515,	6.228782e-05
28516,	6.224672e-05
28517,	6.220563e-05
28518,	6.216458e-05
28519,	6.212354e-05
28520,	6.208254e-05
28521,	6.204155e-05
28522,	6.200060e-05
28523,	6.195966e-05
28524,	6.191875e-05
28525,	6.187787e-05
28526,	6.183701e-05
28527,	6.179617e-05
28528,	6.175536e-05
28529,	6.171458e-05
28530,	6.167382e-05
28531,	6.163308e-05
28532,	6.159237e-05
28533,	6.155168e-05
28534,	6.151102e-05
28535,	6.147038e-05
28536,	6.142977e-05
28537,	6.138918e-05
28538,	6.134861e-05
28539,	6.130807e-05
28540,	6.126756e-05
28541,	6.122707e-05
28542,	6.118660e-05
28543,	6.114616e-05
28544,	6.110574e-05
28545,	6.106535e-05
28546,	6.102498e-05
28547,	6.098463e-05
28548,	6.094431e-05
28549,	6.090402e-05
28550,	6.086374e-05
28551,	6.082350e-05
28552,	6.078327e-05
28553,	6.074308e-05
28554,	6.070290e-05
28555,	6.066275e-05
28556,	6.062262e-05
28557,	6.058252e-05
28558,	6.054244e-05
28559,	6.050239e-05
28560,	6.046236e-05
28561,	6.042236e-05
28562,	6.038238e-05
28563,	6.034242e-05
28564,	6.030249e-05
28565,	6.026258e-05
28566,	6.022269e-05
28567,	6.018283e-05
28568,	6.014300e-05
28569,	6.010319e-05
28570,	6.006340e-05
28571,	6.002363e-05
28572,	5.998389e-05
28573,	5.994418e-05
28574,	5.990449e-05
28575,	5.986482e-05
28576,	5.982518e-05
28577,	5.978556e-05
28578,	5.974596e-05
28579,	5.970639e-05
28580,	5.966684e-05
28581,	5.962731e-05
28582,	5.958781e-05
28583,	5.954834e-05
28584,	5.950889e-05
28585,	5.946946e-05
28586,	5.943005e-05
28587,	5.939067e-05
28588,	5.935131e-05
28589,	5.931198e-05
28590,	5.927267e-05
28591,	5.923339e-05
28592,	5.919412e-05
28593,	5.915488e-05
28594,	5.911567e-05
28595,	5.907648e-05
28596,	5.903731e-05
28597,	5.899817e-05
28598,	5.895905e-05
28599,	5.891995e-05
28600,	5.888088e-05
28601,	5.884183e-05
28602,	5.880281e-05
28603,	5.876381e-05
28604,	5.872483e-05
28605,	5.868587e-05
28606,	5.864694e-05
28607,	5.860804e-05
28608,	5.856915e-05
28609,	5.853029e-05
28610,	5.849146e-05
28611,	5.845264e-05
28612,	5.841385e-05
28613,	5.837509e-05
28614,	5.833635e-05
28615,	5.829763e-05
28616,	5.825893e-05
28617,	5.822026e-05
28618,	5.818161e-05
28619,	5.814298e-05
28620,	5.810438e-05
28621,	5.806580e-05
28622,	5.802725e-05
28623,	5.798872e-05
28624,	5.795021e-05
28625,	5.791172e-05
28626,	5.787326e-05
28627,	5.783482e-05
28628,	5.779641e-05
28629,	5.775802e-05
28630,	5.771965e-05
28631,	5.768130e-05
28632,	5.764298e-05
28633,	5.760468e-05
28634,	5.756641e-05
28635,	5.752815e-05
28636,	5.748992e-05
28637,	5.745172e-05
28638,	5.741353e-05
28639,	5.737537e-05
28640,	5.733724e-05
28641,	5.729912e-05
28642,	5.726103e-05
28643,	5.722297e-05
28644,	5.718492e-05
28645,	5.714690e-05
28646,	5.710890e-05
28647,	5.707093e-05
28648,	5.703298e-05
28649,	5.699505e-05
28650,	5.695714e-05
28651,	5.691926e-05
28652,	5.688140e-05
28653,	5.684356e-05
28654,	5.680575e-05
28655,	5.676796e-05
28656,	5.673019e-05
28657,	5.669244e-05
28658,	5.665472e-05
28659,	5.661702e-05
28660,	5.657934e-05
28661,	5.654169e-05
28662,	5.650406e-05
28663,	5.646645e-05
28664,	5.642887e-05
28665,	5.639130e-05
28666,	5.635376e-05
28667,	5.631625e-05
28668,	5.627875e-05
28669,	5.624128e-05
28670,	5.620383e-05
28671,	5.616641e-05
28672,	5.612901e-05
28673,	5.609162e-05
28674,	5.605427e-05
28675,	5.601693e-05
28676,	5.597962e-05
28677,	5.594233e-05
28678,	5.590506e-05
28679,	5.586782e-05
28680,	5.583060e-05
28681,	5.579340e-05
28682,	5.575622e-05
28683,	5.571907e-05
28684,	5.568194e-05
28685,	5.564483e-05
28686,	5.560774e-05
28687,	5.557068e-05
28688,	5.553364e-05
28689,	5.549662e-05
28690,	5.545962e-05
28691,	5.542265e-05
28692,	5.538570e-05
28693,	5.534877e-05
28694,	5.531186e-05
28695,	5.527498e-05
28696,	5.523812e-05
28697,	5.520128e-05
28698,	5.516446e-05
28699,	5.512767e-05
28700,	5.509090e-05
28701,	5.505415e-05
28702,	5.501742e-05
28703,	5.498072e-05
28704,	5.494403e-05
28705,	5.490737e-05
28706,	5.487074e-05
28707,	5.483412e-05
28708,	5.479753e-05
28709,	5.476096e-05
28710,	5.472441e-05
28711,	5.468788e-05
28712,	5.465138e-05
28713,	5.461490e-05
28714,	5.457844e-05
28715,	5.454200e-05
28716,	5.450558e-05
28717,	5.446919e-05
28718,	5.443282e-05
28719,	5.439647e-05
28720,	5.436014e-05
28721,	5.432384e-05
28722,	5.428755e-05
28723,	5.425129e-05
28724,	5.421506e-05
28725,	5.417884e-05
28726,	5.414264e-05
28727,	5.410647e-05
28728,	5.407032e-05
28729,	5.403419e-05
28730,	5.399809e-05
28731,	5.396200e-05
28732,	5.392594e-05
28733,	5.388990e-05
28734,	5.385388e-05
28735,	5.381789e-05
28736,	5.378191e-05
28737,	5.374596e-05
28738,	5.371003e-05
28739,	5.367412e-05
28740,	5.363823e-05
28741,	5.360237e-05
28742,	5.356652e-05
28743,	5.353070e-05
28744,	5.349490e-05
28745,	5.345913e-05
28746,	5.342337e-05
28747,	5.338764e-05
28748,	5.335192e-05
28749,	5.331623e-05
28750,	5.328056e-05
28751,	5.324492e-05
28752,	5.320929e-05
28753,	5.317369e-05
28754,	5.313811e-05
28755,	5.310255e-05
28756,	5.306701e-05
28757,	5.303149e-05
28758,	5.299600e-05
28759,	5.296052e-05
28760,	5.292507e-05
28761,	5.288964e-05
28762,	5.285423e-05
28763,	5.281884e-05
28764,	5.278348e-05
28765,	5.274814e-05
28766,	5.271281e-05
28767,	5.267751e-05
28768,	5.264223e-05
28769,	5.260698e-05
28770,	5.257174e-05
28771,	5.253652e-05
28772,	5.250133e-05
28773,	5.246616e-05
28774,	5.243101e-05
28775,	5.239588e-05
28776,	5.236077e-05
28777,	5.232569e-05
28778,	5.229062e-05
28779,	5.225558e-05
28780,	5.222056e-05
28781,	5.218556e-05
28782,	5.215058e-05
28783,	5.211562e-05
28784,	5.208069e-05
28785,	5.204577e-05
28786,	5.201088e-05
28787,	5.197600e-05
28788,	5.194115e-05
28789,	5.190632e-05
28790,	5.187152e-05
28791,	5.183673e-05
28792,	5.180196e-05
28793,	5.176722e-05
28794,	5.173250e-05
28795,	5.169779e-05
28796,	5.166311e-05
28797,	5.162845e-05
28798,	5.159381e-05
28799,	5.155920e-05
28800,	5.152460e-05
28801,	5.149002e-05
28802,	5.145547e-05
28803,	5.142094e-05
28804,	5.138643e-05
28805,	5.135194e-05
28806,	5.131747e-05
28807,	5.128302e-05
28808,	5.124859e-05
28809,	5.121418e-05
28810,	5.117980e-05
28811,	5.114543e-05
28812,	5.111109e-05
28813,	5.107677e-05
28814,	5.104247e-05
28815,	5.100819e-05
28816,	5.097393e-05
28817,	5.093969e-05
28818,	5.090547e-05
28819,	5.087128e-05
28820,	5.083710e-05
28821,	5.080295e-05
28822,	5.076881e-05
28823,	5.073470e-05
28824,	5.070061e-05
28825,	5.066654e-05
28826,	5.063248e-05
28827,	5.059846e-05
28828,	5.056445e-05
28829,	5.053046e-05
28830,	5.049649e-05
28831,	5.046255e-05
28832,	5.042862e-05
28833,	5.039472e-05
28834,	5.036083e-05
28835,	5.032697e-05
28836,	5.029313e-05
28837,	5.025930e-05
28838,	5.022550e-05
28839,	5.019172e-05
28840,	5.015796e-05
28841,	5.012422e-05
28842,	5.009051e-05
28843,	5.005681e-05
28844,	5.002313e-05
28845,	4.998948e-05
28846,	4.995584e-05
28847,	4.992222e-05
28848,	4.988863e-05
28849,	4.985506e-05
28850,	4.982150e-05
28851,	4.978797e-05
28852,	4.975446e-05
28853,	4.972097e-05
28854,	4.968749e-05
28855,	4.965404e-05
28856,	4.962061e-05
28857,	4.958720e-05
28858,	4.955382e-05
28859,	4.952045e-05
28860,	4.948710e-05
28861,	4.945377e-05
28862,	4.942046e-05
28863,	4.938718e-05
28864,	4.935391e-05
28865,	4.932066e-05
28866,	4.928744e-05
28867,	4.925423e-05
28868,	4.922105e-05
28869,	4.918788e-05
28870,	4.915474e-05
28871,	4.912161e-05
28872,	4.908851e-05
28873,	4.905543e-05
28874,	4.902236e-05
28875,	4.898932e-05
28876,	4.895630e-05
28877,	4.892330e-05
28878,	4.889031e-05
28879,	4.885735e-05
28880,	4.882441e-05
28881,	4.879149e-05
28882,	4.875859e-05
28883,	4.872571e-05
28884,	4.869285e-05
28885,	4.866001e-05
28886,	4.862719e-05
28887,	4.859439e-05
28888,	4.856161e-05
28889,	4.852885e-05
28890,	4.849611e-05
28891,	4.846339e-05
28892,	4.843069e-05
28893,	4.839801e-05
28894,	4.836535e-05
28895,	4.833271e-05
28896,	4.830009e-05
28897,	4.826749e-05
28898,	4.823491e-05
28899,	4.820235e-05
28900,	4.816981e-05
28901,	4.813729e-05
28902,	4.810479e-05
28903,	4.807231e-05
28904,	4.803985e-05
28905,	4.800741e-05
28906,	4.797499e-05
28907,	4.794260e-05
28908,	4.791022e-05
28909,	4.787786e-05
28910,	4.784552e-05
28911,	4.781320e-05
28912,	4.778090e-05
28913,	4.774862e-05
28914,	4.771636e-05
28915,	4.768411e-05
28916,	4.765189e-05
28917,	4.761969e-05
28918,	4.758751e-05
28919,	4.755535e-05
28920,	4.752321e-05
28921,	4.749109e-05
28922,	4.745898e-05
28923,	4.742690e-05
28924,	4.739484e-05
28925,	4.736280e-05
28926,	4.733077e-05
28927,	4.729877e-05
28928,	4.726679e-05
28929,	4.723482e-05
28930,	4.720288e-05
28931,	4.717095e-05
28932,	4.713905e-05
28933,	4.710716e-05
28934,	4.707530e-05
28935,	4.704345e-05
28936,	4.701162e-05
28937,	4.697982e-05
28938,	4.694803e-05
28939,	4.691626e-05
28940,	4.688451e-05
28941,	4.685278e-05
28942,	4.682107e-05
28943,	4.678939e-05
28944,	4.675772e-05
28945,	4.672606e-05
28946,	4.669443e-05
28947,	4.666282e-05
28948,	4.663123e-05
28949,	4.659966e-05
28950,	4.656810e-05
28951,	4.653657e-05
28952,	4.650505e-05
28953,	4.647356e-05
28954,	4.644208e-05
28955,	4.641063e-05
28956,	4.637919e-05
28957,	4.634777e-05
28958,	4.631637e-05
28959,	4.628500e-05
28960,	4.625364e-05
28961,	4.622230e-05
28962,	4.619098e-05
28963,	4.615967e-05
28964,	4.612839e-05
28965,	4.609713e-05
28966,	4.606589e-05
28967,	4.603466e-05
28968,	4.600346e-05
28969,	4.597227e-05
28970,	4.594110e-05
28971,	4.590996e-05
28972,	4.587883e-05
28973,	4.584772e-05
28974,	4.581663e-05
28975,	4.578556e-05
28976,	4.575451e-05
28977,	4.572347e-05
28978,	4.569246e-05
28979,	4.566147e-05
28980,	4.563049e-05
28981,	4.559954e-05
28982,	4.556860e-05
28983,	4.553768e-05
28984,	4.550678e-05
28985,	4.547590e-05
28986,	4.544504e-05
28987,	4.541420e-05
28988,	4.538338e-05
28989,	4.535258e-05
28990,	4.532179e-05
28991,	4.529103e-05
28992,	4.526028e-05
28993,	4.522955e-05
28994,	4.519884e-05
28995,	4.516816e-05
28996,	4.513748e-05
28997,	4.510683e-05
28998,	4.507620e-05
28999,	4.504559e-05
29000,	4.501499e-05
29001,	4.498442e-05
29002,	4.495386e-05
29003,	4.492332e-05
29004,	4.489280e-05
29005,	4.486230e-05
29006,	4.483182e-05
29007,	4.480136e-05
29008,	4.477091e-05
29009,	4.474049e-05
29010,	4.471008e-05
29011,	4.467970e-05
29012,	4.464933e-05
29013,	4.461898e-05
29014,	4.458865e-05
29015,	4.455833e-05
29016,	4.452804e-05
29017,	4.449776e-05
29018,	4.446751e-05
29019,	4.443727e-05
29020,	4.440705e-05
29021,	4.437685e-05
29022,	4.434667e-05
29023,	4.431651e-05
29024,	4.428636e-05
29025,	4.425624e-05
29026,	4.422613e-05
29027,	4.419604e-05
29028,	4.416597e-05
29029,	4.413592e-05
29030,	4.410589e-05
29031,	4.407588e-05
29032,	4.404588e-05
29033,	4.401590e-05
29034,	4.398595e-05
29035,	4.395601e-05
29036,	4.392609e-05
29037,	4.389618e-05
29038,	4.386630e-05
29039,	4.383643e-05
29040,	4.380659e-05
29041,	4.377676e-05
29042,	4.374695e-05
29043,	4.371716e-05
29044,	4.368738e-05
29045,	4.365763e-05
29046,	4.362789e-05
29047,	4.359817e-05
29048,	4.356847e-05
29049,	4.353879e-05
29050,	4.350913e-05
29051,	4.347949e-05
29052,	4.344986e-05
29053,	4.342025e-05
29054,	4.339066e-05
29055,	4.336109e-05
29056,	4.333154e-05
29057,	4.330201e-05
29058,	4.327249e-05
29059,	4.324299e-05
29060,	4.321351e-05
29061,	4.318405e-05
29062,	4.315461e-05
29063,	4.312518e-05
29064,	4.309578e-05
29065,	4.306639e-05
29066,	4.303702e-05
29067,	4.300767e-05
29068,	4.297833e-05
29069,	4.294902e-05
29070,	4.291972e-05
29071,	4.289044e-05
29072,	4.286118e-05
29073,	4.283194e-05
29074,	4.280271e-05
29075,	4.277351e-05
29076,	4.274432e-05
29077,	4.271515e-05
29078,	4.268600e-05
29079,	4.265686e-05
29080,	4.262775e-05
29081,	4.259865e-05
29082,	4.256957e-05
29083,	4.254051e-05
29084,	4.251146e-05
29085,	4.248244e-05
29086,	4.245343e-05
29087,	4.242444e-05
29088,	4.239547e-05
29089,	4.236651e-05
29090,	4.233758e-05
29091,	4.230866e-05
29092,	4.227976e-05
29093,	4.225088e-05
29094,	4.222201e-05
29095,	4.219317e-05
29096,	4.216434e-05
29097,	4.213553e-05
29098,	4.210674e-05
29099,	4.207796e-05
29100,	4.204921e-05
29101,	4.202047e-05
29102,	4.199175e-05
29103,	4.196304e-05
29104,	4.193436e-05
29105,	4.190569e-05
29106,	4.187704e-05
29107,	4.184841e-05
29108,	4.181979e-05
29109,	4.179120e-05
29110,	4.176262e-05
29111,	4.173406e-05
29112,	4.170552e-05
29113,	4.167699e-05
29114,	4.164848e-05
29115,	4.161999e-05
29116,	4.159152e-05
29117,	4.156307e-05
29118,	4.153463e-05
29119,	4.150621e-05
29120,	4.147781e-05
29121,	4.144943e-05
29122,	4.142106e-05
29123,	4.139271e-05
29124,	4.136438e-05
29125,	4.133607e-05
29126,	4.130777e-05
29127,	4.127950e-05
29128,	4.125123e-05
29129,	4.122299e-05
29130,	4.119477e-05
29131,	4.116656e-05
29132,	4.113837e-05
29133,	4.111020e-05
29134,	4.108204e-05
29135,	4.105390e-05
29136,	4.102578e-05
29137,	4.099768e-05
29138,	4.096960e-05
29139,	4.094153e-05
29140,	4.091348e-05
29141,	4.088545e-05
29142,	4.085743e-05
29143,	4.082943e-05
29144,	4.080145e-05
29145,	4.077349e-05
29146,	4.074555e-05
29147,	4.071762e-05
29148,	4.068971e-05
29149,	4.066181e-05
29150,	4.063394e-05
29151,	4.060608e-05
29152,	4.057824e-05
29153,	4.055042e-05
29154,	4.052261e-05
29155,	4.049482e-05
29156,	4.046705e-05
29157,	4.043929e-05
29158,	4.041156e-05
29159,	4.038384e-05
29160,	4.035613e-05
29161,	4.032845e-05
29162,	4.030078e-05
29163,	4.027313e-05
29164,	4.024550e-05
29165,	4.021788e-05
29166,	4.019028e-05
29167,	4.016270e-05
29168,	4.013513e-05
29169,	4.010759e-05
29170,	4.008006e-05
29171,	4.005254e-05
29172,	4.002505e-05
29173,	3.999757e-05
29174,	3.997011e-05
29175,	3.994266e-05
29176,	3.991523e-05
29177,	3.988782e-05
29178,	3.986043e-05
29179,	3.983305e-05
29180,	3.980570e-05
29181,	3.977835e-05
29182,	3.975103e-05
29183,	3.972372e-05
29184,	3.969643e-05
29185,	3.966916e-05
29186,	3.964190e-05
29187,	3.961466e-05
29188,	3.958744e-05
29189,	3.956023e-05
29190,	3.953304e-05
29191,	3.950587e-05
29192,	3.947871e-05
29193,	3.945158e-05
29194,	3.942446e-05
29195,	3.939735e-05
29196,	3.937026e-05
29197,	3.934319e-05
29198,	3.931614e-05
29199,	3.928910e-05
29200,	3.926209e-05
29201,	3.923508e-05
29202,	3.920810e-05
29203,	3.918113e-05
29204,	3.915418e-05
29205,	3.912724e-05
29206,	3.910032e-05
29207,	3.907342e-05
29208,	3.904654e-05
29209,	3.901967e-05
29210,	3.899282e-05
29211,	3.896598e-05
29212,	3.893916e-05
29213,	3.891236e-05
29214,	3.888558e-05
29215,	3.885881e-05
29216,	3.883206e-05
29217,	3.880533e-05
29218,	3.877861e-05
29219,	3.875191e-05
29220,	3.872523e-05
29221,	3.869856e-05
29222,	3.867191e-05
29223,	3.864528e-05
29224,	3.861866e-05
29225,	3.859206e-05
29226,	3.856547e-05
29227,	3.853891e-05
29228,	3.851236e-05
29229,	3.848582e-05
29230,	3.845931e-05
29231,	3.843281e-05
29232,	3.840632e-05
29233,	3.837985e-05
29234,	3.835340e-05
29235,	3.832697e-05
29236,	3.830055e-05
29237,	3.827415e-05
29238,	3.824776e-05
29239,	3.822140e-05
29240,	3.819504e-05
29241,	3.816871e-05
29242,	3.814239e-05
29243,	3.811609e-05
29244,	3.808980e-05
29245,	3.806353e-05
29246,	3.803728e-05
29247,	3.801104e-05
29248,	3.798482e-05
29249,	3.795862e-05
29250,	3.793243e-05
29251,	3.790626e-05
29252,	3.788011e-05
29253,	3.785397e-05
29254,	3.782785e-05
29255,	3.780174e-05
29256,	3.777565e-05
29257,	3.774958e-05
29258,	3.772353e-05
29259,	3.769749e-05
29260,	3.767146e-05
29261,	3.764546e-05
29262,	3.761946e-05
29263,	3.759349e-05
29264,	3.756753e-05
29265,	3.754159e-05
29266,	3.751566e-05
29267,	3.748975e-05
29268,	3.746386e-05
29269,	3.743798e-05
29270,	3.741212e-05
29271,	3.738628e-05
29272,	3.736045e-05
29273,	3.733464e-05
29274,	3.730884e-05
29275,	3.728306e-05
29276,	3.725730e-05
29277,	3.723155e-05
29278,	3.720582e-05
29279,	3.718011e-05
29280,	3.715441e-05
29281,	3.712872e-05
29282,	3.710306e-05
29283,	3.707741e-05
29284,	3.705177e-05
29285,	3.702615e-05
29286,	3.700055e-05
29287,	3.697496e-05
29288,	3.694939e-05
29289,	3.692384e-05
29290,	3.689830e-05
29291,	3.687278e-05
29292,	3.684727e-05
29293,	3.682178e-05
29294,	3.679631e-05
29295,	3.677085e-05
29296,	3.674541e-05
29297,	3.671998e-05
29298,	3.669457e-05
29299,	3.666918e-05
29300,	3.664380e-05
29301,	3.661844e-05
29302,	3.659309e-05
29303,	3.656776e-05
29304,	3.654245e-05
29305,	3.651715e-05
29306,	3.649187e-05
29307,	3.646660e-05
29308,	3.644135e-05
29309,	3.641612e-05
29310,	3.639090e-05
29311,	3.636569e-05
29312,	3.634051e-05
29313,	3.631534e-05
29314,	3.629018e-05
29315,	3.626504e-05
29316,	3.623992e-05
29317,	3.621481e-05
29318,	3.618972e-05
29319,	3.616464e-05
29320,	3.613958e-05
29321,	3.611453e-05
29322,	3.608950e-05
29323,	3.606449e-05
29324,	3.603949e-05
29325,	3.601451e-05
29326,	3.598954e-05
29327,	3.596459e-05
29328,	3.593966e-05
29329,	3.591474e-05
29330,	3.588984e-05
29331,	3.586495e-05
29332,	3.584007e-05
29333,	3.581522e-05
29334,	3.579038e-05
29335,	3.576555e-05
29336,	3.574074e-05
29337,	3.571595e-05
29338,	3.569117e-05
29339,	3.566641e-05
29340,	3.564166e-05
29341,	3.561693e-05
29342,	3.559221e-05
29343,	3.556751e-05
29344,	3.554283e-05
29345,	3.551816e-05
29346,	3.549350e-05
29347,	3.546887e-05
29348,	3.544424e-05
29349,	3.541964e-05
29350,	3.539504e-05
29351,	3.537047e-05
29352,	3.534591e-05
29353,	3.532136e-05
29354,	3.529683e-05
29355,	3.527232e-05
29356,	3.524782e-05
29357,	3.522334e-05
29358,	3.519887e-05
29359,	3.517442e-05
29360,	3.514998e-05
29361,	3.512556e-05
29362,	3.510115e-05
29363,	3.507676e-05
29364,	3.505238e-05
29365,	3.502802e-05
29366,	3.500368e-05
29367,	3.497935e-05
29368,	3.495504e-05
29369,	3.493074e-05
29370,	3.490645e-05
29371,	3.488219e-05
29372,	3.485793e-05
29373,	3.483370e-05
29374,	3.480947e-05
29375,	3.478527e-05
29376,	3.476107e-05
29377,	3.473690e-05
29378,	3.471274e-05
29379,	3.468859e-05
29380,	3.466446e-05
29381,	3.464035e-05
29382,	3.461625e-05
29383,	3.459216e-05
29384,	3.456809e-05
29385,	3.454404e-05
29386,	3.452000e-05
29387,	3.449597e-05
29388,	3.447196e-05
29389,	3.444797e-05
29390,	3.442399e-05
29391,	3.440003e-05
29392,	3.437608e-05
29393,	3.435215e-05
29394,	3.432823e-05
29395,	3.430433e-05
29396,	3.428044e-05
29397,	3.425657e-05
29398,	3.423271e-05
29399,	3.420887e-05
29400,	3.418504e-05
29401,	3.416123e-05
29402,	3.413743e-05
29403,	3.411365e-05
29404,	3.408988e-05
29405,	3.406613e-05
29406,	3.404239e-05
29407,	3.401867e-05
29408,	3.399496e-05
29409,	3.397127e-05
29410,	3.394759e-05
29411,	3.392393e-05
29412,	3.390028e-05
29413,	3.387665e-05
29414,	3.385303e-05
29415,	3.382943e-05
29416,	3.380584e-05
29417,	3.378227e-05
29418,	3.375871e-05
29419,	3.373517e-05
29420,	3.371164e-05
29421,	3.368813e-05
29422,	3.366463e-05
29423,	3.364115e-05
29424,	3.361768e-05
29425,	3.359423e-05
29426,	3.357079e-05
29427,	3.354736e-05
29428,	3.352396e-05
29429,	3.350056e-05
29430,	3.347718e-05
29431,	3.345382e-05
29432,	3.343047e-05
29433,	3.340713e-05
29434,	3.338381e-05
29435,	3.336051e-05
29436,	3.333722e-05
29437,	3.331394e-05
29438,	3.329068e-05
29439,	3.326744e-05
29440,	3.324420e-05
29441,	3.322099e-05
29442,	3.319778e-05
29443,	3.317460e-05
29444,	3.315142e-05
29445,	3.312827e-05
29446,	3.310512e-05
29447,	3.308200e-05
29448,	3.305888e-05
29449,	3.303578e-05
29450,	3.301270e-05
29451,	3.298963e-05
29452,	3.296657e-05
29453,	3.294353e-05
29454,	3.292050e-05
29455,	3.289749e-05
29456,	3.287450e-05
29457,	3.285151e-05
29458,	3.282855e-05
29459,	3.280559e-05
29460,	3.278265e-05
29461,	3.275973e-05
29462,	3.273682e-05
29463,	3.271393e-05
29464,	3.269105e-05
29465,	3.266818e-05
29466,	3.264533e-05
29467,	3.262249e-05
29468,	3.259967e-05
29469,	3.257686e-05
29470,	3.255407e-05
29471,	3.253129e-05
29472,	3.250852e-05
29473,	3.248577e-05
29474,	3.246304e-05
29475,	3.244032e-05
29476,	3.241761e-05
29477,	3.239492e-05
29478,	3.237224e-05
29479,	3.234958e-05
29480,	3.232693e-05
29481,	3.230429e-05
29482,	3.228167e-05
29483,	3.225907e-05
29484,	3.223648e-05
29485,	3.221390e-05
29486,	3.219134e-05
29487,	3.216879e-05
29488,	3.214625e-05
29489,	3.212373e-05
29490,	3.210123e-05
29491,	3.207874e-05
29492,	3.205626e-05
29493,	3.203380e-05
29494,	3.201135e-05
29495,	3.198891e-05
29496,	3.196649e-05
29497,	3.194409e-05
29498,	3.192170e-05
29499,	3.189932e-05
29500,	3.187696e-05
29501,	3.185461e-05
29502,	3.183227e-05
29503,	3.180995e-05
29504,	3.178765e-05
29505,	3.176536e-05
29506,	3.174308e-05
29507,	3.172082e-05
29508,	3.169857e-05
29509,	3.167633e-05
29510,	3.165411e-05
29511,	3.163190e-05
29512,	3.160971e-05
29513,	3.158753e-05
29514,	3.156537e-05
29515,	3.154322e-05
29516,	3.152108e-05
29517,	3.149896e-05
29518,	3.147685e-05
29519,	3.145476e-05
29520,	3.143268e-05
29521,	3.141061e-05
29522,	3.138856e-05
29523,	3.136652e-05
29524,	3.134450e-05
29525,	3.132249e-05
29526,	3.130049e-05
29527,	3.127851e-05
29528,	3.125654e-05
29529,	3.123459e-05
29530,	3.121265e-05
29531,	3.119073e-05
29532,	3.116881e-05
29533,	3.114692e-05
29534,	3.112503e-05
29535,	3.110316e-05
29536,	3.108131e-05
29537,	3.105947e-05
29538,	3.103764e-05
29539,	3.101582e-05
29540,	3.099402e-05
29541,	3.097224e-05
29542,	3.095047e-05
29543,	3.092871e-05
29544,	3.090696e-05
29545,	3.088523e-05
29546,	3.086352e-05
29547,	3.084181e-05
29548,	3.082012e-05
29549,	3.079845e-05
29550,	3.077679e-05
29551,	3.075514e-05
29552,	3.073351e-05
29553,	3.071189e-05
29554,	3.069028e-05
29555,	3.066869e-05
29556,	3.064711e-05
29557,	3.062554e-05
29558,	3.060399e-05
29559,	3.058246e-05
29560,	3.056093e-05
29561,	3.053942e-05
29562,	3.051793e-05
29563,	3.049644e-05
29564,	3.047497e-05
29565,	3.045352e-05
29566,	3.043208e-05
29567,	3.041065e-05
29568,	3.038924e-05
29569,	3.036784e-05
29570,	3.034645e-05
29571,	3.032508e-05
29572,	3.030372e-05
29573,	3.028237e-05
29574,	3.026104e-05
29575,	3.023972e-05
29576,	3.021842e-05
29577,	3.019713e-05
29578,	3.017585e-05
29579,	3.015459e-05
29580,	3.013334e-05
29581,	3.011210e-05
29582,	3.009088e-05
29583,	3.006967e-05
29584,	3.004847e-05
29585,	3.002729e-05
29586,	3.000612e-05
29587,	2.998497e-05
29588,	2.996382e-05
29589,	2.994270e-05
29590,	2.992158e-05
29591,	2.990048e-05
29592,	2.987939e-05
29593,	2.985832e-05
29594,	2.983726e-05
29595,	2.981621e-05
29596,	2.979518e-05
29597,	2.977416e-05
29598,	2.975315e-05
29599,	2.973216e-05
29600,	2.971118e-05
29601,	2.969021e-05
29602,	2.966926e-05
29603,	2.964832e-05
29604,	2.962739e-05
29605,	2.960648e-05
29606,	2.958558e-05
29607,	2.956469e-05
29608,	2.954382e-05
29609,	2.952296e-05
29610,	2.950212e-05
29611,	2.948128e-05
29612,	2.946046e-05
29613,	2.943966e-05
29614,	2.941887e-05
29615,	2.939809e-05
29616,	2.937732e-05
29617,	2.935657e-05
29618,	2.933583e-05
29619,	2.931510e-05
29620,	2.929439e-05
29621,	2.927369e-05
29622,	2.925301e-05
29623,	2.923233e-05
29624,	2.921167e-05
29625,	2.919103e-05
29626,	2.917039e-05
29627,	2.914977e-05
29628,	2.912917e-05
29629,	2.910857e-05
29630,	2.908799e-05
29631,	2.906743e-05
29632,	2.904687e-05
29633,	2.902633e-05
29634,	2.900580e-05
29635,	2.898529e-05
29636,	2.896479e-05
29637,	2.894430e-05
29638,	2.892383e-05
29639,	2.890336e-05
29640,	2.888292e-05
29641,	2.886248e-05
29642,	2.884206e-05
29643,	2.882165e-05
29644,	2.880125e-05
29645,	2.878087e-05
29646,	2.876050e-05
29647,	2.874014e-05
29648,	2.871980e-05
29649,	2.869947e-05
29650,	2.867915e-05
29651,	2.865885e-05
29652,	2.863855e-05
29653,	2.861828e-05
29654,	2.859801e-05
29655,	2.857776e-05
29656,	2.855752e-05
29657,	2.853729e-05
29658,	2.851708e-05
29659,	2.849688e-05
29660,	2.847669e-05
29661,	2.845652e-05
29662,	2.843635e-05
29663,	2.841621e-05
29664,	2.839607e-05
29665,	2.837595e-05
29666,	2.835584e-05
29667,	2.833574e-05
29668,	2.831566e-05
29669,	2.829559e-05
29670,	2.827553e-05
29671,	2.825548e-05
29672,	2.823545e-05
29673,	2.821543e-05
29674,	2.819542e-05
29675,	2.817543e-05
29676,	2.815545e-05
29677,	2.813548e-05
29678,	2.811553e-05
29679,	2.809558e-05
29680,	2.807566e-05
29681,	2.805574e-05
29682,	2.803583e-05
29683,	2.801594e-05
29684,	2.799607e-05
29685,	2.797620e-05
29686,	2.795635e-05
29687,	2.793651e-05
29688,	2.791668e-05
29689,	2.789687e-05
29690,	2.787707e-05
29691,	2.785728e-05
29692,	2.783750e-05
29693,	2.781774e-05
29694,	2.779799e-05
29695,	2.777825e-05
29696,	2.775852e-05
29697,	2.773881e-05
29698,	2.771911e-05
29699,	2.769942e-05
29700,	2.767975e-05
29701,	2.766009e-05
29702,	2.764044e-05
29703,	2.762080e-05
29704,	2.760118e-05
29705,	2.758157e-05
29706,	2.756197e-05
29707,	2.754238e-05
29708,	2.752281e-05
29709,	2.750325e-05
29710,	2.748370e-05
29711,	2.746417e-05
29712,	2.744465e-05
29713,	2.742514e-05
29714,	2.740564e-05
29715,	2.738615e-05
29716,	2.736668e-05
29717,	2.734722e-05
29718,	2.732777e-05
29719,	2.730834e-05
29720,	2.728892e-05
29721,	2.726951e-05
29722,	2.725011e-05
29723,	2.723073e-05
29724,	2.721135e-05
29725,	2.719199e-05
29726,	2.717265e-05
29727,	2.715331e-05
29728,	2.713399e-05
29729,	2.711468e-05
29730,	2.709538e-05
29731,	2.707610e-05
29732,	2.705683e-05
29733,	2.703757e-05
29734,	2.701832e-05
29735,	2.699908e-05
29736,	2.697986e-05
29737,	2.696065e-05
29738,	2.694145e-05
29739,	2.692227e-05
29740,	2.690310e-05
29741,	2.688394e-05
29742,	2.686479e-05
29743,	2.684565e-05
29744,	2.682653e-05
29745,	2.680742e-05
29746,	2.678832e-05
29747,	2.676923e-05
29748,	2.675016e-05
29749,	2.673110e-05
29750,	2.671205e-05
29751,	2.669301e-05
29752,	2.667399e-05
29753,	2.665497e-05
29754,	2.663597e-05
29755,	2.661699e-05
29756,	2.659801e-05
29757,	2.657905e-05
29758,	2.656010e-05
29759,	2.654116e-05
29760,	2.652223e-05
29761,	2.650332e-05
29762,	2.648441e-05
29763,	2.646552e-05
29764,	2.644665e-05
29765,	2.642778e-05
29766,	2.640893e-05
29767,	2.639009e-05
29768,	2.637126e-05
29769,	2.635244e-05
29770,	2.633364e-05
29771,	2.631485e-05
29772,	2.629607e-05
29773,	2.627730e-05
29774,	2.625854e-05
29775,	2.623980e-05
29776,	2.622107e-05
29777,	2.620235e-05
29778,	2.618364e-05
29779,	2.616495e-05
29780,	2.614626e-05
29781,	2.612759e-05
29782,	2.610893e-05
29783,	2.609029e-05
29784,	2.607165e-05
29785,	2.605303e-05
29786,	2.603442e-05
29787,	2.601582e-05
29788,	2.599723e-05
29789,	2.597866e-05
29790,	2.596010e-05
29791,	2.594155e-05
29792,	2.592301e-05
29793,	2.590448e-05
29794,	2.588597e-05
29795,	2.586747e-05
29796,	2.584898e-05
29797,	2.583050e-05
29798,	2.581203e-05
29799,	2.579358e-05
29800,	2.577514e-05
29801,	2.575671e-05
29802,	2.573829e-05
29803,	2.571988e-05
29804,	2.570149e-05
29805,	2.568310e-05
29806,	2.566473e-05
29807,	2.564637e-05
29808,	2.562803e-05
29809,	2.560969e-05
29810,	2.559137e-05
29811,	2.557306e-05
29812,	2.555476e-05
29813,	2.553647e-05
29814,	2.551820e-05
29815,	2.549993e-05
29816,	2.548168e-05
29817,	2.546344e-05
29818,	2.544521e-05
29819,	2.542700e-05
29820,	2.540879e-05
29821,	2.539060e-05
29822,	2.537242e-05
29823,	2.535425e-05
29824,	2.533610e-05
29825,	2.531795e-05
29826,	2.529982e-05
29827,	2.528170e-05
29828,	2.526359e-05
29829,	2.524549e-05
29830,	2.522740e-05
29831,	2.520933e-05
29832,	2.519126e-05
29833,	2.517321e-05
29834,	2.515517e-05
29835,	2.513715e-05
29836,	2.511913e-05
29837,	2.510113e-05
29838,	2.508313e-05
29839,	2.506515e-05
29840,	2.504718e-05
29841,	2.502923e-05
29842,	2.501128e-05
29843,	2.499335e-05
29844,	2.497542e-05
29845,	2.495751e-05
29846,	2.493961e-05
29847,	2.492173e-05
29848,	2.490385e-05
29849,	2.488599e-05
29850,	2.486813e-05
29851,	2.485029e-05
29852,	2.483246e-05
29853,	2.481465e-05
29854,	2.479684e-05
29855,	2.477905e-05
29856,	2.476126e-05
29857,	2.474349e-05
29858,	2.472573e-05
29859,	2.470798e-05
29860,	2.469025e-05
29861,	2.467252e-05
29862,	2.465481e-05
29863,	2.463711e-05
29864,	2.461942e-05
29865,	2.460174e-05
29866,	2.458407e-05
29867,	2.456641e-05
29868,	2.454877e-05
29869,	2.453114e-05
29870,	2.451351e-05
29871,	2.449590e-05
29872,	2.447831e-05
29873,	2.446072e-05
29874,	2.444314e-05
29875,	2.442558e-05
29876,	2.440803e-05
29877,	2.439049e-05
29878,	2.437296e-05
29879,	2.435544e-05
29880,	2.433793e-05
29881,	2.432044e-05
29882,	2.430295e-05
29883,	2.428548e-05
29884,	2.426802e-05
29885,	2.425057e-05
29886,	2.423313e-05
29887,	2.421570e-05
29888,	2.419829e-05
29889,	2.418088e-05
29890,	2.416349e-05
29891,	2.414611e-05
29892,	2.412874e-05
29893,	2.411138e-05
29894,	2.409403e-05
29895,	2.407669e-05
29896,	2.405937e-05
29897,	2.404206e-05
29898,	2.402475e-05
29899,	2.400746e-05
29900,	2.399018e-05
29901,	2.397291e-05
29902,	2.395566e-05
29903,	2.393841e-05
29904,	2.392118e-05
29905,	2.390395e-05
29906,	2.388674e-05
29907,	2.386954e-05
29908,	2.385235e-05
29909,	2.383517e-05
29910,	2.381800e-05
29911,	2.380085e-05
29912,	2.378370e-05
29913,	2.376657e-05
29914,	2.374945e-05
29915,	2.373234e-05
29916,	2.371524e-05
29917,	2.369815e-05
29918,	2.368107e-05
29919,	2.366400e-05
29920,	2.364695e-05
29921,	2.362990e-05
29922,	2.361287e-05
29923,	2.359585e-05
29924,	2.357884e-05
29925,	2.356184e-05
29926,	2.354485e-05
29927,	2.352787e-05
29928,	2.351091e-05
29929,	2.349395e-05
29930,	2.347701e-05
29931,	2.346007e-05
29932,	2.344315e-05
29933,	2.342624e-05
29934,	2.340934e-05
29935,	2.339245e-05
29936,	2.337558e-05
29937,	2.335871e-05
29938,	2.334185e-05
29939,	2.332501e-05
29940,	2.330818e-05
29941,	2.329135e-05
29942,	2.327454e-05
29943,	2.325774e-05
29944,	2.324095e-05
29945,	2.322417e-05
29946,	2.320741e-05
29947,	2.319065e-05
29948,	2.317390e-05
29949,	2.315717e-05
29950,	2.314045e-05
29951,	2.312373e-05
29952,	2.310703e-05
29953,	2.309034e-05
29954,	2.307366e-05
29955,	2.305699e-05
29956,	2.304033e-05
29957,	2.302369e-05
29958,	2.300705e-05
29959,	2.299043e-05
29960,	2.297381e-05
29961,	2.295721e-05
29962,	2.294062e-05
29963,	2.292403e-05
29964,	2.290746e-05
29965,	2.289090e-05
29966,	2.287435e-05
29967,	2.285782e-05
29968,	2.284129e-05
29969,	2.282477e-05
29970,	2.280827e-05
29971,	2.279177e-05
29972,	2.277529e-05
29973,	2.275882e-05
29974,	2.274235e-05
29975,	2.272590e-05
29976,	2.270946e-05
29977,	2.269303e-05
29978,	2.267661e-05
29979,	2.266020e-05
29980,	2.264381e-05
29981,	2.262742e-05
29982,	2.261104e-05
29983,	2.259468e-05
29984,	2.257832e-05
29985,	2.256198e-05
29986,	2.254565e-05
29987,	2.252932e-05
29988,	2.251301e-05
29989,	2.249671e-05
29990,	2.248042e-05
29991,	2.246414e-05
29992,	2.244787e-05
29993,	2.243162e-05
29994,	2.241537e-05
29995,	2.239913e-05
29996,	2.238291e-05
29997,	2.236669e-05
29998,	2.235049e-05
29999,	2.233429e-05
30000,	2.231811e-05
30001,	2.230193e-05
30002,	2.228577e-05
30003,	2.226962e-05
30004,	2.225348e-05
30005,	2.223735e-05
30006,	2.222123e-05
30007,	2.220512e-05
30008,	2.218902e-05
30009,	2.217293e-05
30010,	2.215686e-05
30011,	2.214079e-05
30012,	2.212473e-05
30013,	2.210869e-05
30014,	2.209265e-05
30015,	2.207663e-05
30016,	2.206062e-05
30017,	2.204461e-05
30018,	2.202862e-05
30019,	2.201264e-05
30020,	2.199667e-05
30021,	2.198070e-05
30022,	2.196475e-05
30023,	2.194881e-05
30024,	2.193288e-05
30025,	2.191696e-05
30026,	2.190106e-05
30027,	2.188516e-05
30028,	2.186927e-05
30029,	2.185339e-05
30030,	2.183753e-05
30031,	2.182167e-05
30032,	2.180582e-05
30033,	2.178999e-05
30034,	2.177416e-05
30035,	2.175835e-05
30036,	2.174254e-05
30037,	2.172675e-05
30038,	2.171097e-05
30039,	2.169519e-05
30040,	2.167943e-05
30041,	2.166368e-05
30042,	2.164794e-05
30043,	2.163221e-05
30044,	2.161648e-05
30045,	2.160077e-05
30046,	2.158507e-05
30047,	2.156938e-05
30048,	2.155370e-05
30049,	2.153803e-05
30050,	2.152238e-05
30051,	2.150673e-05
30052,	2.149109e-05
30053,	2.147546e-05
30054,	2.145984e-05
30055,	2.144424e-05
30056,	2.142864e-05
30057,	2.141305e-05
30058,	2.139748e-05
30059,	2.138191e-05
30060,	2.136635e-05
30061,	2.135081e-05
30062,	2.133527e-05
30063,	2.131975e-05
30064,	2.130423e-05
30065,	2.128873e-05
30066,	2.127323e-05
30067,	2.125775e-05
30068,	2.124228e-05
30069,	2.122681e-05
30070,	2.121136e-05
30071,	2.119591e-05
30072,	2.118048e-05
30073,	2.116506e-05
30074,	2.114965e-05
30075,	2.113424e-05
30076,	2.111885e-05
30077,	2.110347e-05
30078,	2.108810e-05
30079,	2.107274e-05
30080,	2.105738e-05
30081,	2.104204e-05
30082,	2.102671e-05
30083,	2.101139e-05
30084,	2.099608e-05
30085,	2.098078e-05
30086,	2.096549e-05
30087,	2.095021e-05
30088,	2.093494e-05
30089,	2.091968e-05
30090,	2.090443e-05
30091,	2.088919e-05
30092,	2.087396e-05
30093,	2.085873e-05
30094,	2.084352e-05
30095,	2.082832e-05
30096,	2.081314e-05
30097,	2.079796e-05
30098,	2.078279e-05
30099,	2.076763e-05
30100,	2.075248e-05
30101,	2.073734e-05
30102,	2.072221e-05
30103,	2.070709e-05
30104,	2.069198e-05
30105,	2.067688e-05
30106,	2.066179e-05
30107,	2.064671e-05
30108,	2.063164e-05
30109,	2.061658e-05
30110,	2.060153e-05
30111,	2.058649e-05
30112,	2.057146e-05
30113,	2.055644e-05
30114,	2.054143e-05
30115,	2.052643e-05
30116,	2.051144e-05
30117,	2.049646e-05
30118,	2.048149e-05
30119,	2.046653e-05
30120,	2.045158e-05
30121,	2.043664e-05
30122,	2.042171e-05
30123,	2.040679e-05
30124,	2.039188e-05
30125,	2.037698e-05
30126,	2.036209e-05
30127,	2.034721e-05
30128,	2.033233e-05
30129,	2.031747e-05
30130,	2.030262e-05
30131,	2.028778e-05
30132,	2.027295e-05
30133,	2.025813e-05
30134,	2.024332e-05
30135,	2.022851e-05
30136,	2.021372e-05
30137,	2.019894e-05
30138,	2.018417e-05
30139,	2.016940e-05
30140,	2.015465e-05
30141,	2.013991e-05
30142,	2.012517e-05
30143,	2.011045e-05
30144,	2.009574e-05
30145,	2.008103e-05
30146,	2.006634e-05
30147,	2.005165e-05
30148,	2.003698e-05
30149,	2.002231e-05
30150,	2.000766e-05
30151,	1.999301e-05
30152,	1.997838e-05
30153,	1.996375e-05
30154,	1.994913e-05
30155,	1.993453e-05
30156,	1.991993e-05
30157,	1.990534e-05
30158,	1.989076e-05
30159,	1.987620e-05
30160,	1.986164e-05
30161,	1.984709e-05
30162,	1.983255e-05
30163,	1.981802e-05
30164,	1.980350e-05
30165,	1.978899e-05
30166,	1.977449e-05
30167,	1.976000e-05
30168,	1.974552e-05
30169,	1.973105e-05
30170,	1.971659e-05
30171,	1.970213e-05
30172,	1.968769e-05
30173,	1.967326e-05
30174,	1.965884e-05
30175,	1.964442e-05
30176,	1.963002e-05
30177,	1.961562e-05
30178,	1.960124e-05
30179,	1.958686e-05
30180,	1.957250e-05
30181,	1.955814e-05
30182,	1.954380e-05
30183,	1.952946e-05
30184,	1.951513e-05
30185,	1.950081e-05
30186,	1.948650e-05
30187,	1.947221e-05
30188,	1.945792e-05
30189,	1.944364e-05
30190,	1.942937e-05
30191,	1.941511e-05
30192,	1.940085e-05
30193,	1.938661e-05
30194,	1.937238e-05
30195,	1.935816e-05
30196,	1.934394e-05
30197,	1.932974e-05
30198,	1.931555e-05
30199,	1.930136e-05
30200,	1.928718e-05
30201,	1.927302e-05
30202,	1.925886e-05
30203,	1.924472e-05
30204,	1.923058e-05
30205,	1.921645e-05
30206,	1.920233e-05
30207,	1.918822e-05
30208,	1.917412e-05
30209,	1.916003e-05
30210,	1.914595e-05
30211,	1.913188e-05
30212,	1.911781e-05
30213,	1.910376e-05
30214,	1.908972e-05
30215,	1.907568e-05
30216,	1.906166e-05
30217,	1.904764e-05
30218,	1.903364e-05
30219,	1.901964e-05
30220,	1.900565e-05
30221,	1.899167e-05
30222,	1.897771e-05
30223,	1.896375e-05
30224,	1.894980e-05
30225,	1.893586e-05
30226,	1.892192e-05
30227,	1.890800e-05
30228,	1.889409e-05
30229,	1.888019e-05
30230,	1.886629e-05
30231,	1.885241e-05
30232,	1.883853e-05
30233,	1.882466e-05
30234,	1.881081e-05
30235,	1.879696e-05
30236,	1.878312e-05
30237,	1.876929e-05
30238,	1.875547e-05
30239,	1.874166e-05
30240,	1.872786e-05
30241,	1.871406e-05
30242,	1.870028e-05
30243,	1.868651e-05
30244,	1.867274e-05
30245,	1.865899e-05
30246,	1.864524e-05
30247,	1.863150e-05
30248,	1.861778e-05
30249,	1.860406e-05
30250,	1.859035e-05
30251,	1.857665e-05
30252,	1.856295e-05
30253,	1.854927e-05
30254,	1.853560e-05
30255,	1.852194e-05
30256,	1.850828e-05
30257,	1.849464e-05
30258,	1.848100e-05
30259,	1.846737e-05
30260,	1.845375e-05
30261,	1.844014e-05
30262,	1.842654e-05
30263,	1.841295e-05
30264,	1.839937e-05
30265,	1.838580e-05
30266,	1.837224e-05
30267,	1.835868e-05
30268,	1.834514e-05
30269,	1.833160e-05
30270,	1.831807e-05
30271,	1.830455e-05
30272,	1.829105e-05
30273,	1.827755e-05
30274,	1.826405e-05
30275,	1.825057e-05
30276,	1.823710e-05
30277,	1.822364e-05
30278,	1.821018e-05
30279,	1.819673e-05
30280,	1.818330e-05
30281,	1.816987e-05
30282,	1.815645e-05
30283,	1.814304e-05
30284,	1.812964e-05
30285,	1.811625e-05
30286,	1.810287e-05
30287,	1.808949e-05
30288,	1.807613e-05
30289,	1.806277e-05
30290,	1.804942e-05
30291,	1.803609e-05
30292,	1.802276e-05
30293,	1.800944e-05
30294,	1.799613e-05
30295,	1.798282e-05
30296,	1.796953e-05
30297,	1.795625e-05
30298,	1.794297e-05
30299,	1.792970e-05
30300,	1.791645e-05
30301,	1.790320e-05
30302,	1.788996e-05
30303,	1.787673e-05
30304,	1.786351e-05
30305,	1.785029e-05
30306,	1.783709e-05
30307,	1.782389e-05
30308,	1.781071e-05
30309,	1.779753e-05
30310,	1.778436e-05
30311,	1.777120e-05
30312,	1.775805e-05
30313,	1.774491e-05
30314,	1.773177e-05
30315,	1.771865e-05
30316,	1.770553e-05
30317,	1.769243e-05
30318,	1.767933e-05
30319,	1.766624e-05
30320,	1.765316e-05
30321,	1.764009e-05
30322,	1.762702e-05
30323,	1.761397e-05
30324,	1.760092e-05
30325,	1.758789e-05
30326,	1.757486e-05
30327,	1.756184e-05
30328,	1.754883e-05
30329,	1.753583e-05
30330,	1.752284e-05
30331,	1.750985e-05
30332,	1.749688e-05
30333,	1.748391e-05
30334,	1.747095e-05
30335,	1.745800e-05
30336,	1.744506e-05
30337,	1.743213e-05
30338,	1.741921e-05
30339,	1.740629e-05
30340,	1.739339e-05
30341,	1.738049e-05
30342,	1.736760e-05
30343,	1.735472e-05
30344,	1.734185e-05
30345,	1.732899e-05
30346,	1.731614e-05
30347,	1.730329e-05
30348,	1.729046e-05
30349,	1.727763e-05
30350,	1.726481e-05
30351,	1.725200e-05
30352,	1.723920e-05
30353,	1.722640e-05
30354,	1.721362e-05
30355,	1.720084e-05
30356,	1.718808e-05
30357,	1.717532e-05
30358,	1.716257e-05
30359,	1.714983e-05
30360,	1.713710e-05
30361,	1.712437e-05
30362,	1.711166e-05
30363,	1.709895e-05
30364,	1.708625e-05
30365,	1.707356e-05
30366,	1.706088e-05
30367,	1.704821e-05
30368,	1.703554e-05
30369,	1.702289e-05
30370,	1.701024e-05
30371,	1.699760e-05
30372,	1.698497e-05
30373,	1.697235e-05
30374,	1.695974e-05
30375,	1.694713e-05
30376,	1.693454e-05
30377,	1.692195e-05
30378,	1.690937e-05
30379,	1.689680e-05
30380,	1.688424e-05
30381,	1.687168e-05
30382,	1.685914e-05
30383,	1.684660e-05
30384,	1.683407e-05
30385,	1.682156e-05
30386,	1.680904e-05
30387,	1.679654e-05
30388,	1.678405e-05
30389,	1.677156e-05
30390,	1.675908e-05
30391,	1.674662e-05
30392,	1.673416e-05
30393,	1.672170e-05
30394,	1.670926e-05
30395,	1.669682e-05
30396,	1.668440e-05
30397,	1.667198e-05
30398,	1.665957e-05
30399,	1.664717e-05
30400,	1.663477e-05
30401,	1.662239e-05
30402,	1.661001e-05
30403,	1.659765e-05
30404,	1.658529e-05
30405,	1.657293e-05
30406,	1.656059e-05
30407,	1.654826e-05
30408,	1.653593e-05
30409,	1.652361e-05
30410,	1.651130e-05
30411,	1.649900e-05
30412,	1.648671e-05
30413,	1.647442e-05
30414,	1.646215e-05
30415,	1.644988e-05
30416,	1.643762e-05
30417,	1.642537e-05
30418,	1.641313e-05
30419,	1.640089e-05
30420,	1.638867e-05
30421,	1.637645e-05
30422,	1.636424e-05
30423,	1.635204e-05
30424,	1.633984e-05
30425,	1.632766e-05
30426,	1.631548e-05
30427,	1.630331e-05
30428,	1.629115e-05
30429,	1.627900e-05
30430,	1.626686e-05
30431,	1.625472e-05
30432,	1.624259e-05
30433,	1.623047e-05
30434,	1.621836e-05
30435,	1.620626e-05
30436,	1.619416e-05
30437,	1.618208e-05
30438,	1.617000e-05
30439,	1.615793e-05
30440,	1.614587e-05
30441,	1.613382e-05
30442,	1.612177e-05
30443,	1.610973e-05
30444,	1.609770e-05
30445,	1.608568e-05
30446,	1.607367e-05
30447,	1.606167e-05
30448,	1.604967e-05
30449,	1.603768e-05
30450,	1.602570e-05
30451,	1.601373e-05
30452,	1.600176e-05
30453,	1.598981e-05
30454,	1.597786e-05
30455,	1.596592e-05
30456,	1.595399e-05
30457,	1.594207e-05
30458,	1.593015e-05
30459,	1.591825e-05
30460,	1.590635e-05
30461,	1.589446e-05
30462,	1.588257e-05
30463,	1.587070e-05
30464,	1.585883e-05
30465,	1.584697e-05
30466,	1.583512e-05
30467,	1.582328e-05
30468,	1.581144e-05
30469,	1.579962e-05
30470,	1.578780e-05
30471,	1.577599e-05
30472,	1.576419e-05
30473,	1.575239e-05
30474,	1.574061e-05
30475,	1.572883e-05
30476,	1.571706e-05
30477,	1.570530e-05
30478,	1.569354e-05
30479,	1.568180e-05
30480,	1.567006e-05
30481,	1.565833e-05
30482,	1.564660e-05
30483,	1.563489e-05
30484,	1.562318e-05
30485,	1.561149e-05
30486,	1.559980e-05
30487,	1.558811e-05
30488,	1.557644e-05
30489,	1.556477e-05
30490,	1.555311e-05
30491,	1.554146e-05
30492,	1.552982e-05
30493,	1.551819e-05
30494,	1.550656e-05
30495,	1.549494e-05
30496,	1.548333e-05
30497,	1.547173e-05
30498,	1.546013e-05
30499,	1.544854e-05
30500,	1.543696e-05
30501,	1.542539e-05
30502,	1.541383e-05
30503,	1.540227e-05
30504,	1.539072e-05
30505,	1.537918e-05
30506,	1.536765e-05
30507,	1.535613e-05
30508,	1.534461e-05
30509,	1.533310e-05
30510,	1.532160e-05
30511,	1.531011e-05
30512,	1.529862e-05
30513,	1.528715e-05
30514,	1.527568e-05
30515,	1.526422e-05
30516,	1.525276e-05
30517,	1.524132e-05
30518,	1.522988e-05
30519,	1.521845e-05
30520,	1.520703e-05
30521,	1.519561e-05
30522,	1.518420e-05
30523,	1.517281e-05
30524,	1.516141e-05
30525,	1.515003e-05
30526,	1.513865e-05
30527,	1.512729e-05
30528,	1.511593e-05
30529,	1.510457e-05
30530,	1.509323e-05
30531,	1.508189e-05
30532,	1.507056e-05
30533,	1.505924e-05
30534,	1.504793e-05
30535,	1.503662e-05
30536,	1.502532e-05
30537,	1.501403e-05
30538,	1.500275e-05
30539,	1.499147e-05
30540,	1.498021e-05
30541,	1.496895e-05
30542,	1.495769e-05
30543,	1.494645e-05
30544,	1.493521e-05
30545,	1.492398e-05
30546,	1.491276e-05
30547,	1.490155e-05
30548,	1.489034e-05
30549,	1.487915e-05
30550,	1.486795e-05
30551,	1.485677e-05
30552,	1.484560e-05
30553,	1.483443e-05
30554,	1.482327e-05
30555,	1.481212e-05
30556,	1.480097e-05
30557,	1.478983e-05
30558,	1.477870e-05
30559,	1.476758e-05
30560,	1.475647e-05
30561,	1.474536e-05
30562,	1.473426e-05
30563,	1.472317e-05
30564,	1.471209e-05
30565,	1.470101e-05
30566,	1.468994e-05
30567,	1.467888e-05
30568,	1.466783e-05
30569,	1.465678e-05
30570,	1.464574e-05
30571,	1.463471e-05
30572,	1.462369e-05
30573,	1.461267e-05
30574,	1.460166e-05
30575,	1.459066e-05
30576,	1.457967e-05
30577,	1.456868e-05
30578,	1.455771e-05
30579,	1.454673e-05
30580,	1.453577e-05
30581,	1.452482e-05
30582,	1.451387e-05
30583,	1.450293e-05
30584,	1.449199e-05
30585,	1.448107e-05
30586,	1.447015e-05
30587,	1.445924e-05
30588,	1.444834e-05
30589,	1.443744e-05
30590,	1.442655e-05
30591,	1.441567e-05
30592,	1.440480e-05
30593,	1.439393e-05
30594,	1.438307e-05
30595,	1.437222e-05
30596,	1.436138e-05
30597,	1.435054e-05
30598,	1.433972e-05
30599,	1.432890e-05
30600,	1.431808e-05
30601,	1.430728e-05
30602,	1.429648e-05
30603,	1.428568e-05
30604,	1.427490e-05
30605,	1.426412e-05
30606,	1.425336e-05
30607,	1.424259e-05
30608,	1.423184e-05
30609,	1.422109e-05
30610,	1.421035e-05
30611,	1.419962e-05
30612,	1.418889e-05
30613,	1.417818e-05
30614,	1.416747e-05
30615,	1.415676e-05
30616,	1.414607e-05
30617,	1.413538e-05
30618,	1.412470e-05
30619,	1.411403e-05
30620,	1.410336e-05
30621,	1.409270e-05
30622,	1.408205e-05
30623,	1.407141e-05
30624,	1.406077e-05
30625,	1.405014e-05
30626,	1.403952e-05
30627,	1.402890e-05
30628,	1.401830e-05
30629,	1.400770e-05
30630,	1.399710e-05
30631,	1.398652e-05
30632,	1.397594e-05
30633,	1.396537e-05
30634,	1.395480e-05
30635,	1.394425e-05
30636,	1.393370e-05
30637,	1.392316e-05
30638,	1.391262e-05
30639,	1.390209e-05
30640,	1.389157e-05
30641,	1.388106e-05
30642,	1.387055e-05
30643,	1.386006e-05
30644,	1.384956e-05
30645,	1.383908e-05
30646,	1.382860e-05
30647,	1.381813e-05
30648,	1.380767e-05
30649,	1.379722e-05
30650,	1.378677e-05
30651,	1.377633e-05
30652,	1.376589e-05
30653,	1.375547e-05
30654,	1.374505e-05
30655,	1.373464e-05
30656,	1.372423e-05
30657,	1.371383e-05
30658,	1.370344e-05
30659,	1.369306e-05
30660,	1.368268e-05
30661,	1.367231e-05
30662,	1.366195e-05
30663,	1.365160e-05
30664,	1.364125e-05
30665,	1.363091e-05
30666,	1.362058e-05
30667,	1.361025e-05
30668,	1.359993e-05
30669,	1.358962e-05
30670,	1.357931e-05
30671,	1.356902e-05
30672,	1.355872e-05
30673,	1.354844e-05
30674,	1.353816e-05
30675,	1.352790e-05
30676,	1.351763e-05
30677,	1.350738e-05
30678,	1.349713e-05
30679,	1.348689e-05
30680,	1.347665e-05
30681,	1.346643e-05
30682,	1.345621e-05
30683,	1.344600e-05
30684,	1.343579e-05
30685,	1.342559e-05
30686,	1.341540e-05
30687,	1.340521e-05
30688,	1.339504e-05
30689,	1.338487e-05
30690,	1.337470e-05
30691,	1.336455e-05
30692,	1.335440e-05
30693,	1.334425e-05
30694,	1.333412e-05
30695,	1.332399e-05
30696,	1.331387e-05
30697,	1.330375e-05
30698,	1.329365e-05
30699,	1.328355e-05
30700,	1.327345e-05
30701,	1.326337e-05
30702,	1.325329e-05
30703,	1.324322e-05
30704,	1.323315e-05
30705,	1.322309e-05
30706,	1.321304e-05
30707,	1.320299e-05
30708,	1.319296e-05
30709,	1.318293e-05
30710,	1.317290e-05
30711,	1.316289e-05
30712,	1.315288e-05
30713,	1.314287e-05
30714,	1.313288e-05
30715,	1.312289e-05
30716,	1.311290e-05
30717,	1.310293e-05
30718,	1.309296e-05
30719,	1.308300e-05
30720,	1.307304e-05
30721,	1.306310e-05
30722,	1.305316e-05
30723,	1.304322e-05
30724,	1.303329e-05
30725,	1.302337e-05
30726,	1.301346e-05
30727,	1.300355e-05
30728,	1.299366e-05
30729,	1.298376e-05
30730,	1.297388e-05
30731,	1.296400e-05
30732,	1.295413e-05
30733,	1.294426e-05
30734,	1.293440e-05
30735,	1.292455e-05
30736,	1.291470e-05
30737,	1.290487e-05
30738,	1.289504e-05
30739,	1.288521e-05
30740,	1.287539e-05
30741,	1.286558e-05
30742,	1.285578e-05
30743,	1.284598e-05
30744,	1.283619e-05
30745,	1.282641e-05
30746,	1.281663e-05
30747,	1.280686e-05
30748,	1.279710e-05
30749,	1.278734e-05
30750,	1.277759e-05
30751,	1.276785e-05
30752,	1.275811e-05
30753,	1.274838e-05
30754,	1.273866e-05
30755,	1.272894e-05
30756,	1.271924e-05
30757,	1.270953e-05
30758,	1.269984e-05
30759,	1.269015e-05
30760,	1.268047e-05
30761,	1.267079e-05
30762,	1.266112e-05
30763,	1.265146e-05
30764,	1.264181e-05
30765,	1.263216e-05
30766,	1.262251e-05
30767,	1.261288e-05
30768,	1.260325e-05
30769,	1.259363e-05
30770,	1.258401e-05
30771,	1.257441e-05
30772,	1.256480e-05
30773,	1.255521e-05
30774,	1.254562e-05
30775,	1.253604e-05
30776,	1.252646e-05
30777,	1.251690e-05
30778,	1.250733e-05
30779,	1.249778e-05
30780,	1.248823e-05
30781,	1.247869e-05
30782,	1.246915e-05
30783,	1.245962e-05
30784,	1.245010e-05
30785,	1.244059e-05
30786,	1.243108e-05
30787,	1.242158e-05
30788,	1.241208e-05
30789,	1.240259e-05
30790,	1.239311e-05
30791,	1.238363e-05
30792,	1.237417e-05
30793,	1.236470e-05
30794,	1.235525e-05
30795,	1.234580e-05
30796,	1.233636e-05
30797,	1.232692e-05
30798,	1.231749e-05
30799,	1.230807e-05
30800,	1.229865e-05
30801,	1.228924e-05
30802,	1.227984e-05
30803,	1.227044e-05
30804,	1.226105e-05
30805,	1.225167e-05
30806,	1.224229e-05
30807,	1.223292e-05
30808,	1.222356e-05
30809,	1.221420e-05
30810,	1.220485e-05
30811,	1.219550e-05
30812,	1.218617e-05
30813,	1.217683e-05
30814,	1.216751e-05
30815,	1.215819e-05
30816,	1.214888e-05
30817,	1.213957e-05
30818,	1.213027e-05
30819,	1.212098e-05
30820,	1.211170e-05
30821,	1.210242e-05
30822,	1.209314e-05
30823,	1.208388e-05
30824,	1.207462e-05
30825,	1.206536e-05
30826,	1.205612e-05
30827,	1.204688e-05
30828,	1.203764e-05
30829,	1.202841e-05
30830,	1.201919e-05
30831,	1.200998e-05
30832,	1.200077e-05
30833,	1.199157e-05
30834,	1.198237e-05
30835,	1.197318e-05
30836,	1.196400e-05
30837,	1.195482e-05
30838,	1.194565e-05
30839,	1.193649e-05
30840,	1.192733e-05
30841,	1.191818e-05
30842,	1.190904e-05
30843,	1.189990e-05
30844,	1.189077e-05
30845,	1.188164e-05
30846,	1.187253e-05
30847,	1.186341e-05
30848,	1.185431e-05
30849,	1.184521e-05
30850,	1.183611e-05
30851,	1.182703e-05
30852,	1.181795e-05
30853,	1.180887e-05
30854,	1.179980e-05
30855,	1.179074e-05
30856,	1.178169e-05
30857,	1.177264e-05
30858,	1.176360e-05
30859,	1.175456e-05
30860,	1.174553e-05
30861,	1.173651e-05
30862,	1.172749e-05
30863,	1.171848e-05
30864,	1.170947e-05
30865,	1.170048e-05
30866,	1.169148e-05
30867,	1.168250e-05
30868,	1.167352e-05
30869,	1.166455e-05
30870,	1.165558e-05
30871,	1.164662e-05
30872,	1.163766e-05
30873,	1.162872e-05
30874,	1.161977e-05
30875,	1.161084e-05
30876,	1.160191e-05
30877,	1.159299e-05
30878,	1.158407e-05
30879,	1.157516e-05
30880,	1.156626e-05
30881,	1.155736e-05
30882,	1.154847e-05
30883,	1.153958e-05
30884,	1.153070e-05
30885,	1.152183e-05
30886,	1.151296e-05
30887,	1.150410e-05
30888,	1.149525e-05
30889,	1.148640e-05
30890,	1.147756e-05
30891,	1.146872e-05
30892,	1.145989e-05
30893,	1.145107e-05
30894,	1.144225e-05
30895,	1.143344e-05
30896,	1.142463e-05
30897,	1.141584e-05
30898,	1.140704e-05
30899,	1.139826e-05
30900,	1.138948e-05
30901,	1.138070e-05
30902,	1.137194e-05
30903,	1.136317e-05
30904,	1.135442e-05
30905,	1.134567e-05
30906,	1.133693e-05
30907,	1.132819e-05
30908,	1.131946e-05
30909,	1.131073e-05
30910,	1.130201e-05
30911,	1.129330e-05
30912,	1.128460e-05
30913,	1.127590e-05
30914,	1.126720e-05
30915,	1.125851e-05
30916,	1.124983e-05
30917,	1.124116e-05
30918,	1.123249e-05
30919,	1.122382e-05
30920,	1.121516e-05
30921,	1.120651e-05
30922,	1.119787e-05
30923,	1.118923e-05
30924,	1.118060e-05
30925,	1.117197e-05
30926,	1.116335e-05
30927,	1.115473e-05
30928,	1.114612e-05
30929,	1.113752e-05
30930,	1.112892e-05
30931,	1.112033e-05
30932,	1.111175e-05
30933,	1.110317e-05
30934,	1.109460e-05
30935,	1.108603e-05
30936,	1.107747e-05
30937,	1.106891e-05
30938,	1.106037e-05
30939,	1.105182e-05
30940,	1.104329e-05
30941,	1.103476e-05
30942,	1.102623e-05
30943,	1.101771e-05
30944,	1.100920e-05
30945,	1.100069e-05
30946,	1.099219e-05
30947,	1.098370e-05
30948,	1.097521e-05
30949,	1.096673e-05
30950,	1.095825e-05
30951,	1.094978e-05
30952,	1.094132e-05
30953,	1.093286e-05
30954,	1.092440e-05
30955,	1.091596e-05
30956,	1.090752e-05
30957,	1.089908e-05
30958,	1.089065e-05
30959,	1.088223e-05
30960,	1.087381e-05
30961,	1.086540e-05
30962,	1.085700e-05
30963,	1.084860e-05
30964,	1.084020e-05
30965,	1.083182e-05
30966,	1.082344e-05
30967,	1.081506e-05
30968,	1.080669e-05
30969,	1.079833e-05
30970,	1.078997e-05
30971,	1.078162e-05
30972,	1.077327e-05
30973,	1.076493e-05
30974,	1.075660e-05
30975,	1.074827e-05
30976,	1.073995e-05
30977,	1.073163e-05
30978,	1.072332e-05
30979,	1.071501e-05
30980,	1.070671e-05
30981,	1.069842e-05
30982,	1.069013e-05
30983,	1.068185e-05
30984,	1.067358e-05
30985,	1.066531e-05
30986,	1.065704e-05
30987,	1.064879e-05
30988,	1.064053e-05
30989,	1.063229e-05
30990,	1.062405e-05
30991,	1.061581e-05
30992,	1.060758e-05
30993,	1.059936e-05
30994,	1.059114e-05
30995,	1.058293e-05
30996,	1.057472e-05
30997,	1.056652e-05
30998,	1.055833e-05
30999,	1.055014e-05
31000,	1.054196e-05
31001,	1.053378e-05
31002,	1.052561e-05
31003,	1.051745e-05
31004,	1.050929e-05
31005,	1.050113e-05
31006,	1.049299e-05
31007,	1.048484e-05
31008,	1.047671e-05
31009,	1.046858e-05
31010,	1.046045e-05
31011,	1.045233e-05
31012,	1.044422e-05
31013,	1.043611e-05
31014,	1.042801e-05
31015,	1.041992e-05
31016,	1.041182e-05
31017,	1.040374e-05
31018,	1.039566e-05
31019,	1.038759e-05
31020,	1.037952e-05
31021,	1.037146e-05
31022,	1.036340e-05
31023,	1.035535e-05
31024,	1.034731e-05
31025,	1.033927e-05
31026,	1.033124e-05
31027,	1.032321e-05
31028,	1.031519e-05
31029,	1.030717e-05
31030,	1.029916e-05
31031,	1.029116e-05
31032,	1.028316e-05
31033,	1.027516e-05
31034,	1.026718e-05
31035,	1.025919e-05
31036,	1.025122e-05
31037,	1.024325e-05
31038,	1.023528e-05
31039,	1.022732e-05
31040,	1.021937e-05
31041,	1.021142e-05
31042,	1.020348e-05
31043,	1.019554e-05
31044,	1.018761e-05
31045,	1.017968e-05
31046,	1.017176e-05
31047,	1.016385e-05
31048,	1.015594e-05
31049,	1.014804e-05
31050,	1.014014e-05
31051,	1.013225e-05
31052,	1.012436e-05
31053,	1.011648e-05
31054,	1.010860e-05
31055,	1.010074e-05
31056,	1.009287e-05
31057,	1.008501e-05
31058,	1.007716e-05
31059,	1.006931e-05
31060,	1.006147e-05
31061,	1.005364e-05
31062,	1.004580e-05
31063,	1.003798e-05
31064,	1.003016e-05
31065,	1.002235e-05
31066,	1.001454e-05
31067,	1.000674e-05
31068,	9.998939e-06
31069,	9.991147e-06
31070,	9.983361e-06
31071,	9.975581e-06
31072,	9.967806e-06
31073,	9.960036e-06
31074,	9.952272e-06
31075,	9.944514e-06
31076,	9.936761e-06
31077,	9.929013e-06
31078,	9.921272e-06
31079,	9.913535e-06
31080,	9.905804e-06
31081,	9.898079e-06
31082,	9.890359e-06
31083,	9.882645e-06
31084,	9.874936e-06
31085,	9.867232e-06
31086,	9.859535e-06
31087,	9.851842e-06
31088,	9.844155e-06
31089,	9.836474e-06
31090,	9.828798e-06
31091,	9.821127e-06
31092,	9.813462e-06
31093,	9.805802e-06
31094,	9.798148e-06
31095,	9.790500e-06
31096,	9.782856e-06
31097,	9.775219e-06
31098,	9.767586e-06
31099,	9.759959e-06
31100,	9.752338e-06
31101,	9.744722e-06
31102,	9.737111e-06
31103,	9.729506e-06
31104,	9.721906e-06
31105,	9.714312e-06
31106,	9.706723e-06
31107,	9.699139e-06
31108,	9.691561e-06
31109,	9.683988e-06
31110,	9.676421e-06
31111,	9.668859e-06
31112,	9.661303e-06
31113,	9.653751e-06
31114,	9.646206e-06
31115,	9.638665e-06
31116,	9.631130e-06
31117,	9.623601e-06
31118,	9.616076e-06
31119,	9.608558e-06
31120,	9.601044e-06
31121,	9.593536e-06
31122,	9.586033e-06
31123,	9.578536e-06
31124,	9.571044e-06
31125,	9.563557e-06
31126,	9.556076e-06
31127,	9.548599e-06
31128,	9.541129e-06
31129,	9.533663e-06
31130,	9.526203e-06
31131,	9.518749e-06
31132,	9.511299e-06
31133,	9.503855e-06
31134,	9.496417e-06
31135,	9.488983e-06
31136,	9.481555e-06
31137,	9.474132e-06
31138,	9.466715e-06
31139,	9.459303e-06
31140,	9.451896e-06
31141,	9.444494e-06
31142,	9.437098e-06
31143,	9.429707e-06
31144,	9.422321e-06
31145,	9.414941e-06
31146,	9.407565e-06
31147,	9.400195e-06
31148,	9.392831e-06
31149,	9.385471e-06
31150,	9.378117e-06
31151,	9.370769e-06
31152,	9.363425e-06
31153,	9.356087e-06
31154,	9.348754e-06
31155,	9.341426e-06
31156,	9.334103e-06
31157,	9.326786e-06
31158,	9.319474e-06
31159,	9.312167e-06
31160,	9.304865e-06
31161,	9.297569e-06
31162,	9.290278e-06
31163,	9.282992e-06
31164,	9.275711e-06
31165,	9.268435e-06
31166,	9.261165e-06
31167,	9.253900e-06
31168,	9.246640e-06
31169,	9.239385e-06
31170,	9.232136e-06
31171,	9.224892e-06
31172,	9.217653e-06
31173,	9.210419e-06
31174,	9.203190e-06
31175,	9.195966e-06
31176,	9.188748e-06
31177,	9.181535e-06
31178,	9.174327e-06
31179,	9.167124e-06
31180,	9.159926e-06
31181,	9.152734e-06
31182,	9.145546e-06
31183,	9.138364e-06
31184,	9.131187e-06
31185,	9.124015e-06
31186,	9.116848e-06
31187,	9.109686e-06
31188,	9.102530e-06
31189,	9.095379e-06
31190,	9.088232e-06
31191,	9.081091e-06
31192,	9.073955e-06
31193,	9.066824e-06
31194,	9.059699e-06
31195,	9.052578e-06
31196,	9.045462e-06
31197,	9.038352e-06
31198,	9.031247e-06
31199,	9.024146e-06
31200,	9.017051e-06
31201,	9.009961e-06
31202,	9.002876e-06
31203,	8.995797e-06
31204,	8.988722e-06
31205,	8.981652e-06
31206,	8.974588e-06
31207,	8.967528e-06
31208,	8.960474e-06
31209,	8.953424e-06
31210,	8.946380e-06
31211,	8.939341e-06
31212,	8.932307e-06
31213,	8.925277e-06
31214,	8.918253e-06
31215,	8.911234e-06
31216,	8.904220e-06
31217,	8.897211e-06
31218,	8.890207e-06
31219,	8.883209e-06
31220,	8.876215e-06
31221,	8.869226e-06
31222,	8.862242e-06
31223,	8.855264e-06
31224,	8.848290e-06
31225,	8.841321e-06
31226,	8.834357e-06
31227,	8.827399e-06
31228,	8.820445e-06
31229,	8.813496e-06
31230,	8.806553e-06
31231,	8.799614e-06
31232,	8.792680e-06
31233,	8.785752e-06
31234,	8.778828e-06
31235,	8.771909e-06
31236,	8.764996e-06
31237,	8.758087e-06
31238,	8.751183e-06
31239,	8.744284e-06
31240,	8.737390e-06
31241,	8.730502e-06
31242,	8.723618e-06
31243,	8.716739e-06
31244,	8.709865e-06
31245,	8.702996e-06
31246,	8.696132e-06
31247,	8.689272e-06
31248,	8.682418e-06
31249,	8.675569e-06
31250,	8.668725e-06
31251,	8.661885e-06
31252,	8.655051e-06
31253,	8.648221e-06
31254,	8.641397e-06
31255,	8.634577e-06
31256,	8.627762e-06
31257,	8.620952e-06
31258,	8.614148e-06
31259,	8.607348e-06
31260,	8.600552e-06
31261,	8.593762e-06
31262,	8.586977e-06
31263,	8.580196e-06
31264,	8.573421e-06
31265,	8.566650e-06
31266,	8.559885e-06
31267,	8.553124e-06
31268,	8.546368e-06
31269,	8.539617e-06
31270,	8.532870e-06
31271,	8.526129e-06
31272,	8.519392e-06
31273,	8.512661e-06
31274,	8.505934e-06
31275,	8.499212e-06
31276,	8.492495e-06
31277,	8.485783e-06
31278,	8.479076e-06
31279,	8.472373e-06
31280,	8.465675e-06
31281,	8.458983e-06
31282,	8.452295e-06
31283,	8.445611e-06
31284,	8.438933e-06
31285,	8.432260e-06
31286,	8.425591e-06
31287,	8.418927e-06
31288,	8.412268e-06
31289,	8.405614e-06
31290,	8.398964e-06
31291,	8.392320e-06
31292,	8.385680e-06
31293,	8.379045e-06
31294,	8.372415e-06
31295,	8.365789e-06
31296,	8.359169e-06
31297,	8.352553e-06
31298,	8.345942e-06
31299,	8.339336e-06
31300,	8.332734e-06
31301,	8.326137e-06
31302,	8.319545e-06
31303,	8.312958e-06
31304,	8.306376e-06
31305,	8.299798e-06
31306,	8.293225e-06
31307,	8.286657e-06
31308,	8.280094e-06
31309,	8.273535e-06
31310,	8.266982e-06
31311,	8.260432e-06
31312,	8.253888e-06
31313,	8.247348e-06
31314,	8.240814e-06
31315,	8.234283e-06
31316,	8.227758e-06
31317,	8.221237e-06
31318,	8.214721e-06
31319,	8.208210e-06
31320,	8.201704e-06
31321,	8.195202e-06
31322,	8.188705e-06
31323,	8.182212e-06
31324,	8.175725e-06
31325,	8.169242e-06
31326,	8.162763e-06
31327,	8.156290e-06
31328,	8.149821e-06
31329,	8.143357e-06
31330,	8.136897e-06
31331,	8.130442e-06
31332,	8.123992e-06
31333,	8.117547e-06
31334,	8.111106e-06
31335,	8.104670e-06
31336,	8.098239e-06
31337,	8.091812e-06
31338,	8.085390e-06
31339,	8.078972e-06
31340,	8.072559e-06
31341,	8.066151e-06
31342,	8.059748e-06
31343,	8.053349e-06
31344,	8.046955e-06
31345,	8.040565e-06
31346,	8.034180e-06
31347,	8.027800e-06
31348,	8.021424e-06
31349,	8.015053e-06
31350,	8.008687e-06
31351,	8.002325e-06
31352,	7.995968e-06
31353,	7.989616e-06
31354,	7.983268e-06
31355,	7.976925e-06
31356,	7.970586e-06
31357,	7.964252e-06
31358,	7.957922e-06
31359,	7.951597e-06
31360,	7.945277e-06
31361,	7.938962e-06
31362,	7.932650e-06
31363,	7.926344e-06
31364,	7.920042e-06
31365,	7.913745e-06
31366,	7.907452e-06
31367,	7.901164e-06
31368,	7.894880e-06
31369,	7.888601e-06
31370,	7.882327e-06
31371,	7.876057e-06
31372,	7.869792e-06
31373,	7.863531e-06
31374,	7.857275e-06
31375,	7.851023e-06
31376,	7.844776e-06
31377,	7.838533e-06
31378,	7.832295e-06
31379,	7.826062e-06
31380,	7.819833e-06
31381,	7.813608e-06
31382,	7.807389e-06
31383,	7.801173e-06
31384,	7.794962e-06
31385,	7.788756e-06
31386,	7.782554e-06
31387,	7.776357e-06
31388,	7.770164e-06
31389,	7.763976e-06
31390,	7.757792e-06
31391,	7.751613e-06
31392,	7.745438e-06
31393,	7.739268e-06
31394,	7.733103e-06
31395,	7.726941e-06
31396,	7.720785e-06
31397,	7.714632e-06
31398,	7.708485e-06
31399,	7.702341e-06
31400,	7.696203e-06
31401,	7.690068e-06
31402,	7.683938e-06
31403,	7.677813e-06
31404,	7.671692e-06
31405,	7.665576e-06
31406,	7.659464e-06
31407,	7.653356e-06
31408,	7.647253e-06
31409,	7.641154e-06
31410,	7.635060e-06
31411,	7.628971e-06
31412,	7.622885e-06
31413,	7.616804e-06
31414,	7.610728e-06
31415,	7.604656e-06
31416,	7.598589e-06
31417,	7.592525e-06
31418,	7.586467e-06
31419,	7.580413e-06
31420,	7.574363e-06
31421,	7.568317e-06
31422,	7.562276e-06
31423,	7.556240e-06
31424,	7.550208e-06
31425,	7.544180e-06
31426,	7.538156e-06
31427,	7.532138e-06
31428,	7.526123e-06
31429,	7.520113e-06
31430,	7.514107e-06
31431,	7.508106e-06
31432,	7.502109e-06
31433,	7.496116e-06
31434,	7.490128e-06
31435,	7.484144e-06
31436,	7.478164e-06
31437,	7.472189e-06
31438,	7.466219e-06
31439,	7.460252e-06
31440,	7.454290e-06
31441,	7.448333e-06
31442,	7.442379e-06
31443,	7.436430e-06
31444,	7.430486e-06
31445,	7.424546e-06
31446,	7.418610e-06
31447,	7.412678e-06
31448,	7.406751e-06
31449,	7.400828e-06
31450,	7.394910e-06
31451,	7.388995e-06
31452,	7.383085e-06
31453,	7.377180e-06
31454,	7.371279e-06
31455,	7.365382e-06
31456,	7.359489e-06
31457,	7.353601e-06
31458,	7.347717e-06
31459,	7.341837e-06
31460,	7.335962e-06
31461,	7.330091e-06
31462,	7.324224e-06
31463,	7.318362e-06
31464,	7.312504e-06
31465,	7.306650e-06
31466,	7.300800e-06
31467,	7.294955e-06
31468,	7.289114e-06
31469,	7.283277e-06
31470,	7.277445e-06
31471,	7.271617e-06
31472,	7.265793e-06
31473,	7.259973e-06
31474,	7.254158e-06
31475,	7.248347e-06
31476,	7.242540e-06
31477,	7.236738e-06
31478,	7.230939e-06
31479,	7.225145e-06
31480,	7.219355e-06
31481,	7.213570e-06
31482,	7.207789e-06
31483,	7.202012e-06
31484,	7.196239e-06
31485,	7.190470e-06
31486,	7.184706e-06
31487,	7.178946e-06
31488,	7.173190e-06
31489,	7.167438e-06
31490,	7.161691e-06
31491,	7.155947e-06
31492,	7.150208e-06
31493,	7.144474e-06
31494,	7.138743e-06
31495,	7.133017e-06
31496,	7.127295e-06
31497,	7.121577e-06
31498,	7.115863e-06
31499,	7.110153e-06
31500,	7.104448e-06
31501,	7.098747e-06
31502,	7.093050e-06
31503,	7.087357e-06
31504,	7.081668e-06
31505,	7.075984e-06
31506,	7.070304e-06
31507,	7.064628e-06
31508,	7.058956e-06
31509,	7.053288e-06
31510,	7.047624e-06
31511,	7.041965e-06
31512,	7.036310e-06
31513,	7.030659e-06
31514,	7.025012e-06
31515,	7.019369e-06
31516,	7.013730e-06
31517,	7.008096e-06
31518,	7.002466e-06
31519,	6.996839e-06
31520,	6.991217e-06
31521,	6.985599e-06
31522,	6.979986e-06
31523,	6.974376e-06
31524,	6.968770e-06
31525,	6.963169e-06
31526,	6.957572e-06
31527,	6.951979e-06
31528,	6.946390e-06
31529,	6.940805e-06
31530,	6.935224e-06
31531,	6.929647e-06
31532,	6.924075e-06
31533,	6.918506e-06
31534,	6.912942e-06
31535,	6.907382e-06
31536,	6.901825e-06
31537,	6.896273e-06
31538,	6.890725e-06
31539,	6.885181e-06
31540,	6.879642e-06
31541,	6.874106e-06
31542,	6.868574e-06
31543,	6.863047e-06
31544,	6.857523e-06
31545,	6.852004e-06
31546,	6.846488e-06
31547,	6.840977e-06
31548,	6.835470e-06
31549,	6.829967e-06
31550,	6.824468e-06
31551,	6.818972e-06
31552,	6.813481e-06
31553,	6.807995e-06
31554,	6.802512e-06
31555,	6.797033e-06
31556,	6.791558e-06
31557,	6.786087e-06
31558,	6.780620e-06
31559,	6.775158e-06
31560,	6.769699e-06
31561,	6.764244e-06
31562,	6.758794e-06
31563,	6.753347e-06
31564,	6.747905e-06
31565,	6.742466e-06
31566,	6.737032e-06
31567,	6.731601e-06
31568,	6.726175e-06
31569,	6.720752e-06
31570,	6.715334e-06
31571,	6.709919e-06
31572,	6.704509e-06
31573,	6.699102e-06
31574,	6.693700e-06
31575,	6.688301e-06
31576,	6.682907e-06
31577,	6.677516e-06
31578,	6.672129e-06
31579,	6.666747e-06
31580,	6.661368e-06
31581,	6.655994e-06
31582,	6.650623e-06
31583,	6.645256e-06
31584,	6.639894e-06
31585,	6.634535e-06
31586,	6.629180e-06
31587,	6.623829e-06
31588,	6.618482e-06
31589,	6.613140e-06
31590,	6.607801e-06
31591,	6.602466e-06
31592,	6.597135e-06
31593,	6.591807e-06
31594,	6.586484e-06
31595,	6.581165e-06
31596,	6.575850e-06
31597,	6.570538e-06
31598,	6.565231e-06
31599,	6.559928e-06
31600,	6.554628e-06
31601,	6.549332e-06
31602,	6.544041e-06
31603,	6.538753e-06
31604,	6.533469e-06
31605,	6.528189e-06
31606,	6.522913e-06
31607,	6.517641e-06
31608,	6.512373e-06
31609,	6.507108e-06
31610,	6.501848e-06
31611,	6.496591e-06
31612,	6.491339e-06
31613,	6.486090e-06
31614,	6.480845e-06
31615,	6.475604e-06
31616,	6.470367e-06
31617,	6.465134e-06
31618,	6.459904e-06
31619,	6.454679e-06
31620,	6.449457e-06
31621,	6.444240e-06
31622,	6.439026e-06
31623,	6.433816e-06
31624,	6.428610e-06
31625,	6.423407e-06
31626,	6.418209e-06
31627,	6.413014e-06
31628,	6.407824e-06
31629,	6.402637e-06
31630,	6.397454e-06
31631,	6.392275e-06
31632,	6.387100e-06
31633,	6.381928e-06
31634,	6.376761e-06
31635,	6.371597e-06
31636,	6.366437e-06
31637,	6.361281e-06
31638,	6.356128e-06
31639,	6.350980e-06
31640,	6.345835e-06
31641,	6.340695e-06
31642,	6.335558e-06
31643,	6.330424e-06
31644,	6.325295e-06
31645,	6.320169e-06
31646,	6.315048e-06
31647,	6.309930e-06
31648,	6.304816e-06
31649,	6.299705e-06
31650,	6.294599e-06
31651,	6.289496e-06
31652,	6.284397e-06
31653,	6.279302e-06
31654,	6.274211e-06
31655,	6.269123e-06
31656,	6.264039e-06
31657,	6.258959e-06
31658,	6.253883e-06
31659,	6.248810e-06
31660,	6.243742e-06
31661,	6.238677e-06
31662,	6.233616e-06
31663,	6.228558e-06
31664,	6.223505e-06
31665,	6.218455e-06
31666,	6.213409e-06
31667,	6.208366e-06
31668,	6.203328e-06
31669,	6.198293e-06
31670,	6.193262e-06
31671,	6.188234e-06
31672,	6.183211e-06
31673,	6.178191e-06
31674,	6.173175e-06
31675,	6.168162e-06
31676,	6.163154e-06
31677,	6.158149e-06
31678,	6.153148e-06
31679,	6.148150e-06
31680,	6.143156e-06
31681,	6.138166e-06
31682,	6.133180e-06
31683,	6.128197e-06
31684,	6.123218e-06
31685,	6.118243e-06
31686,	6.113272e-06
31687,	6.108304e-06
31688,	6.103340e-06
31689,	6.098379e-06
31690,	6.093423e-06
31691,	6.088470e-06
31692,	6.083520e-06
31693,	6.078575e-06
31694,	6.073633e-06
31695,	6.068695e-06
31696,	6.063760e-06
31697,	6.058829e-06
31698,	6.053902e-06
31699,	6.048979e-06
31700,	6.044059e-06
31701,	6.039143e-06
31702,	6.034230e-06
31703,	6.029321e-06
31704,	6.024416e-06
31705,	6.019515e-06
31706,	6.014617e-06
31707,	6.009723e-06
31708,	6.004832e-06
31709,	5.999945e-06
31710,	5.995062e-06
31711,	5.990182e-06
31712,	5.985306e-06
31713,	5.980434e-06
31714,	5.975565e-06
31715,	5.970700e-06
31716,	5.965839e-06
31717,	5.960981e-06
31718,	5.956127e-06
31719,	5.951276e-06
31720,	5.946430e-06
31721,	5.941586e-06
31722,	5.936747e-06
31723,	5.931911e-06
31724,	5.927078e-06
31725,	5.922249e-06
31726,	5.917424e-06
31727,	5.912603e-06
31728,	5.907785e-06
31729,	5.902970e-06
31730,	5.898159e-06
31731,	5.893352e-06
31732,	5.888549e-06
31733,	5.883749e-06
31734,	5.878952e-06
31735,	5.874159e-06
31736,	5.869370e-06
31737,	5.864585e-06
31738,	5.859802e-06
31739,	5.855024e-06
31740,	5.850249e-06
31741,	5.845478e-06
31742,	5.840710e-06
31743,	5.835946e-06
31744,	5.831185e-06
31745,	5.826428e-06
31746,	5.821674e-06
31747,	5.816925e-06
31748,	5.812178e-06
31749,	5.807435e-06
31750,	5.802696e-06
31751,	5.797960e-06
31752,	5.793228e-06
31753,	5.788499e-06
31754,	5.783774e-06
31755,	5.779053e-06
31756,	5.774335e-06
31757,	5.769620e-06
31758,	5.764909e-06
31759,	5.760202e-06
31760,	5.755498e-06
31761,	5.750797e-06
31762,	5.746101e-06
31763,	5.741407e-06
31764,	5.736717e-06
31765,	5.732031e-06
31766,	5.727348e-06
31767,	5.722669e-06
31768,	5.717993e-06
31769,	5.713321e-06
31770,	5.708652e-06
31771,	5.703987e-06
31772,	5.699325e-06
31773,	5.694667e-06
31774,	5.690012e-06
31775,	5.685361e-06
31776,	5.680713e-06
31777,	5.676069e-06
31778,	5.671428e-06
31779,	5.666791e-06
31780,	5.662157e-06
31781,	5.657527e-06
31782,	5.652900e-06
31783,	5.648276e-06
31784,	5.643656e-06
31785,	5.639040e-06
31786,	5.634427e-06
31787,	5.629817e-06
31788,	5.625211e-06
31789,	5.620609e-06
31790,	5.616009e-06
31791,	5.611414e-06
31792,	5.606821e-06
31793,	5.602233e-06
31794,	5.597647e-06
31795,	5.593065e-06
31796,	5.588487e-06
31797,	5.583912e-06
31798,	5.579340e-06
31799,	5.574772e-06
31800,	5.570207e-06
31801,	5.565646e-06
31802,	5.561088e-06
31803,	5.556534e-06
31804,	5.551983e-06
31805,	5.547435e-06
31806,	5.542891e-06
31807,	5.538350e-06
31808,	5.533813e-06
31809,	5.529279e-06
31810,	5.524748e-06
31811,	5.520221e-06
31812,	5.515698e-06
31813,	5.511177e-06
31814,	5.506660e-06
31815,	5.502147e-06
31816,	5.497637e-06
31817,	5.493130e-06
31818,	5.488627e-06
31819,	5.484127e-06
31820,	5.479630e-06
31821,	5.475137e-06
31822,	5.470648e-06
31823,	5.466161e-06
31824,	5.461678e-06
31825,	5.457199e-06
31826,	5.452722e-06
31827,	5.448249e-06
31828,	5.443780e-06
31829,	5.439314e-06
31830,	5.434851e-06
31831,	5.430392e-06
31832,	5.425936e-06
31833,	5.421483e-06
31834,	5.417034e-06
31835,	5.412588e-06
31836,	5.408145e-06
31837,	5.403706e-06
31838,	5.399270e-06
31839,	5.394837e-06
31840,	5.390408e-06
31841,	5.385982e-06
31842,	5.381559e-06
31843,	5.377140e-06
31844,	5.372724e-06
31845,	5.368312e-06
31846,	5.363902e-06
31847,	5.359496e-06
31848,	5.355094e-06
31849,	5.350695e-06
31850,	5.346299e-06
31851,	5.341906e-06
31852,	5.337517e-06
31853,	5.333131e-06
31854,	5.328748e-06
31855,	5.324369e-06
31856,	5.319993e-06
31857,	5.315620e-06
31858,	5.311250e-06
31859,	5.306884e-06
31860,	5.302521e-06
31861,	5.298162e-06
31862,	5.293805e-06
31863,	5.289452e-06
31864,	5.285103e-06
31865,	5.280756e-06
31866,	5.276413e-06
31867,	5.272073e-06
31868,	5.267737e-06
31869,	5.263403e-06
31870,	5.259073e-06
31871,	5.254747e-06
31872,	5.250423e-06
31873,	5.246103e-06
31874,	5.241786e-06
31875,	5.237472e-06
31876,	5.233162e-06
31877,	5.228855e-06
31878,	5.224551e-06
31879,	5.220250e-06
31880,	5.215953e-06
31881,	5.211659e-06
31882,	5.207368e-06
31883,	5.203080e-06
31884,	5.198796e-06
31885,	5.194514e-06
31886,	5.190236e-06
31887,	5.185962e-06
31888,	5.181690e-06
31889,	5.177422e-06
31890,	5.173157e-06
31891,	5.168895e-06
31892,	5.164637e-06
31893,	5.160381e-06
31894,	5.156129e-06
31895,	5.151880e-06
31896,	5.147635e-06
31897,	5.143392e-06
31898,	5.139153e-06
31899,	5.134917e-06
31900,	5.130684e-06
31901,	5.126455e-06
31902,	5.122228e-06
31903,	5.118005e-06
31904,	5.113785e-06
31905,	5.109568e-06
31906,	5.105355e-06
31907,	5.101144e-06
31908,	5.096937e-06
31909,	5.092733e-06
31910,	5.088532e-06
31911,	5.084335e-06
31912,	5.080140e-06
31913,	5.075949e-06
31914,	5.071761e-06
31915,	5.067576e-06
31916,	5.063394e-06
31917,	5.059215e-06
31918,	5.055040e-06
31919,	5.050868e-06
31920,	5.046699e-06
31921,	5.042533e-06
31922,	5.038370e-06
31923,	5.034210e-06
31924,	5.030054e-06
31925,	5.025900e-06
31926,	5.021750e-06
31927,	5.017603e-06
31928,	5.013459e-06
31929,	5.009319e-06
31930,	5.005181e-06
31931,	5.001047e-06
31932,	4.996916e-06
31933,	4.992787e-06
31934,	4.988662e-06
31935,	4.984541e-06
31936,	4.980422e-06
31937,	4.976306e-06
31938,	4.972194e-06
31939,	4.968084e-06
31940,	4.963978e-06
31941,	4.959875e-06
31942,	4.955775e-06
31943,	4.951678e-06
31944,	4.947584e-06
31945,	4.943494e-06
31946,	4.939406e-06
31947,	4.935322e-06
31948,	4.931240e-06
31949,	4.927162e-06
31950,	4.923087e-06
31951,	4.919015e-06
31952,	4.914946e-06
31953,	4.910880e-06
31954,	4.906817e-06
31955,	4.902758e-06
31956,	4.898701e-06
31957,	4.894648e-06
31958,	4.890597e-06
31959,	4.886550e-06
31960,	4.882506e-06
31961,	4.878464e-06
31962,	4.874426e-06
31963,	4.870391e-06
31964,	4.866359e-06
31965,	4.862330e-06
31966,	4.858305e-06
31967,	4.854282e-06
31968,	4.850262e-06
31969,	4.846246e-06
31970,	4.842232e-06
31971,	4.838222e-06
31972,	4.834214e-06
31973,	4.830210e-06
31974,	4.826208e-06
31975,	4.822210e-06
31976,	4.818215e-06
31977,	4.814223e-06
31978,	4.810233e-06
31979,	4.806247e-06
31980,	4.802264e-06
31981,	4.798284e-06
31982,	4.794307e-06
31983,	4.790333e-06
31984,	4.786362e-06
31985,	4.782394e-06
31986,	4.778429e-06
31987,	4.774467e-06
31988,	4.770509e-06
31989,	4.766553e-06
31990,	4.762600e-06
31991,	4.758650e-06
31992,	4.754703e-06
31993,	4.750760e-06
31994,	4.746819e-06
31995,	4.742881e-06
31996,	4.738946e-06
31997,	4.735014e-06
31998,	4.731086e-06
31999,	4.727160e-06
32000,	4.723237e-06
32001,	4.719317e-06
32002,	4.715401e-06
32003,	4.711487e-06
32004,	4.707576e-06
32005,	4.703668e-06
32006,	4.699763e-06
32007,	4.695861e-06
32008,	4.691963e-06
32009,	4.688067e-06
32010,	4.684174e-06
32011,	4.680284e-06
32012,	4.676397e-06
32013,	4.672513e-06
32014,	4.668632e-06
32015,	4.664754e-06
32016,	4.660879e-06
32017,	4.657007e-06
32018,	4.653137e-06
32019,	4.649271e-06
32020,	4.645408e-06
32021,	4.641547e-06
32022,	4.637690e-06
32023,	4.633836e-06
32024,	4.629984e-06
32025,	4.626136e-06
32026,	4.622290e-06
32027,	4.618447e-06
32028,	4.614608e-06
32029,	4.610771e-06
32030,	4.606937e-06
32031,	4.603106e-06
32032,	4.599278e-06
32033,	4.595453e-06
32034,	4.591631e-06
32035,	4.587812e-06
32036,	4.583996e-06
32037,	4.580182e-06
32038,	4.576372e-06
32039,	4.572564e-06
32040,	4.568760e-06
32041,	4.564958e-06
32042,	4.561159e-06
32043,	4.557364e-06
32044,	4.553571e-06
32045,	4.549781e-06
32046,	4.545993e-06
32047,	4.542209e-06
32048,	4.538428e-06
32049,	4.534649e-06
32050,	4.530874e-06
32051,	4.527101e-06
32052,	4.523331e-06
32053,	4.519565e-06
32054,	4.515801e-06
32055,	4.512039e-06
32056,	4.508281e-06
32057,	4.504526e-06
32058,	4.500773e-06
32059,	4.497024e-06
32060,	4.493277e-06
32061,	4.489533e-06
32062,	4.485792e-06
32063,	4.482054e-06
32064,	4.478319e-06
32065,	4.474587e-06
32066,	4.470857e-06
32067,	4.467130e-06
32068,	4.463407e-06
32069,	4.459686e-06
32070,	4.455968e-06
32071,	4.452252e-06
32072,	4.448540e-06
32073,	4.444831e-06
32074,	4.441124e-06
32075,	4.437420e-06
32076,	4.433719e-06
32077,	4.430021e-06
32078,	4.426326e-06
32079,	4.422633e-06
32080,	4.418943e-06
32081,	4.415257e-06
32082,	4.411573e-06
32083,	4.407892e-06
32084,	4.404213e-06
32085,	4.400538e-06
32086,	4.396865e-06
32087,	4.393195e-06
32088,	4.389528e-06
32089,	4.385864e-06
32090,	4.382203e-06
32091,	4.378544e-06
32092,	4.374888e-06
32093,	4.371235e-06
32094,	4.367585e-06
32095,	4.363938e-06
32096,	4.360293e-06
32097,	4.356652e-06
32098,	4.353013e-06
32099,	4.349377e-06
32100,	4.345743e-06
32101,	4.342113e-06
32102,	4.338485e-06
32103,	4.334860e-06
32104,	4.331238e-06
32105,	4.327619e-06
32106,	4.324002e-06
32107,	4.320388e-06
32108,	4.316777e-06
32109,	4.313169e-06
32110,	4.309563e-06
32111,	4.305961e-06
32112,	4.302361e-06
32113,	4.298764e-06
32114,	4.295169e-06
32115,	4.291578e-06
32116,	4.287989e-06
32117,	4.284403e-06
32118,	4.280819e-06
32119,	4.277239e-06
32120,	4.273661e-06
32121,	4.270086e-06
32122,	4.266514e-06
32123,	4.262944e-06
32124,	4.259377e-06
32125,	4.255813e-06
32126,	4.252252e-06
32127,	4.248693e-06
32128,	4.245138e-06
32129,	4.241584e-06
32130,	4.238034e-06
32131,	4.234487e-06
32132,	4.230942e-06
32133,	4.227400e-06
32134,	4.223860e-06
32135,	4.220323e-06
32136,	4.216790e-06
32137,	4.213258e-06
32138,	4.209730e-06
32139,	4.206204e-06
32140,	4.202681e-06
32141,	4.199161e-06
32142,	4.195643e-06
32143,	4.192128e-06
32144,	4.188616e-06
32145,	4.185106e-06
32146,	4.181600e-06
32147,	4.178096e-06
32148,	4.174594e-06
32149,	4.171096e-06
32150,	4.167600e-06
32151,	4.164106e-06
32152,	4.160616e-06
32153,	4.157128e-06
32154,	4.153643e-06
32155,	4.150160e-06
32156,	4.146681e-06
32157,	4.143203e-06
32158,	4.139729e-06
32159,	4.136257e-06
32160,	4.132788e-06
32161,	4.129322e-06
32162,	4.125858e-06
32163,	4.122397e-06
32164,	4.118939e-06
32165,	4.115483e-06
32166,	4.112030e-06
32167,	4.108580e-06
32168,	4.105132e-06
32169,	4.101687e-06
32170,	4.098245e-06
32171,	4.094805e-06
32172,	4.091368e-06
32173,	4.087934e-06
32174,	4.084502e-06
32175,	4.081073e-06
32176,	4.077647e-06
32177,	4.074223e-06
32178,	4.070802e-06
32179,	4.067383e-06
32180,	4.063968e-06
32181,	4.060554e-06
32182,	4.057144e-06
32183,	4.053736e-06
32184,	4.050331e-06
32185,	4.046928e-06
32186,	4.043528e-06
32187,	4.040131e-06
32188,	4.036736e-06
32189,	4.033344e-06
32190,	4.029955e-06
32191,	4.026568e-06
32192,	4.023184e-06
32193,	4.019802e-06
32194,	4.016423e-06
32195,	4.013047e-06
32196,	4.009673e-06
32197,	4.006302e-06
32198,	4.002933e-06
32199,	3.999567e-06
32200,	3.996204e-06
32201,	3.992843e-06
32202,	3.989485e-06
32203,	3.986130e-06
32204,	3.982777e-06
32205,	3.979427e-06
32206,	3.976079e-06
32207,	3.972734e-06
32208,	3.969391e-06
32209,	3.966052e-06
32210,	3.962714e-06
32211,	3.959380e-06
32212,	3.956047e-06
32213,	3.952718e-06
32214,	3.949391e-06
32215,	3.946067e-06
32216,	3.942745e-06
32217,	3.939426e-06
32218,	3.936109e-06
32219,	3.932795e-06
32220,	3.929483e-06
32221,	3.926174e-06
32222,	3.922868e-06
32223,	3.919564e-06
32224,	3.916263e-06
32225,	3.912964e-06
32226,	3.909668e-06
32227,	3.906375e-06
32228,	3.903084e-06
32229,	3.899795e-06
32230,	3.896509e-06
32231,	3.893226e-06
32232,	3.889945e-06
32233,	3.886667e-06
32234,	3.883391e-06
32235,	3.880118e-06
32236,	3.876848e-06
32237,	3.873579e-06
32238,	3.870314e-06
32239,	3.867051e-06
32240,	3.863791e-06
32241,	3.860533e-06
32242,	3.857277e-06
32243,	3.854024e-06
32244,	3.850774e-06
32245,	3.847526e-06
32246,	3.844281e-06
32247,	3.841038e-06
32248,	3.837798e-06
32249,	3.834560e-06
32250,	3.831325e-06
32251,	3.828093e-06
32252,	3.824862e-06
32253,	3.821635e-06
32254,	3.818410e-06
32255,	3.815187e-06
32256,	3.811967e-06
32257,	3.808749e-06
32258,	3.805534e-06
32259,	3.802322e-06
32260,	3.799112e-06
32261,	3.795904e-06
32262,	3.792699e-06
32263,	3.789496e-06
32264,	3.786296e-06
32265,	3.783098e-06
32266,	3.779903e-06
32267,	3.776711e-06
32268,	3.773521e-06
32269,	3.770333e-06
32270,	3.767148e-06
32271,	3.763965e-06
32272,	3.760785e-06
32273,	3.757607e-06
32274,	3.754432e-06
32275,	3.751259e-06
32276,	3.748089e-06
32277,	3.744921e-06
32278,	3.741755e-06
32279,	3.738593e-06
32280,	3.735432e-06
32281,	3.732274e-06
32282,	3.729119e-06
32283,	3.725966e-06
32284,	3.722815e-06
32285,	3.719667e-06
32286,	3.716521e-06
32287,	3.713378e-06
32288,	3.710237e-06
32289,	3.707099e-06
32290,	3.703963e-06
32291,	3.700829e-06
32292,	3.697698e-06
32293,	3.694570e-06
32294,	3.691444e-06
32295,	3.688320e-06
32296,	3.685199e-06
32297,	3.682080e-06
32298,	3.678964e-06
32299,	3.675850e-06
32300,	3.672738e-06
32301,	3.669629e-06
32302,	3.666523e-06
32303,	3.663418e-06
32304,	3.660317e-06
32305,	3.657217e-06
32306,	3.654120e-06
32307,	3.651026e-06
32308,	3.647934e-06
32309,	3.644844e-06
32310,	3.641757e-06
32311,	3.638672e-06
32312,	3.635589e-06
32313,	3.632509e-06
32314,	3.629432e-06
32315,	3.626357e-06
32316,	3.623284e-06
32317,	3.620213e-06
32318,	3.617145e-06
32319,	3.614080e-06
32320,	3.611016e-06
32321,	3.607956e-06
32322,	3.604897e-06
32323,	3.601841e-06
32324,	3.598787e-06
32325,	3.595736e-06
32326,	3.592687e-06
32327,	3.589641e-06
32328,	3.586597e-06
32329,	3.583555e-06
32330,	3.580516e-06
32331,	3.577479e-06
32332,	3.574444e-06
32333,	3.571412e-06
32334,	3.568382e-06
32335,	3.565354e-06
32336,	3.562329e-06
32337,	3.559307e-06
32338,	3.556286e-06
32339,	3.553268e-06
32340,	3.550253e-06
32341,	3.547239e-06
32342,	3.544228e-06
32343,	3.541220e-06
32344,	3.538214e-06
32345,	3.535210e-06
32346,	3.532208e-06
32347,	3.529209e-06
32348,	3.526212e-06
32349,	3.523218e-06
32350,	3.520226e-06
32351,	3.517236e-06
32352,	3.514249e-06
32353,	3.511264e-06
32354,	3.508281e-06
32355,	3.505300e-06
32356,	3.502322e-06
32357,	3.499347e-06
32358,	3.496373e-06
32359,	3.493402e-06
32360,	3.490434e-06
32361,	3.487467e-06
32362,	3.484503e-06
32363,	3.481541e-06
32364,	3.478582e-06
32365,	3.475625e-06
32366,	3.472670e-06
32367,	3.469718e-06
32368,	3.466767e-06
32369,	3.463820e-06
32370,	3.460874e-06
32371,	3.457931e-06
32372,	3.454990e-06
32373,	3.452051e-06
32374,	3.449115e-06
32375,	3.446181e-06
32376,	3.443250e-06
32377,	3.440320e-06
32378,	3.437393e-06
32379,	3.434468e-06
32380,	3.431546e-06
32381,	3.428626e-06
32382,	3.425708e-06
32383,	3.422792e-06
32384,	3.419879e-06
32385,	3.416968e-06
32386,	3.414059e-06
32387,	3.411153e-06
32388,	3.408249e-06
32389,	3.405347e-06
32390,	3.402447e-06
32391,	3.399550e-06
32392,	3.396655e-06
32393,	3.393762e-06
32394,	3.390872e-06
32395,	3.387984e-06
32396,	3.385098e-06
32397,	3.382214e-06
32398,	3.379333e-06
32399,	3.376453e-06
32400,	3.373577e-06
32401,	3.370702e-06
32402,	3.367830e-06
32403,	3.364960e-06
32404,	3.362092e-06
32405,	3.359226e-06
32406,	3.356363e-06
32407,	3.353502e-06
32408,	3.350643e-06
32409,	3.347787e-06
32410,	3.344932e-06
32411,	3.342080e-06
32412,	3.339230e-06
32413,	3.336383e-06
32414,	3.333537e-06
32415,	3.330694e-06
32416,	3.327854e-06
32417,	3.325015e-06
32418,	3.322179e-06
32419,	3.319344e-06
32420,	3.316513e-06
32421,	3.313683e-06
32422,	3.310855e-06
32423,	3.308030e-06
32424,	3.305207e-06
32425,	3.302386e-06
32426,	3.299568e-06
32427,	3.296752e-06
32428,	3.293938e-06
32429,	3.291126e-06
32430,	3.288316e-06
32431,	3.285509e-06
32432,	3.282703e-06
32433,	3.279900e-06
32434,	3.277100e-06
32435,	3.274301e-06
32436,	3.271505e-06
32437,	3.268710e-06
32438,	3.265918e-06
32439,	3.263129e-06
32440,	3.260341e-06
32441,	3.257556e-06
32442,	3.254772e-06
32443,	3.251991e-06
32444,	3.249213e-06
32445,	3.246436e-06
32446,	3.243662e-06
32447,	3.240889e-06
32448,	3.238119e-06
32449,	3.235352e-06
32450,	3.232586e-06
32451,	3.229823e-06
32452,	3.227061e-06
32453,	3.224302e-06
32454,	3.221545e-06
32455,	3.218790e-06
32456,	3.216038e-06
32457,	3.213287e-06
32458,	3.210539e-06
32459,	3.207793e-06
32460,	3.205049e-06
32461,	3.202308e-06
32462,	3.199568e-06
32463,	3.196831e-06
32464,	3.194095e-06
32465,	3.191362e-06
32466,	3.188632e-06
32467,	3.185903e-06
32468,	3.183176e-06
32469,	3.180452e-06
32470,	3.177729e-06
32471,	3.175009e-06
32472,	3.172291e-06
32473,	3.169576e-06
32474,	3.166862e-06
32475,	3.164150e-06
32476,	3.161441e-06
32477,	3.158734e-06
32478,	3.156029e-06
32479,	3.153326e-06
32480,	3.150625e-06
32481,	3.147926e-06
32482,	3.145230e-06
32483,	3.142535e-06
32484,	3.139843e-06
32485,	3.137153e-06
32486,	3.134465e-06
32487,	3.131779e-06
32488,	3.129095e-06
32489,	3.126414e-06
32490,	3.123734e-06
32491,	3.121057e-06
32492,	3.118382e-06
32493,	3.115708e-06
32494,	3.113037e-06
32495,	3.110368e-06
32496,	3.107702e-06
32497,	3.105037e-06
32498,	3.102374e-06
32499,	3.099714e-06
32500,	3.097056e-06
32501,	3.094399e-06
32502,	3.091745e-06
32503,	3.089093e-06
32504,	3.086443e-06
32505,	3.083795e-06
32506,	3.081150e-06
32507,	3.078506e-06
32508,	3.075865e-06
32509,	3.073225e-06
32510,	3.070588e-06
32511,	3.067953e-06
32512,	3.065319e-06
32513,	3.062688e-06
32514,	3.060059e-06
32515,	3.057432e-06
32516,	3.054808e-06
32517,	3.052185e-06
32518,	3.049564e-06
32519,	3.046946e-06
32520,	3.044329e-06
32521,	3.041715e-06
32522,	3.039102e-06
32523,	3.036492e-06
32524,	3.033884e-06
32525,	3.031278e-06
32526,	3.028674e-06
32527,	3.026072e-06
32528,	3.023472e-06
32529,	3.020874e-06
32530,	3.018278e-06
32531,	3.015684e-06
32532,	3.013093e-06
32533,	3.010503e-06
32534,	3.007916e-06
32535,	3.005330e-06
32536,	3.002747e-06
32537,	3.000165e-06
32538,	2.997586e-06
32539,	2.995009e-06
32540,	2.992433e-06
32541,	2.989860e-06
32542,	2.987289e-06
32543,	2.984720e-06
32544,	2.982153e-06
32545,	2.979588e-06
32546,	2.977025e-06
32547,	2.974464e-06
32548,	2.971905e-06
32549,	2.969348e-06
32550,	2.966793e-06
32551,	2.964241e-06
32552,	2.961690e-06
32553,	2.959141e-06
32554,	2.956594e-06
32555,	2.954050e-06
32556,	2.951507e-06
32557,	2.948966e-06
32558,	2.946428e-06
32559,	2.943891e-06
32560,	2.941357e-06
32561,	2.938824e-06
32562,	2.936293e-06
32563,	2.933765e-06
32564,	2.931238e-06
32565,	2.928714e-06
32566,	2.926191e-06
32567,	2.923671e-06
32568,	2.921153e-06
32569,	2.918636e-06
32570,	2.916122e-06
32571,	2.913609e-06
32572,	2.911099e-06
32573,	2.908590e-06
32574,	2.906084e-06
32575,	2.903579e-06
32576,	2.901077e-06
32577,	2.898576e-06
32578,	2.896078e-06
32579,	2.893581e-06
32580,	2.891087e-06
32581,	2.888594e-06
32582,	2.886104e-06
32583,	2.883615e-06
32584,	2.881129e-06
32585,	2.878644e-06
32586,	2.876162e-06
32587,	2.873681e-06
32588,	2.871203e-06
32589,	2.868726e-06
32590,	2.866251e-06
32591,	2.863779e-06
32592,	2.861308e-06
32593,	2.858839e-06
32594,	2.856372e-06
32595,	2.853907e-06
32596,	2.851445e-06
32597,	2.848984e-06
32598,	2.846525e-06
32599,	2.844068e-06
32600,	2.841613e-06
32601,	2.839160e-06
32602,	2.836709e-06
32603,	2.834260e-06
32604,	2.831813e-06
32605,	2.829367e-06
32606,	2.826924e-06
32607,	2.824483e-06
32608,	2.822044e-06
32609,	2.819606e-06
32610,	2.817171e-06
32611,	2.814737e-06
32612,	2.812306e-06
32613,	2.809876e-06
32614,	2.807448e-06
32615,	2.805023e-06
32616,	2.802599e-06
32617,	2.800177e-06
32618,	2.797757e-06
32619,	2.795339e-06
32620,	2.792923e-06
32621,	2.790509e-06
32622,	2.788097e-06
32623,	2.785687e-06
32624,	2.783278e-06
32625,	2.780872e-06
32626,	2.778467e-06
32627,	2.776065e-06
32628,	2.773664e-06
32629,	2.771265e-06
32630,	2.768869e-06
32631,	2.766474e-06
32632,	2.764081e-06
32633,	2.761690e-06
32634,	2.759301e-06
32635,	2.756913e-06
32636,	2.754528e-06
32637,	2.752145e-06
32638,	2.749763e-06
32639,	2.747384e-06
32640,	2.745006e-06
32641,	2.742630e-06
32642,	2.740256e-06
32643,	2.737885e-06
32644,	2.735514e-06
32645,	2.733146e-06
32646,	2.730780e-06
32647,	2.728416e-06
32648,	2.726053e-06
32649,	2.723693e-06
32650,	2.721334e-06
32651,	2.718977e-06
32652,	2.716622e-06
32653,	2.714269e-06
32654,	2.711918e-06
32655,	2.709569e-06
32656,	2.707221e-06
32657,	2.704876e-06
32658,	2.702532e-06
32659,	2.700191e-06
32660,	2.697851e-06
32661,	2.695513e-06
32662,	2.693177e-06
32663,	2.690843e-06
32664,	2.688510e-06
32665,	2.686180e-06
32666,	2.683851e-06
32667,	2.681524e-06
32668,	2.679200e-06
32669,	2.676877e-06
32670,	2.674555e-06
32671,	2.672236e-06
32672,	2.669919e-06
32673,	2.667603e-06
32674,	2.665289e-06
32675,	2.662978e-06
32676,	2.660668e-06
32677,	2.658360e-06
32678,	2.656053e-06
32679,	2.653749e-06
32680,	2.651446e-06
32681,	2.649146e-06
32682,	2.646847e-06
32683,	2.644550e-06
32684,	2.642255e-06
32685,	2.639961e-06
32686,	2.637670e-06
32687,	2.635380e-06
32688,	2.633092e-06
32689,	2.630806e-06
32690,	2.628522e-06
32691,	2.626240e-06
32692,	2.623959e-06
32693,	2.621681e-06
32694,	2.619404e-06
32695,	2.617129e-06
32696,	2.614856e-06
32697,	2.612585e-06
32698,	2.610315e-06
32699,	2.608047e-06
32700,	2.605782e-06
32701,	2.603518e-06
32702,	2.601255e-06
32703,	2.598995e-06
32704,	2.596737e-06
32705,	2.594480e-06
32706,	2.592225e-06
32707,	2.589972e-06
32708,	2.587720e-06
32709,	2.585471e-06
32710,	2.583223e-06
32711,	2.580977e-06
32712,	2.578733e-06
32713,	2.576491e-06
32714,	2.574251e-06
32715,	2.572012e-06
32716,	2.569775e-06
32717,	2.567540e-06
32718,	2.565307e-06
32719,	2.563076e-06
32720,	2.560846e-06
32721,	2.558618e-06
32722,	2.556392e-06
32723,	2.554168e-06
32724,	2.551945e-06
32725,	2.549725e-06
32726,	2.547506e-06
32727,	2.545289e-06
32728,	2.543074e-06
32729,	2.540860e-06
32730,	2.538648e-06
32731,	2.536438e-06
32732,	2.534230e-06
32733,	2.532024e-06
32734,	2.529819e-06
32735,	2.527616e-06
32736,	2.525415e-06
32737,	2.523216e-06
32738,	2.521019e-06
32739,	2.518823e-06
32740,	2.516629e-06
32741,	2.514437e-06
32742,	2.512246e-06
32743,	2.510058e-06
32744,	2.507871e-06
32745,	2.505686e-06
32746,	2.503502e-06
32747,	2.501321e-06
32748,	2.499141e-06
32749,	2.496963e-06
32750,	2.494787e-06
32751,	2.492612e-06
32752,	2.490439e-06
32753,	2.488268e-06
32754,	2.486099e-06
32755,	2.483932e-06
32756,	2.481766e-06
32757,	2.479602e-06
32758,	2.477439e-06
32759,	2.475279e-06
32760,	2.473120e-06
32761,	2.470963e-06
32762,	2.468808e-06
32763,	2.466654e-06
32764,	2.464502e-06
32765,	2.462352e-06
32766,	2.460204e-06
32767,	2.458057e-06
32768,	2.455912e-06
32769,	2.453769e-06
32770,	2.451628e-06
32771,	2.449488e-06
32772,	2.447350e-06
32773,	2.445214e-06
32774,	2.443080e-06
32775,	2.440947e-06
32776,	2.438816e-06
32777,	2.436687e-06
32778,	2.434559e-06
32779,	2.432433e-06
32780,	2.430309e-06
32781,	2.428186e-06
32782,	2.426066e-06
32783,	2.423947e-06
32784,	2.421830e-06
32785,	2.419714e-06
32786,	2.417600e-06
32787,	2.415488e-06
32788,	2.413378e-06
32789,	2.411269e-06
32790,	2.409162e-06
32791,	2.407056e-06
32792,	2.404953e-06
32793,	2.402851e-06
32794,	2.400751e-06
32795,	2.398652e-06
32796,	2.396556e-06
32797,	2.394460e-06
32798,	2.392367e-06
32799,	2.390275e-06
32800,	2.388185e-06
32801,	2.386097e-06
32802,	2.384010e-06
32803,	2.381925e-06
32804,	2.379842e-06
32805,	2.377761e-06
32806,	2.375681e-06
32807,	2.373603e-06
32808,	2.371526e-06
32809,	2.369451e-06
32810,	2.367378e-06
32811,	2.365307e-06
32812,	2.363237e-06
32813,	2.361169e-06
32814,	2.359103e-06
32815,	2.357038e-06
32816,	2.354975e-06
32817,	2.352913e-06
32818,	2.350854e-06
32819,	2.348796e-06
32820,	2.346739e-06
32821,	2.344685e-06
32822,	2.342632e-06
32823,	2.340580e-06
32824,	2.338530e-06
32825,	2.336482e-06
32826,	2.334436e-06
32827,	2.332391e-06
32828,	2.330348e-06
32829,	2.328307e-06
32830,	2.326267e-06
32831,	2.324229e-06
32832,	2.322193e-06
32833,	2.320158e-06
32834,	2.318125e-06
32835,	2.316093e-06
32836,	2.314064e-06
32837,	2.312035e-06
32838,	2.310009e-06
32839,	2.307984e-06
32840,	2.305961e-06
32841,	2.303939e-06
32842,	2.301919e-06
32843,	2.299901e-06
32844,	2.297884e-06
32845,	2.295869e-06
32846,	2.293856e-06
32847,	2.291844e-06
32848,	2.289834e-06
32849,	2.287826e-06
32850,	2.285819e-06
32851,	2.283814e-06
32852,	2.281810e-06
32853,	2.279808e-06
32854,	2.277808e-06
32855,	2.275809e-06
32856,	2.273812e-06
32857,	2.271817e-06
32858,	2.269823e-06
32859,	2.267831e-06
32860,	2.265840e-06
32861,	2.263851e-06
32862,	2.261864e-06
32863,	2.259878e-06
32864,	2.257894e-06
32865,	2.255912e-06
32866,	2.253931e-06
32867,	2.251952e-06
32868,	2.249974e-06
32869,	2.247998e-06
32870,	2.246023e-06
32871,	2.244051e-06
32872,	2.242079e-06
32873,	2.240110e-06
32874,	2.238142e-06
32875,	2.236175e-06
32876,	2.234211e-06
32877,	2.232248e-06
32878,	2.230286e-06
32879,	2.228326e-06
32880,	2.226368e-06
32881,	2.224411e-06
32882,	2.222456e-06
32883,	2.220502e-06
32884,	2.218550e-06
32885,	2.216600e-06
32886,	2.214651e-06
32887,	2.212704e-06
32888,	2.210758e-06
32889,	2.208814e-06
32890,	2.206871e-06
32891,	2.204931e-06
32892,	2.202991e-06
32893,	2.201054e-06
32894,	2.199117e-06
32895,	2.197183e-06
32896,	2.195250e-06
32897,	2.193318e-06
32898,	2.191389e-06
32899,	2.189460e-06
32900,	2.187534e-06
32901,	2.185609e-06
32902,	2.183685e-06
32903,	2.181763e-06
32904,	2.179843e-06
32905,	2.177924e-06
32906,	2.176007e-06
32907,	2.174091e-06
32908,	2.172177e-06
32909,	2.170264e-06
32910,	2.168353e-06
32911,	2.166444e-06
32912,	2.164536e-06
32913,	2.162630e-06
32914,	2.160725e-06
32915,	2.158822e-06
32916,	2.156920e-06
32917,	2.155020e-06
32918,	2.153121e-06
32919,	2.151224e-06
32920,	2.149329e-06
32921,	2.147435e-06
32922,	2.145543e-06
32923,	2.143652e-06
32924,	2.141763e-06
32925,	2.139875e-06
32926,	2.137989e-06
32927,	2.136104e-06
32928,	2.134221e-06
32929,	2.132340e-06
32930,	2.130460e-06
32931,	2.128581e-06
32932,	2.126704e-06
32933,	2.124829e-06
32934,	2.122955e-06
32935,	2.121083e-06
32936,	2.119212e-06
32937,	2.117343e-06
32938,	2.115475e-06
32939,	2.113609e-06
32940,	2.111744e-06
32941,	2.109881e-06
32942,	2.108019e-06
32943,	2.106159e-06
32944,	2.104301e-06
32945,	2.102444e-06
32946,	2.100588e-06
32947,	2.098734e-06
32948,	2.096882e-06
32949,	2.095031e-06
32950,	2.093181e-06
32951,	2.091333e-06
32952,	2.089487e-06
32953,	2.087642e-06
32954,	2.085799e-06
32955,	2.083957e-06
32956,	2.082116e-06
32957,	2.080277e-06
32958,	2.078440e-06
32959,	2.076604e-06
32960,	2.074770e-06
32961,	2.072937e-06
32962,	2.071106e-06
32963,	2.069276e-06
32964,	2.067448e-06
32965,	2.065621e-06
32966,	2.063795e-06
32967,	2.061972e-06
32968,	2.060149e-06
32969,	2.058328e-06
32970,	2.056509e-06
32971,	2.054691e-06
32972,	2.052875e-06
32973,	2.051060e-06
32974,	2.049246e-06
32975,	2.047435e-06
32976,	2.045624e-06
32977,	2.043815e-06
32978,	2.042008e-06
32979,	2.040202e-06
32980,	2.038397e-06
32981,	2.036594e-06
32982,	2.034793e-06
32983,	2.032993e-06
32984,	2.031194e-06
32985,	2.029397e-06
32986,	2.027602e-06
32987,	2.025807e-06
32988,	2.024015e-06
32989,	2.022224e-06
32990,	2.020434e-06
32991,	2.018646e-06
32992,	2.016859e-06
32993,	2.015074e-06
32994,	2.013290e-06
32995,	2.011507e-06
32996,	2.009727e-06
32997,	2.007947e-06
32998,	2.006169e-06
32999,	2.004393e-06
33000,	2.002618e-06
33001,	2.000844e-06
33002,	1.999072e-06
33003,	1.997301e-06
33004,	1.995532e-06
33005,	1.993764e-06
33006,	1.991998e-06
33007,	1.990233e-06
33008,	1.988470e-06
33009,	1.986708e-06
33010,	1.984947e-06
33011,	1.983188e-06
33012,	1.981431e-06
33013,	1.979674e-06
33014,	1.977920e-06
33015,	1.976166e-06
33016,	1.974415e-06
33017,	1.972664e-06
33018,	1.970915e-06
33019,	1.969168e-06
33020,	1.967422e-06
33021,	1.965677e-06
33022,	1.963934e-06
33023,	1.962192e-06
33024,	1.960452e-06
33025,	1.958713e-06
33026,	1.956975e-06
33027,	1.955239e-06
33028,	1.953505e-06
33029,	1.951772e-06
33030,	1.950040e-06
33031,	1.948310e-06
33032,	1.946581e-06
33033,	1.944853e-06
33034,	1.943127e-06
33035,	1.941403e-06
33036,	1.939680e-06
33037,	1.937958e-06
33038,	1.936237e-06
33039,	1.934518e-06
33040,	1.932801e-06
33041,	1.931085e-06
33042,	1.929370e-06
33043,	1.927657e-06
33044,	1.925945e-06
33045,	1.924235e-06
33046,	1.922526e-06
33047,	1.920818e-06
33048,	1.919112e-06
33049,	1.917407e-06
33050,	1.915704e-06
33051,	1.914002e-06
33052,	1.912301e-06
33053,	1.910602e-06
33054,	1.908904e-06
33055,	1.907208e-06
33056,	1.905513e-06
33057,	1.903819e-06
33058,	1.902127e-06
33059,	1.900436e-06
33060,	1.898747e-06
33061,	1.897059e-06
33062,	1.895372e-06
33063,	1.893687e-06
33064,	1.892003e-06
33065,	1.890321e-06
33066,	1.888640e-06
33067,	1.886960e-06
33068,	1.885282e-06
33069,	1.883605e-06
33070,	1.881930e-06
33071,	1.880256e-06
33072,	1.878583e-06
33073,	1.876912e-06
33074,	1.875242e-06
33075,	1.873573e-06
33076,	1.871906e-06
33077,	1.870240e-06
33078,	1.868576e-06
33079,	1.866913e-06
33080,	1.865251e-06
33081,	1.863591e-06
33082,	1.861932e-06
33083,	1.860274e-06
33084,	1.858618e-06
33085,	1.856963e-06
33086,	1.855310e-06
33087,	1.853658e-06
33088,	1.852007e-06
33089,	1.850358e-06
33090,	1.848710e-06
33091,	1.847063e-06
33092,	1.845418e-06
33093,	1.843774e-06
33094,	1.842131e-06
33095,	1.840490e-06
33096,	1.838850e-06
33097,	1.837212e-06
33098,	1.835575e-06
33099,	1.833939e-06
33100,	1.832305e-06
33101,	1.830672e-06
33102,	1.829040e-06
33103,	1.827410e-06
33104,	1.825781e-06
33105,	1.824153e-06
33106,	1.822527e-06
33107,	1.820902e-06
33108,	1.819278e-06
33109,	1.817656e-06
33110,	1.816035e-06
33111,	1.814416e-06
33112,	1.812798e-06
33113,	1.811181e-06
33114,	1.809565e-06
33115,	1.807951e-06
33116,	1.806338e-06
33117,	1.804727e-06
33118,	1.803117e-06
33119,	1.801508e-06
33120,	1.799900e-06
33121,	1.798294e-06
33122,	1.796689e-06
33123,	1.795086e-06
33124,	1.793484e-06
33125,	1.791883e-06
33126,	1.790283e-06
33127,	1.788685e-06
33128,	1.787088e-06
33129,	1.785493e-06
33130,	1.783898e-06
33131,	1.782306e-06
33132,	1.780714e-06
33133,	1.779124e-06
33134,	1.777535e-06
33135,	1.775947e-06
33136,	1.774361e-06
33137,	1.772776e-06
33138,	1.771192e-06
33139,	1.769610e-06
33140,	1.768029e-06
33141,	1.766449e-06
33142,	1.764871e-06
33143,	1.763294e-06
33144,	1.761718e-06
33145,	1.760144e-06
33146,	1.758570e-06
33147,	1.756999e-06
33148,	1.755428e-06
33149,	1.753859e-06
33150,	1.752291e-06
33151,	1.750724e-06
33152,	1.749159e-06
33153,	1.747595e-06
33154,	1.746032e-06
33155,	1.744471e-06
33156,	1.742911e-06
33157,	1.741352e-06
33158,	1.739794e-06
33159,	1.738238e-06
33160,	1.736683e-06
33161,	1.735130e-06
33162,	1.733577e-06
33163,	1.732026e-06
33164,	1.730476e-06
33165,	1.728928e-06
33166,	1.727381e-06
33167,	1.725835e-06
33168,	1.724290e-06
33169,	1.722747e-06
33170,	1.721205e-06
33171,	1.719664e-06
33172,	1.718125e-06
33173,	1.716586e-06
33174,	1.715049e-06
33175,	1.713514e-06
33176,	1.711979e-06
33177,	1.710446e-06
33178,	1.708915e-06
33179,	1.707384e-06
33180,	1.705855e-06
33181,	1.704327e-06
33182,	1.702800e-06
33183,	1.701275e-06
33184,	1.699751e-06
33185,	1.698228e-06
33186,	1.696706e-06
33187,	1.695186e-06
33188,	1.693667e-06
33189,	1.692149e-06
33190,	1.690632e-06
33191,	1.689117e-06
33192,	1.687603e-06
33193,	1.686090e-06
33194,	1.684579e-06
33195,	1.683068e-06
33196,	1.681559e-06
33197,	1.680052e-06
33198,	1.678545e-06
33199,	1.677040e-06
33200,	1.675536e-06
33201,	1.674033e-06
33202,	1.672532e-06
33203,	1.671032e-06
33204,	1.669533e-06
33205,	1.668035e-06
33206,	1.666539e-06
33207,	1.665044e-06
33208,	1.663550e-06
33209,	1.662057e-06
33210,	1.660565e-06
33211,	1.659075e-06
33212,	1.657586e-06
33213,	1.656099e-06
33214,	1.654612e-06
33215,	1.653127e-06
33216,	1.651643e-06
33217,	1.650160e-06
33218,	1.648679e-06
33219,	1.647198e-06
33220,	1.645719e-06
33221,	1.644241e-06
33222,	1.642765e-06
33223,	1.641290e-06
33224,	1.639815e-06
33225,	1.638343e-06
33226,	1.636871e-06
33227,	1.635401e-06
33228,	1.633931e-06
33229,	1.632463e-06
33230,	1.630997e-06
33231,	1.629531e-06
33232,	1.628067e-06
33233,	1.626604e-06
33234,	1.625142e-06
33235,	1.623681e-06
33236,	1.622222e-06
33237,	1.620764e-06
33238,	1.619307e-06
33239,	1.617851e-06
33240,	1.616397e-06
33241,	1.614944e-06
33242,	1.613491e-06
33243,	1.612041e-06
33244,	1.610591e-06
33245,	1.609143e-06
33246,	1.607695e-06
33247,	1.606249e-06
33248,	1.604805e-06
33249,	1.603361e-06
33250,	1.601919e-06
33251,	1.600477e-06
33252,	1.599037e-06
33253,	1.597599e-06
33254,	1.596161e-06
33255,	1.594725e-06
33256,	1.593290e-06
33257,	1.591856e-06
33258,	1.590423e-06
33259,	1.588991e-06
33260,	1.587561e-06
33261,	1.586132e-06
33262,	1.584704e-06
33263,	1.583277e-06
33264,	1.581852e-06
33265,	1.580427e-06
33266,	1.579004e-06
33267,	1.577582e-06
33268,	1.576162e-06
33269,	1.574742e-06
33270,	1.573324e-06
33271,	1.571906e-06
33272,	1.570490e-06
33273,	1.569076e-06
33274,	1.567662e-06
33275,	1.566249e-06
33276,	1.564838e-06
33277,	1.563428e-06
33278,	1.562019e-06
33279,	1.560611e-06
33280,	1.559205e-06
33281,	1.557800e-06
33282,	1.556395e-06
33283,	1.554992e-06
33284,	1.553591e-06
33285,	1.552190e-06
33286,	1.550790e-06
33287,	1.549392e-06
33288,	1.547995e-06
33289,	1.546599e-06
33290,	1.545204e-06
33291,	1.543811e-06
33292,	1.542418e-06
33293,	1.541027e-06
33294,	1.539637e-06
33295,	1.538248e-06
33296,	1.536860e-06
33297,	1.535474e-06
33298,	1.534088e-06
33299,	1.532704e-06
33300,	1.531321e-06
33301,	1.529939e-06
33302,	1.528558e-06
33303,	1.527178e-06
33304,	1.525800e-06
33305,	1.524423e-06
33306,	1.523047e-06
33307,	1.521672e-06
33308,	1.520298e-06
33309,	1.518925e-06
33310,	1.517554e-06
33311,	1.516183e-06
33312,	1.514814e-06
33313,	1.513446e-06
33314,	1.512079e-06
33315,	1.510713e-06
33316,	1.509349e-06
33317,	1.507985e-06
33318,	1.506623e-06
33319,	1.505262e-06
33320,	1.503902e-06
33321,	1.502543e-06
33322,	1.501185e-06
33323,	1.499828e-06
33324,	1.498473e-06
33325,	1.497119e-06
33326,	1.495765e-06
33327,	1.494413e-06
33328,	1.493062e-06
33329,	1.491713e-06
33330,	1.490364e-06
33331,	1.489017e-06
33332,	1.487670e-06
33333,	1.486325e-06
33334,	1.484981e-06
33335,	1.483638e-06
33336,	1.482296e-06
33337,	1.480955e-06
33338,	1.479616e-06
33339,	1.478277e-06
33340,	1.476940e-06
33341,	1.475604e-06
33342,	1.474269e-06
33343,	1.472935e-06
33344,	1.471602e-06
33345,	1.470271e-06
33346,	1.468940e-06
33347,	1.467611e-06
33348,	1.466282e-06
33349,	1.464955e-06
33350,	1.463629e-06
33351,	1.462304e-06
33352,	1.460980e-06
33353,	1.459657e-06
33354,	1.458336e-06
33355,	1.457015e-06
33356,	1.455696e-06
33357,	1.454378e-06
33358,	1.453061e-06
33359,	1.451745e-06
33360,	1.450430e-06
33361,	1.449116e-06
33362,	1.447803e-06
33363,	1.446491e-06
33364,	1.445181e-06
33365,	1.443872e-06
33366,	1.442563e-06
33367,	1.441256e-06
33368,	1.439950e-06
33369,	1.438645e-06
33370,	1.437341e-06
33371,	1.436038e-06
33372,	1.434737e-06
33373,	1.433436e-06
33374,	1.432137e-06
33375,	1.430838e-06
33376,	1.429541e-06
33377,	1.428245e-06
33378,	1.426950e-06
33379,	1.425656e-06
33380,	1.424363e-06
33381,	1.423071e-06
33382,	1.421780e-06
33383,	1.420491e-06
33384,	1.419202e-06
33385,	1.417915e-06
33386,	1.416628e-06
33387,	1.415343e-06
33388,	1.414059e-06
33389,	1.412776e-06
33390,	1.411494e-06
33391,	1.410213e-06
33392,	1.408933e-06
33393,	1.407654e-06
33394,	1.406377e-06
33395,	1.405100e-06
33396,	1.403825e-06
33397,	1.402550e-06
33398,	1.401277e-06
33399,	1.400004e-06
33400,	1.398733e-06
33401,	1.397463e-06
33402,	1.396194e-06
33403,	1.394926e-06
33404,	1.393659e-06
33405,	1.392393e-06
33406,	1.391129e-06
33407,	1.389865e-06
33408,	1.388602e-06
33409,	1.387341e-06
33410,	1.386080e-06
33411,	1.384821e-06
33412,	1.383562e-06
33413,	1.382305e-06
33414,	1.381049e-06
33415,	1.379794e-06
33416,	1.378540e-06
33417,	1.377287e-06
33418,	1.376035e-06
33419,	1.374784e-06
33420,	1.373534e-06
33421,	1.372285e-06
33422,	1.371037e-06
33423,	1.369791e-06
33424,	1.368545e-06
33425,	1.367301e-06
33426,	1.366057e-06
33427,	1.364815e-06
33428,	1.363573e-06
33429,	1.362333e-06
33430,	1.361094e-06
33431,	1.359855e-06
33432,	1.358618e-06
33433,	1.357382e-06
33434,	1.356147e-06
33435,	1.354913e-06
33436,	1.353680e-06
33437,	1.352448e-06
33438,	1.351217e-06
33439,	1.349987e-06
33440,	1.348758e-06
33441,	1.347531e-06
33442,	1.346304e-06
33443,	1.345078e-06
33444,	1.343854e-06
33445,	1.342630e-06
33446,	1.341407e-06
33447,	1.340186e-06
33448,	1.338965e-06
33449,	1.337746e-06
33450,	1.336528e-06
33451,	1.335310e-06
33452,	1.334094e-06
33453,	1.332878e-06
33454,	1.331664e-06
33455,	1.330451e-06
33456,	1.329239e-06
33457,	1.328027e-06
33458,	1.326817e-06
33459,	1.325608e-06
33460,	1.324400e-06
33461,	1.323193e-06
33462,	1.321987e-06
33463,	1.320782e-06
33464,	1.319578e-06
33465,	1.318375e-06
33466,	1.317173e-06
33467,	1.315972e-06
33468,	1.314772e-06
33469,	1.313573e-06
33470,	1.312375e-06
33471,	1.311178e-06
33472,	1.309983e-06
33473,	1.308788e-06
33474,	1.307594e-06
33475,	1.306401e-06
33476,	1.305209e-06
33477,	1.304019e-06
33478,	1.302829e-06
33479,	1.301640e-06
33480,	1.300452e-06
33481,	1.299266e-06
33482,	1.298080e-06
33483,	1.296895e-06
33484,	1.295712e-06
33485,	1.294529e-06
33486,	1.293347e-06
33487,	1.292167e-06
33488,	1.290987e-06
33489,	1.289808e-06
33490,	1.288631e-06
33491,	1.287454e-06
33492,	1.286278e-06
33493,	1.285104e-06
33494,	1.283930e-06
33495,	1.282757e-06
33496,	1.281586e-06
33497,	1.280415e-06
33498,	1.279245e-06
33499,	1.278077e-06
33500,	1.276909e-06
33501,	1.275743e-06
33502,	1.274577e-06
33503,	1.273412e-06
33504,	1.272248e-06
33505,	1.271086e-06
33506,	1.269924e-06
33507,	1.268763e-06
33508,	1.267604e-06
33509,	1.266445e-06
33510,	1.265287e-06
33511,	1.264130e-06
33512,	1.262975e-06
33513,	1.261820e-06
33514,	1.260666e-06
33515,	1.259513e-06
33516,	1.258361e-06
33517,	1.257211e-06
33518,	1.256061e-06
33519,	1.254912e-06
33520,	1.253764e-06
33521,	1.252617e-06
33522,	1.251471e-06
33523,	1.250326e-06
33524,	1.249182e-06
33525,	1.248039e-06
33526,	1.246897e-06
33527,	1.245756e-06
33528,	1.244616e-06
33529,	1.243477e-06
33530,	1.242339e-06
33531,	1.241202e-06
33532,	1.240065e-06
33533,	1.238930e-06
33534,	1.237796e-06
33535,	1.236663e-06
33536,	1.235530e-06
33537,	1.234399e-06
33538,	1.233269e-06
33539,	1.232139e-06
33540,	1.231011e-06
33541,	1.229883e-06
33542,	1.228757e-06
33543,	1.227631e-06
33544,	1.226507e-06
33545,	1.225383e-06
33546,	1.224260e-06
33547,	1.223139e-06
33548,	1.222018e-06
33549,	1.220898e-06
33550,	1.219779e-06
33551,	1.218661e-06
33552,	1.217544e-06
33553,	1.216428e-06
33554,	1.215313e-06
33555,	1.214199e-06
33556,	1.213086e-06
33557,	1.211974e-06
33558,	1.210863e-06
33559,	1.209753e-06
33560,	1.208643e-06
33561,	1.207535e-06
33562,	1.206428e-06
33563,	1.205321e-06
33564,	1.204216e-06
33565,	1.203111e-06
33566,	1.202007e-06
33567,	1.200905e-06
33568,	1.199803e-06
33569,	1.198702e-06
33570,	1.197602e-06
33571,	1.196504e-06
33572,	1.195406e-06
33573,	1.194309e-06
33574,	1.193212e-06
33575,	1.192117e-06
33576,	1.191023e-06
33577,	1.189930e-06
33578,	1.188838e-06
33579,	1.187746e-06
33580,	1.186656e-06
33581,	1.185566e-06
33582,	1.184478e-06
33583,	1.183390e-06
33584,	1.182303e-06
33585,	1.181217e-06
33586,	1.180133e-06
33587,	1.179049e-06
33588,	1.177966e-06
33589,	1.176884e-06
33590,	1.175802e-06
33591,	1.174722e-06
33592,	1.173643e-06
33593,	1.172565e-06
33594,	1.171487e-06
33595,	1.170411e-06
33596,	1.169335e-06
33597,	1.168260e-06
33598,	1.167187e-06
33599,	1.166114e-06
33600,	1.165042e-06
33601,	1.163971e-06
33602,	1.162901e-06
33603,	1.161832e-06
33604,	1.160764e-06
33605,	1.159696e-06
33606,	1.158630e-06
33607,	1.157564e-06
33608,	1.156500e-06
33609,	1.155436e-06
33610,	1.154373e-06
33611,	1.153312e-06
33612,	1.152251e-06
33613,	1.151191e-06
33614,	1.150132e-06
33615,	1.149073e-06
33616,	1.148016e-06
33617,	1.146960e-06
33618,	1.145904e-06
33619,	1.144850e-06
33620,	1.143796e-06
33621,	1.142744e-06
33622,	1.141692e-06
33623,	1.140641e-06
33624,	1.139591e-06
33625,	1.138542e-06
33626,	1.137493e-06
33627,	1.136446e-06
33628,	1.135400e-06
33629,	1.134354e-06
33630,	1.133310e-06
33631,	1.132266e-06
33632,	1.131223e-06
33633,	1.130181e-06
33634,	1.129140e-06
33635,	1.128100e-06
33636,	1.127061e-06
33637,	1.126022e-06
33638,	1.124985e-06
33639,	1.123948e-06
33640,	1.122913e-06
33641,	1.121878e-06
33642,	1.120844e-06
33643,	1.119811e-06
33644,	1.118779e-06
33645,	1.117748e-06
33646,	1.116718e-06
33647,	1.115688e-06
33648,	1.114660e-06
33649,	1.113632e-06
33650,	1.112605e-06
33651,	1.111579e-06
33652,	1.110554e-06
33653,	1.109530e-06
33654,	1.108507e-06
33655,	1.107485e-06
33656,	1.106463e-06
33657,	1.105442e-06
33658,	1.104423e-06
33659,	1.103404e-06
33660,	1.102386e-06
33661,	1.101369e-06
33662,	1.100353e-06
33663,	1.099337e-06
33664,	1.098323e-06
33665,	1.097309e-06
33666,	1.096297e-06
33667,	1.095285e-06
33668,	1.094274e-06
33669,	1.093264e-06
33670,	1.092254e-06
33671,	1.091246e-06
33672,	1.090239e-06
33673,	1.089232e-06
33674,	1.088226e-06
33675,	1.087221e-06
33676,	1.086217e-06
33677,	1.085214e-06
33678,	1.084212e-06
33679,	1.083211e-06
33680,	1.082210e-06
33681,	1.081210e-06
33682,	1.080212e-06
33683,	1.079214e-06
33684,	1.078216e-06
33685,	1.077220e-06
33686,	1.076225e-06
33687,	1.075230e-06
33688,	1.074237e-06
33689,	1.073244e-06
33690,	1.072252e-06
33691,	1.071261e-06
33692,	1.070271e-06
33693,	1.069281e-06
33694,	1.068293e-06
33695,	1.067305e-06
33696,	1.066318e-06
33697,	1.065332e-06
33698,	1.064347e-06
33699,	1.063363e-06
33700,	1.062380e-06
33701,	1.061397e-06
33702,	1.060415e-06
33703,	1.059434e-06
33704,	1.058454e-06
33705,	1.057475e-06
33706,	1.056497e-06
33707,	1.055520e-06
33708,	1.054543e-06
33709,	1.053567e-06
33710,	1.052592e-06
33711,	1.051618e-06
33712,	1.050645e-06
33713,	1.049672e-06
33714,	1.048701e-06
33715,	1.047730e-06
33716,	1.046760e-06
33717,	1.045791e-06
33718,	1.044823e-06
33719,	1.043856e-06
33720,	1.042889e-06
33721,	1.041923e-06
33722,	1.040959e-06
33723,	1.039995e-06
33724,	1.039031e-06
33725,	1.038069e-06
33726,	1.037107e-06
33727,	1.036147e-06
33728,	1.035187e-06
33729,	1.034228e-06
33730,	1.033270e-06
33731,	1.032312e-06
33732,	1.031356e-06
33733,	1.030400e-06
33734,	1.029445e-06
33735,	1.028491e-06
33736,	1.027538e-06
33737,	1.026586e-06
33738,	1.025634e-06
33739,	1.024683e-06
33740,	1.023733e-06
33741,	1.022784e-06
33742,	1.021836e-06
33743,	1.020888e-06
33744,	1.019942e-06
33745,	1.018996e-06
33746,	1.018051e-06
33747,	1.017107e-06
33748,	1.016163e-06
33749,	1.015221e-06
33750,	1.014279e-06
33751,	1.013338e-06
33752,	1.012398e-06
33753,	1.011459e-06
33754,	1.010521e-06
33755,	1.009583e-06
33756,	1.008646e-06
33757,	1.007710e-06
33758,	1.006775e-06
33759,	1.005840e-06
33760,	1.004907e-06
33761,	1.003974e-06
33762,	1.003042e-06
33763,	1.002111e-06
33764,	1.001181e-06
33765,	1.000251e-06
33766,	9.993223e-07
