PAR2D running on   1 processes.
P0 1000.0
u0 1000.0
v0 0.0
T0 100.0
gam 1.4
accur 0
iaxi 1
ivisc 0
niter 2000
cfl 10.0
tol 0.000001
printiter 1
saveiter 1000
damp 0.9
duscale 0.5
mxangle (not imp)0.0
==================== Loading Mesh ====================
::  0:: opening mesh file 
::  0:: Scanning Headers
::  0:: (nx,ny)=(121, 81), Now Scanning Nodes....
::  0:: Scanning BCs
::  0:: opening conn file 
::  0::Calculating Grid Metrics..... 
==================== Initializing ====================
===== Generating Mesh and Initial State Tecplot Files ====
==================== Starting Solver ====================
step 0, time 0.000000e+00, ||RHS||=6.382805e+08
step 1, time 1.847199e-07, ||RHS||=5.425256e+08
step 2, time 4.234831e-07, ||RHS||=4.521760e+08
step 3, time 9.943743e-07, ||RHS||=3.213562e+08
step 4, time 1.621834e-06, ||RHS||=2.468545e+08
step 5, time 2.359509e-06, ||RHS||=1.982678e+08
step 6, time 3.287248e-06, ||RHS||=1.635217e+08
step 7, time 4.389617e-06, ||RHS||=1.395173e+08
step 8, time 5.671167e-06, ||RHS||=1.227150e+08
step 9, time 7.181652e-06, ||RHS||=1.103691e+08
step 10, time 8.883819e-06, ||RHS||=1.011839e+08
step 11, time 1.077083e-05, ||RHS||=9.397840e+07
step 12, time 1.284643e-05, ||RHS||=8.803896e+07
step 13, time 1.508764e-05, ||RHS||=8.301364e+07
step 14, time 1.749223e-05, ||RHS||=7.866396e+07
step 15, time 2.003587e-05, ||RHS||=7.487441e+07
step 16, time 2.249972e-05, ||RHS||=7.178506e+07
step 17, time 2.403358e-05, ||RHS||=7.007774e+07
step 18, time 2.509309e-05, ||RHS||=6.898294e+07
step 19, time 2.616568e-05, ||RHS||=6.793652e+07
step 20, time 2.724617e-05, ||RHS||=6.693821e+07
step 21, time 2.833599e-05, ||RHS||=6.598256e+07
step 22, time 2.943387e-05, ||RHS||=6.506706e+07
step 23, time 3.053907e-05, ||RHS||=6.418897e+07
step 24, time 3.165076e-05, ||RHS||=6.334590e+07
step 25, time 3.276696e-05, ||RHS||=6.252767e+07
step 26, time 3.389368e-05, ||RHS||=6.174048e+07
step 27, time 3.502707e-05, ||RHS||=6.098564e+07
step 28, time 3.616821e-05, ||RHS||=6.026215e+07
step 29, time 3.731971e-05, ||RHS||=5.956212e+07
step 30, time 3.847911e-05, ||RHS||=5.887076e+07
step 31, time 3.964094e-05, ||RHS||=5.819331e+07
step 32, time 4.082936e-05, ||RHS||=5.752633e+07
step 33, time 4.203885e-05, ||RHS||=5.688919e+07
step 34, time 4.325244e-05, ||RHS||=5.627818e+07
step 35, time 4.447977e-05, ||RHS||=5.568688e+07
step 36, time 4.572121e-05, ||RHS||=5.510999e+07
step 37, time 4.697299e-05, ||RHS||=5.454042e+07
step 38, time 4.824963e-05, ||RHS||=5.398709e+07
step 39, time 4.953583e-05, ||RHS||=5.342506e+07
step 40, time 5.084092e-05, ||RHS||=5.288267e+07
step 41, time 5.214735e-05, ||RHS||=5.236034e+07
step 42, time 5.345354e-05, ||RHS||=5.181768e+07
step 43, time 5.483743e-05, ||RHS||=5.127598e+07
step 44, time 5.620136e-05, ||RHS||=5.078249e+07
step 45, time 5.754163e-05, ||RHS||=5.030524e+07
step 46, time 5.890104e-05, ||RHS||=4.983334e+07
step 47, time 6.032584e-05, ||RHS||=4.937257e+07
step 48, time 6.175750e-05, ||RHS||=4.890501e+07
step 49, time 6.316661e-05, ||RHS||=4.842862e+07
step 50, time 6.458630e-05, ||RHS||=4.795040e+07
step 51, time 6.608763e-05, ||RHS||=4.747105e+07
step 52, time 6.756881e-05, ||RHS||=4.704288e+07
step 53, time 6.908744e-05, ||RHS||=4.662106e+07
step 54, time 7.064199e-05, ||RHS||=4.620414e+07
step 55, time 7.211286e-05, ||RHS||=4.580783e+07
step 56, time 7.356944e-05, ||RHS||=4.540736e+07
step 57, time 7.539019e-05, ||RHS||=4.492661e+07
step 58, time 7.677717e-05, ||RHS||=4.456733e+07
step 59, time 7.801529e-05, ||RHS||=4.426884e+07
step 60, time 7.920191e-05, ||RHS||=4.395404e+07
step 61, time 8.041479e-05, ||RHS||=4.365509e+07
step 62, time 8.161480e-05, ||RHS||=4.337018e+07
step 63, time 8.282862e-05, ||RHS||=4.309118e+07
step 64, time 8.406264e-05, ||RHS||=4.284236e+07
step 65, time 8.530206e-05, ||RHS||=4.259925e+07
step 66, time 8.654828e-05, ||RHS||=4.236052e+07
step 67, time 8.779413e-05, ||RHS||=4.209522e+07
step 68, time 8.907665e-05, ||RHS||=4.180444e+07
step 69, time 9.034338e-05, ||RHS||=4.153790e+07
step 70, time 9.161458e-05, ||RHS||=4.129443e+07
step 71, time 9.284000e-05, ||RHS||=4.101221e+07
step 72, time 9.412375e-05, ||RHS||=4.073912e+07
step 73, time 9.542637e-05, ||RHS||=4.050189e+07
step 74, time 9.665083e-05, ||RHS||=4.026225e+07
step 75, time 9.794958e-05, ||RHS||=4.003035e+07
step 76, time 9.920584e-05, ||RHS||=3.982767e+07
step 77, time 1.004500e-04, ||RHS||=3.961734e+07
step 78, time 1.017589e-04, ||RHS||=3.934239e+07
step 79, time 1.030004e-04, ||RHS||=3.911360e+07
step 80, time 1.042940e-04, ||RHS||=3.887728e+07
step 81, time 1.056308e-04, ||RHS||=3.864859e+07
step 82, time 1.069302e-04, ||RHS||=3.840978e+07
step 83, time 1.082383e-04, ||RHS||=3.816383e+07
step 84, time 1.095820e-04, ||RHS||=3.796010e+07
step 85, time 1.109217e-04, ||RHS||=3.776112e+07
step 86, time 1.122755e-04, ||RHS||=3.757166e+07
step 87, time 1.136385e-04, ||RHS||=3.739326e+07
step 88, time 1.150035e-04, ||RHS||=3.717644e+07
step 89, time 1.163784e-04, ||RHS||=3.693760e+07
step 90, time 1.177625e-04, ||RHS||=3.674813e+07
step 91, time 1.191446e-04, ||RHS||=3.655605e+07
step 92, time 1.205211e-04, ||RHS||=3.632745e+07
step 93, time 1.219633e-04, ||RHS||=3.610327e+07
step 94, time 1.233813e-04, ||RHS||=3.592217e+07
step 95, time 1.248088e-04, ||RHS||=3.576545e+07
step 96, time 1.262251e-04, ||RHS||=3.557322e+07
step 97, time 1.276871e-04, ||RHS||=3.536036e+07
step 98, time 1.291119e-04, ||RHS||=3.514853e+07
step 99, time 1.304883e-04, ||RHS||=3.496286e+07
step 100, time 1.317463e-04, ||RHS||=3.480173e+07
step 101, time 1.330088e-04, ||RHS||=3.465979e+07
step 102, time 1.342908e-04, ||RHS||=3.449080e+07
step 103, time 1.355392e-04, ||RHS||=3.433834e+07
step 104, time 1.367744e-04, ||RHS||=3.419118e+07
step 105, time 1.380043e-04, ||RHS||=3.403835e+07
step 106, time 1.392763e-04, ||RHS||=3.383474e+07
step 107, time 1.405488e-04, ||RHS||=3.366794e+07
step 108, time 1.418171e-04, ||RHS||=3.348233e+07
step 109, time 1.430867e-04, ||RHS||=3.330252e+07
step 110, time 1.443796e-04, ||RHS||=3.315959e+07
step 111, time 1.456652e-04, ||RHS||=3.304381e+07
step 112, time 1.469594e-04, ||RHS||=3.295384e+07
step 113, time 1.482582e-04, ||RHS||=3.285825e+07
step 114, time 1.495434e-04, ||RHS||=3.273585e+07
step 115, time 1.508529e-04, ||RHS||=3.255916e+07
step 116, time 1.521253e-04, ||RHS||=3.237850e+07
step 117, time 1.534386e-04, ||RHS||=3.221678e+07
step 118, time 1.547325e-04, ||RHS||=3.205841e+07
step 119, time 1.561939e-04, ||RHS||=3.184714e+07
step 120, time 1.575096e-04, ||RHS||=3.170572e+07
step 121, time 1.588493e-04, ||RHS||=3.158434e+07
step 122, time 1.601876e-04, ||RHS||=3.149954e+07
step 123, time 1.615260e-04, ||RHS||=3.141306e+07
step 124, time 1.628707e-04, ||RHS||=3.130991e+07
step 125, time 1.642221e-04, ||RHS||=3.110382e+07
step 126, time 1.655488e-04, ||RHS||=3.093007e+07
step 127, time 1.669465e-04, ||RHS||=3.078512e+07
step 128, time 1.683044e-04, ||RHS||=3.065601e+07
step 129, time 1.696668e-04, ||RHS||=3.050503e+07
step 130, time 1.710475e-04, ||RHS||=3.040054e+07
step 131, time 1.724338e-04, ||RHS||=3.032276e+07
step 132, time 1.738150e-04, ||RHS||=3.026571e+07
step 133, time 1.751945e-04, ||RHS||=3.016920e+07
step 134, time 1.765588e-04, ||RHS||=2.999419e+07
step 135, time 1.778971e-04, ||RHS||=2.980414e+07
step 136, time 1.791874e-04, ||RHS||=2.965117e+07
step 137, time 1.804189e-04, ||RHS||=2.952488e+07
step 138, time 1.817159e-04, ||RHS||=2.940723e+07
step 139, time 1.829492e-04, ||RHS||=2.930298e+07
step 140, time 1.841981e-04, ||RHS||=2.918239e+07
step 141, time 1.855007e-04, ||RHS||=2.909953e+07
step 142, time 1.867908e-04, ||RHS||=2.900668e+07
step 143, time 1.880907e-04, ||RHS||=2.888611e+07
step 144, time 1.894030e-04, ||RHS||=2.875603e+07
step 145, time 1.907245e-04, ||RHS||=2.866342e+07
step 146, time 1.919984e-04, ||RHS||=2.854893e+07
step 147, time 1.933610e-04, ||RHS||=2.843590e+07
step 148, time 1.947029e-04, ||RHS||=2.832565e+07
step 149, time 1.960344e-04, ||RHS||=2.823529e+07
step 150, time 1.973586e-04, ||RHS||=2.817833e+07
step 151, time 1.986644e-04, ||RHS||=2.808379e+07
step 152, time 1.999739e-04, ||RHS||=2.794795e+07
step 153, time 2.012876e-04, ||RHS||=2.776556e+07
step 154, time 2.026151e-04, ||RHS||=2.765541e+07
step 155, time 2.039410e-04, ||RHS||=2.755290e+07
step 156, time 2.052860e-04, ||RHS||=2.748495e+07
step 157, time 2.066303e-04, ||RHS||=2.741344e+07
step 158, time 2.079681e-04, ||RHS||=2.731102e+07
step 159, time 2.093353e-04, ||RHS||=2.719728e+07
step 160, time 2.107128e-04, ||RHS||=2.703570e+07
step 161, time 2.120743e-04, ||RHS||=2.691455e+07
step 162, time 2.134334e-04, ||RHS||=2.679284e+07
step 163, time 2.148556e-04, ||RHS||=2.669638e+07
step 164, time 2.162291e-04, ||RHS||=2.664839e+07
step 165, time 2.176014e-04, ||RHS||=2.662029e+07
step 166, time 2.189316e-04, ||RHS||=2.658226e+07
step 167, time 2.202317e-04, ||RHS||=2.654084e+07
step 168, time 2.214891e-04, ||RHS||=2.640827e+07
step 169, time 2.227328e-04, ||RHS||=2.625246e+07
step 170, time 2.239777e-04, ||RHS||=2.614901e+07
step 171, time 2.252288e-04, ||RHS||=2.606853e+07
step 172, time 2.264863e-04, ||RHS||=2.593776e+07
step 173, time 2.277518e-04, ||RHS||=2.583887e+07
step 174, time 2.290247e-04, ||RHS||=2.577634e+07
step 175, time 2.303040e-04, ||RHS||=2.575350e+07
step 176, time 2.315845e-04, ||RHS||=2.572009e+07
step 177, time 2.328772e-04, ||RHS||=2.565866e+07
step 178, time 2.341717e-04, ||RHS||=2.549537e+07
step 179, time 2.354685e-04, ||RHS||=2.534245e+07
step 180, time 2.367456e-04, ||RHS||=2.520400e+07
step 181, time 2.380851e-04, ||RHS||=2.508417e+07
step 182, time 2.393981e-04, ||RHS||=2.498403e+07
step 183, time 2.407165e-04, ||RHS||=2.494921e+07
step 184, time 2.419745e-04, ||RHS||=2.495373e+07
step 185, time 2.433339e-04, ||RHS||=2.495978e+07
step 186, time 2.447028e-04, ||RHS||=2.487374e+07
step 187, time 2.460255e-04, ||RHS||=2.478866e+07
step 188, time 2.473608e-04, ||RHS||=2.467957e+07
step 189, time 2.486963e-04, ||RHS||=2.456415e+07
step 190, time 2.500325e-04, ||RHS||=2.448514e+07
step 191, time 2.513689e-04, ||RHS||=2.439135e+07
step 192, time 2.527228e-04, ||RHS||=2.437033e+07
step 193, time 2.540674e-04, ||RHS||=2.438094e+07
step 194, time 2.554158e-04, ||RHS||=2.427395e+07
step 195, time 2.567650e-04, ||RHS||=2.413080e+07
step 196, time 2.581104e-04, ||RHS||=2.400450e+07
step 197, time 2.593487e-04, ||RHS||=2.388683e+07
step 198, time 2.607826e-04, ||RHS||=2.381217e+07
step 199, time 2.622297e-04, ||RHS||=2.374778e+07
step 200, time 2.635602e-04, ||RHS||=2.366350e+07
step 201, time 2.648948e-04, ||RHS||=2.360104e+07
step 202, time 2.663587e-04, ||RHS||=2.350937e+07
step 203, time 2.677063e-04, ||RHS||=2.335360e+07
step 204, time 2.690838e-04, ||RHS||=2.327033e+07
step 205, time 2.704229e-04, ||RHS||=2.321948e+07
step 206, time 2.717128e-04, ||RHS||=2.319150e+07
step 207, time 2.730360e-04, ||RHS||=2.318762e+07
step 208, time 2.743065e-04, ||RHS||=2.315055e+07
step 209, time 2.755905e-04, ||RHS||=2.311108e+07
step 210, time 2.768761e-04, ||RHS||=2.297341e+07
step 211, time 2.781701e-04, ||RHS||=2.281581e+07
step 212, time 2.794677e-04, ||RHS||=2.272246e+07
step 213, time 2.807656e-04, ||RHS||=2.269883e+07
step 214, time 2.820628e-04, ||RHS||=2.267122e+07
step 215, time 2.833619e-04, ||RHS||=2.267596e+07
step 216, time 2.846681e-04, ||RHS||=2.270709e+07
step 217, time 2.859858e-04, ||RHS||=2.275226e+07
step 218, time 2.873173e-04, ||RHS||=2.264211e+07
step 219, time 2.886610e-04, ||RHS||=2.244297e+07
step 220, time 2.900122e-04, ||RHS||=2.227984e+07
step 221, time 2.913875e-04, ||RHS||=2.212669e+07
step 222, time 2.927683e-04, ||RHS||=2.206592e+07
step 223, time 2.941225e-04, ||RHS||=2.200150e+07
step 224, time 2.955438e-04, ||RHS||=2.196942e+07
step 225, time 2.968942e-04, ||RHS||=2.193554e+07
step 226, time 2.982644e-04, ||RHS||=2.186751e+07
step 227, time 2.996603e-04, ||RHS||=2.174498e+07
step 228, time 3.009450e-04, ||RHS||=2.164620e+07
step 229, time 3.022285e-04, ||RHS||=2.159268e+07
step 230, time 3.035124e-04, ||RHS||=2.156115e+07
step 231, time 3.048101e-04, ||RHS||=2.150470e+07
step 232, time 3.061178e-04, ||RHS||=2.145737e+07
step 233, time 3.074256e-04, ||RHS||=2.142411e+07
step 234, time 3.087242e-04, ||RHS||=2.138396e+07
step 235, time 3.100039e-04, ||RHS||=2.134659e+07
step 236, time 3.112960e-04, ||RHS||=2.131132e+07
step 237, time 3.125654e-04, ||RHS||=2.125219e+07
step 238, time 3.138397e-04, ||RHS||=2.118405e+07
step 239, time 3.151186e-04, ||RHS||=2.116395e+07
step 240, time 3.164030e-04, ||RHS||=2.116450e+07
step 241, time 3.176851e-04, ||RHS||=2.108206e+07
step 242, time 3.189965e-04, ||RHS||=2.098800e+07
step 243, time 3.203003e-04, ||RHS||=2.091510e+07
step 244, time 3.216096e-04, ||RHS||=2.088076e+07
step 245, time 3.229217e-04, ||RHS||=2.087423e+07
step 246, time 3.242363e-04, ||RHS||=2.085690e+07
step 247, time 3.255515e-04, ||RHS||=2.077099e+07
step 248, time 3.268674e-04, ||RHS||=2.066922e+07
step 249, time 3.281770e-04, ||RHS||=2.060125e+07
step 250, time 3.294869e-04, ||RHS||=2.048323e+07
step 251, time 3.308277e-04, ||RHS||=2.040349e+07
step 252, time 3.321453e-04, ||RHS||=2.034091e+07
step 253, time 3.334702e-04, ||RHS||=2.024429e+07
step 254, time 3.348015e-04, ||RHS||=2.020250e+07
step 255, time 3.361342e-04, ||RHS||=2.018109e+07
step 256, time 3.374702e-04, ||RHS||=2.011793e+07
step 257, time 3.388098e-04, ||RHS||=2.005858e+07
step 258, time 3.401500e-04, ||RHS||=2.000709e+07
step 259, time 3.414866e-04, ||RHS||=1.986623e+07
step 260, time 3.428444e-04, ||RHS||=1.981233e+07
step 261, time 3.441882e-04, ||RHS||=1.979553e+07
step 262, time 3.455330e-04, ||RHS||=1.978507e+07
step 263, time 3.468732e-04, ||RHS||=1.976113e+07
step 264, time 3.482078e-04, ||RHS||=1.973859e+07
step 265, time 3.495343e-04, ||RHS||=1.969535e+07
step 266, time 3.508512e-04, ||RHS||=1.966077e+07
step 267, time 3.521584e-04, ||RHS||=1.961753e+07
step 268, time 3.534553e-04, ||RHS||=1.953819e+07
step 269, time 3.547418e-04, ||RHS||=1.948325e+07
step 270, time 3.560277e-04, ||RHS||=1.945426e+07
step 271, time 3.573080e-04, ||RHS||=1.946933e+07
step 272, time 3.585879e-04, ||RHS||=1.948333e+07
step 273, time 3.598694e-04, ||RHS||=1.943765e+07
step 274, time 3.611541e-04, ||RHS||=1.940733e+07
step 275, time 3.624424e-04, ||RHS||=1.935997e+07
step 276, time 3.637350e-04, ||RHS||=1.934734e+07
step 277, time 3.650266e-04, ||RHS||=1.924133e+07
step 278, time 3.663265e-04, ||RHS||=1.917944e+07
step 279, time 3.676369e-04, ||RHS||=1.915327e+07
step 280, time 3.689428e-04, ||RHS||=1.911285e+07
step 281, time 3.702541e-04, ||RHS||=1.905650e+07
step 282, time 3.715682e-04, ||RHS||=1.901010e+07
step 283, time 3.728855e-04, ||RHS||=1.897708e+07
step 284, time 3.742062e-04, ||RHS||=1.888274e+07
step 285, time 3.755284e-04, ||RHS||=1.880567e+07
step 286, time 3.768486e-04, ||RHS||=1.869025e+07
step 287, time 3.781753e-04, ||RHS||=1.856025e+07
step 288, time 3.794884e-04, ||RHS||=1.846668e+07
step 289, time 3.808417e-04, ||RHS||=1.842120e+07
step 290, time 3.821723e-04, ||RHS||=1.839370e+07
step 291, time 3.835060e-04, ||RHS||=1.838310e+07
step 292, time 3.848404e-04, ||RHS||=1.838857e+07
step 293, time 3.861761e-04, ||RHS||=1.836386e+07
step 294, time 3.875140e-04, ||RHS||=1.830816e+07
step 295, time 3.888557e-04, ||RHS||=1.819932e+07
step 296, time 3.901973e-04, ||RHS||=1.815831e+07
step 297, time 3.915385e-04, ||RHS||=1.809180e+07
step 298, time 3.928760e-04, ||RHS||=1.806981e+07
step 299, time 3.942053e-04, ||RHS||=1.803359e+07
step 300, time 3.955218e-04, ||RHS||=1.805598e+07
step 301, time 3.968234e-04, ||RHS||=1.807468e+07
step 302, time 3.981120e-04, ||RHS||=1.808181e+07
step 303, time 3.993932e-04, ||RHS||=1.809260e+07
step 304, time 4.006715e-04, ||RHS||=1.804102e+07
step 305, time 4.019461e-04, ||RHS||=1.795162e+07
step 306, time 4.032027e-04, ||RHS||=1.790934e+07
step 307, time 4.045035e-04, ||RHS||=1.784586e+07
step 308, time 4.057375e-04, ||RHS||=1.780919e+07
step 309, time 4.071504e-04, ||RHS||=1.780339e+07
step 310, time 4.084425e-04, ||RHS||=1.779351e+07
step 311, time 4.097612e-04, ||RHS||=1.782870e+07
step 312, time 4.110766e-04, ||RHS||=1.783009e+07
step 313, time 4.123924e-04, ||RHS||=1.776392e+07
step 314, time 4.137156e-04, ||RHS||=1.772850e+07
step 315, time 4.150321e-04, ||RHS||=1.771746e+07
step 316, time 4.163214e-04, ||RHS||=1.766803e+07
step 317, time 4.176684e-04, ||RHS||=1.757609e+07
step 318, time 4.189802e-04, ||RHS||=1.749218e+07
step 319, time 4.202926e-04, ||RHS||=1.742666e+07
step 320, time 4.215907e-04, ||RHS||=1.741934e+07
step 321, time 4.228603e-04, ||RHS||=1.740470e+07
step 322, time 4.242505e-04, ||RHS||=1.725991e+07
step 323, time 4.255530e-04, ||RHS||=1.718706e+07
step 324, time 4.268814e-04, ||RHS||=1.715215e+07
step 325, time 4.282041e-04, ||RHS||=1.713293e+07
step 326, time 4.295321e-04, ||RHS||=1.704899e+07
step 327, time 4.308620e-04, ||RHS||=1.693638e+07
step 328, time 4.321943e-04, ||RHS||=1.688965e+07
step 329, time 4.335311e-04, ||RHS||=1.688790e+07
step 330, time 4.348667e-04, ||RHS||=1.687297e+07
step 331, time 4.362013e-04, ||RHS||=1.678588e+07
step 332, time 4.375327e-04, ||RHS||=1.674522e+07
step 333, time 4.388587e-04, ||RHS||=1.677074e+07
step 334, time 4.401779e-04, ||RHS||=1.674835e+07
step 335, time 4.414913e-04, ||RHS||=1.674803e+07
step 336, time 4.427999e-04, ||RHS||=1.671688e+07
step 337, time 4.441060e-04, ||RHS||=1.665349e+07
step 338, time 4.454167e-04, ||RHS||=1.660656e+07
step 339, time 4.467248e-04, ||RHS||=1.661880e+07
step 340, time 4.480468e-04, ||RHS||=1.653525e+07
step 341, time 4.493768e-04, ||RHS||=1.651492e+07
step 342, time 4.507093e-04, ||RHS||=1.650858e+07
step 343, time 4.520462e-04, ||RHS||=1.648811e+07
step 344, time 4.533596e-04, ||RHS||=1.651067e+07
step 345, time 4.546749e-04, ||RHS||=1.655072e+07
step 346, time 4.560022e-04, ||RHS||=1.653335e+07
step 347, time 4.572836e-04, ||RHS||=1.646907e+07
step 348, time 4.585663e-04, ||RHS||=1.645556e+07
step 349, time 4.598430e-04, ||RHS||=1.641950e+07
step 350, time 4.610709e-04, ||RHS||=1.638289e+07
step 351, time 4.624301e-04, ||RHS||=1.630707e+07
step 352, time 4.637627e-04, ||RHS||=1.626868e+07
step 353, time 4.650879e-04, ||RHS||=1.629772e+07
step 354, time 4.664235e-04, ||RHS||=1.634635e+07
step 355, time 4.677699e-04, ||RHS||=1.635174e+07
step 356, time 4.691276e-04, ||RHS||=1.632641e+07
step 357, time 4.704960e-04, ||RHS||=1.631621e+07
step 358, time 4.718741e-04, ||RHS||=1.625555e+07
step 359, time 4.732553e-04, ||RHS||=1.617216e+07
step 360, time 4.746596e-04, ||RHS||=1.608251e+07
step 361, time 4.760640e-04, ||RHS||=1.603208e+07
step 362, time 4.774727e-04, ||RHS||=1.601573e+07
step 363, time 4.788789e-04, ||RHS||=1.600239e+07
step 364, time 4.802698e-04, ||RHS||=1.599632e+07
step 365, time 4.816338e-04, ||RHS||=1.593559e+07
step 366, time 4.829756e-04, ||RHS||=1.590562e+07
step 367, time 4.843055e-04, ||RHS||=1.580616e+07
step 368, time 4.856362e-04, ||RHS||=1.566267e+07
step 369, time 4.869723e-04, ||RHS||=1.557504e+07
step 370, time 4.883128e-04, ||RHS||=1.554316e+07
step 371, time 4.896538e-04, ||RHS||=1.554430e+07
step 372, time 4.909882e-04, ||RHS||=1.554341e+07
step 373, time 4.923042e-04, ||RHS||=1.552706e+07
step 374, time 4.936050e-04, ||RHS||=1.553603e+07
step 375, time 4.948889e-04, ||RHS||=1.553445e+07
step 376, time 4.961658e-04, ||RHS||=1.551127e+07
step 377, time 4.974379e-04, ||RHS||=1.537786e+07
step 378, time 4.986749e-04, ||RHS||=1.526411e+07
step 379, time 4.999868e-04, ||RHS||=1.524493e+07
step 380, time 5.012830e-04, ||RHS||=1.523574e+07
step 381, time 5.025708e-04, ||RHS||=1.521564e+07
step 382, time 5.038684e-04, ||RHS||=1.522740e+07
step 383, time 5.051744e-04, ||RHS||=1.528910e+07
step 384, time 5.064904e-04, ||RHS||=1.534766e+07
step 385, time 5.078170e-04, ||RHS||=1.530173e+07
step 386, time 5.091538e-04, ||RHS||=1.519556e+07
step 387, time 5.104997e-04, ||RHS||=1.517548e+07
step 388, time 5.118507e-04, ||RHS||=1.513803e+07
step 389, time 5.132016e-04, ||RHS||=1.508556e+07
step 390, time 5.145461e-04, ||RHS||=1.508778e+07
step 391, time 5.158812e-04, ||RHS||=1.513466e+07
step 392, time 5.172059e-04, ||RHS||=1.520665e+07
step 393, time 5.185116e-04, ||RHS||=1.519897e+07
step 394, time 5.198593e-04, ||RHS||=1.519134e+07
step 395, time 5.211921e-04, ||RHS||=1.510286e+07
step 396, time 5.225360e-04, ||RHS||=1.505806e+07
step 397, time 5.238899e-04, ||RHS||=1.503741e+07
step 398, time 5.252538e-04, ||RHS||=1.500880e+07
step 399, time 5.266232e-04, ||RHS||=1.500546e+07
step 400, time 5.280132e-04, ||RHS||=1.501784e+07
step 401, time 5.294036e-04, ||RHS||=1.505174e+07
step 402, time 5.308009e-04, ||RHS||=1.508828e+07
step 403, time 5.321984e-04, ||RHS||=1.509455e+07
step 404, time 5.335871e-04, ||RHS||=1.500589e+07
step 405, time 5.349559e-04, ||RHS||=1.493427e+07
step 406, time 5.362967e-04, ||RHS||=1.493964e+07
step 407, time 5.376124e-04, ||RHS||=1.497660e+07
step 408, time 5.389121e-04, ||RHS||=1.497370e+07
step 409, time 5.402100e-04, ||RHS||=1.493264e+07
step 410, time 5.415114e-04, ||RHS||=1.496260e+07
step 411, time 5.428214e-04, ||RHS||=1.493990e+07
step 412, time 5.441428e-04, ||RHS||=1.487643e+07
step 413, time 5.454747e-04, ||RHS||=1.485953e+07
step 414, time 5.468117e-04, ||RHS||=1.465717e+07
step 415, time 5.481530e-04, ||RHS||=1.459387e+07
step 416, time 5.494887e-04, ||RHS||=1.458516e+07
step 417, time 5.508176e-04, ||RHS||=1.457753e+07
step 418, time 5.521409e-04, ||RHS||=1.457856e+07
step 419, time 5.534629e-04, ||RHS||=1.452636e+07
step 420, time 5.547863e-04, ||RHS||=1.445621e+07
step 421, time 5.561119e-04, ||RHS||=1.442957e+07
step 422, time 5.574371e-04, ||RHS||=1.441801e+07
step 423, time 5.587573e-04, ||RHS||=1.432254e+07
step 424, time 5.600691e-04, ||RHS||=1.424818e+07
step 425, time 5.613732e-04, ||RHS||=1.422326e+07
step 426, time 5.626760e-04, ||RHS||=1.421511e+07
step 427, time 5.639836e-04, ||RHS||=1.423790e+07
step 428, time 5.653002e-04, ||RHS||=1.430165e+07
step 429, time 5.666268e-04, ||RHS||=1.421449e+07
step 430, time 5.679609e-04, ||RHS||=1.414551e+07
step 431, time 5.692973e-04, ||RHS||=1.412789e+07
step 432, time 5.706243e-04, ||RHS||=1.410851e+07
step 433, time 5.719551e-04, ||RHS||=1.408582e+07
step 434, time 5.732826e-04, ||RHS||=1.403258e+07
step 435, time 5.746078e-04, ||RHS||=1.401937e+07
step 436, time 5.759386e-04, ||RHS||=1.405540e+07
step 437, time 5.772771e-04, ||RHS||=1.410388e+07
step 438, time 5.786218e-04, ||RHS||=1.408275e+07
step 439, time 5.799671e-04, ||RHS||=1.403193e+07
step 440, time 5.813342e-04, ||RHS||=1.398045e+07
step 441, time 5.826947e-04, ||RHS||=1.398700e+07
step 442, time 5.840582e-04, ||RHS||=1.397904e+07
step 443, time 5.854198e-04, ||RHS||=1.391109e+07
step 444, time 5.867778e-04, ||RHS||=1.393221e+07
step 445, time 5.881320e-04, ||RHS||=1.395776e+07
step 446, time 5.894826e-04, ||RHS||=1.399220e+07
step 447, time 5.908342e-04, ||RHS||=1.399852e+07
step 448, time 5.921905e-04, ||RHS||=1.395978e+07
step 449, time 5.935524e-04, ||RHS||=1.396258e+07
step 450, time 5.949224e-04, ||RHS||=1.391965e+07
step 451, time 5.963011e-04, ||RHS||=1.391222e+07
step 452, time 5.976869e-04, ||RHS||=1.391155e+07
step 453, time 5.990791e-04, ||RHS||=1.387497e+07
step 454, time 6.004664e-04, ||RHS||=1.391572e+07
step 455, time 6.018276e-04, ||RHS||=1.389980e+07
step 456, time 6.031380e-04, ||RHS||=1.386076e+07
step 457, time 6.044011e-04, ||RHS||=1.388856e+07
step 458, time 6.056445e-04, ||RHS||=1.389721e+07
step 459, time 6.068890e-04, ||RHS||=1.392028e+07
step 460, time 6.081425e-04, ||RHS||=1.390083e+07
step 461, time 6.094068e-04, ||RHS||=1.390755e+07
step 462, time 6.106817e-04, ||RHS||=1.390355e+07
step 463, time 6.119660e-04, ||RHS||=1.388936e+07
step 464, time 6.132586e-04, ||RHS||=1.384068e+07
step 465, time 6.145579e-04, ||RHS||=1.380835e+07
step 466, time 6.158620e-04, ||RHS||=1.382545e+07
step 467, time 6.171772e-04, ||RHS||=1.385630e+07
step 468, time 6.184952e-04, ||RHS||=1.391864e+07
step 469, time 6.198201e-04, ||RHS||=1.392037e+07
step 470, time 6.211517e-04, ||RHS||=1.388220e+07
step 471, time 6.224902e-04, ||RHS||=1.389409e+07
step 472, time 6.238344e-04, ||RHS||=1.381792e+07
step 473, time 6.251725e-04, ||RHS||=1.373546e+07
step 474, time 6.265465e-04, ||RHS||=1.363695e+07
step 475, time 6.279069e-04, ||RHS||=1.360501e+07
step 476, time 6.292686e-04, ||RHS||=1.359698e+07
step 477, time 6.306256e-04, ||RHS||=1.358018e+07
step 478, time 6.319762e-04, ||RHS||=1.358095e+07
step 479, time 6.333160e-04, ||RHS||=1.358257e+07
step 480, time 6.346449e-04, ||RHS||=1.355109e+07
step 481, time 6.359792e-04, ||RHS||=1.351791e+07
step 482, time 6.373069e-04, ||RHS||=1.338617e+07
step 483, time 6.386379e-04, ||RHS||=1.328277e+07
step 484, time 6.399720e-04, ||RHS||=1.323724e+07
step 485, time 6.413092e-04, ||RHS||=1.324114e+07
step 486, time 6.426479e-04, ||RHS||=1.325012e+07
step 487, time 6.439848e-04, ||RHS||=1.328774e+07
step 488, time 6.453154e-04, ||RHS||=1.330219e+07
step 489, time 6.466352e-04, ||RHS||=1.336407e+07
step 490, time 6.479406e-04, ||RHS||=1.330409e+07
step 491, time 6.492334e-04, ||RHS||=1.315532e+07
step 492, time 6.505175e-04, ||RHS||=1.303471e+07
step 493, time 6.517986e-04, ||RHS||=1.301745e+07
step 494, time 6.530813e-04, ||RHS||=1.300388e+07
step 495, time 6.543693e-04, ||RHS||=1.305661e+07
step 496, time 6.556645e-04, ||RHS||=1.312650e+07
step 497, time 6.569688e-04, ||RHS||=1.315111e+07
step 498, time 6.582818e-04, ||RHS||=1.318687e+07
step 499, time 6.596047e-04, ||RHS||=1.308435e+07
step 500, time 6.609388e-04, ||RHS||=1.305851e+07
step 501, time 6.622800e-04, ||RHS||=1.297666e+07
step 502, time 6.636287e-04, ||RHS||=1.291402e+07
step 503, time 6.649832e-04, ||RHS||=1.290117e+07
step 504, time 6.663418e-04, ||RHS||=1.291816e+07
step 505, time 6.677028e-04, ||RHS||=1.298590e+07
step 506, time 6.690631e-04, ||RHS||=1.301291e+07
step 507, time 6.704197e-04, ||RHS||=1.301964e+07
step 508, time 6.717697e-04, ||RHS||=1.298131e+07
step 509, time 6.731122e-04, ||RHS||=1.296487e+07
step 510, time 6.744491e-04, ||RHS||=1.297324e+07
step 511, time 6.757843e-04, ||RHS||=1.293051e+07
step 512, time 6.771219e-04, ||RHS||=1.292869e+07
step 513, time 6.784649e-04, ||RHS||=1.290817e+07
step 514, time 6.798148e-04, ||RHS||=1.291766e+07
step 515, time 6.811747e-04, ||RHS||=1.294729e+07
step 516, time 6.825409e-04, ||RHS||=1.292195e+07
step 517, time 6.839108e-04, ||RHS||=1.294369e+07
step 518, time 6.852736e-04, ||RHS||=1.292225e+07
step 519, time 6.866125e-04, ||RHS||=1.291728e+07
step 520, time 6.879143e-04, ||RHS||=1.290725e+07
step 521, time 6.891861e-04, ||RHS||=1.285484e+07
step 522, time 6.904465e-04, ||RHS||=1.286884e+07
step 523, time 6.917096e-04, ||RHS||=1.293891e+07
step 524, time 6.929818e-04, ||RHS||=1.294993e+07
step 525, time 6.942654e-04, ||RHS||=1.289171e+07
step 526, time 6.955608e-04, ||RHS||=1.288771e+07
step 527, time 6.968680e-04, ||RHS||=1.287793e+07
step 528, time 6.981864e-04, ||RHS||=1.287733e+07
step 529, time 6.995152e-04, ||RHS||=1.290040e+07
step 530, time 7.008537e-04, ||RHS||=1.290569e+07
step 531, time 7.022008e-04, ||RHS||=1.293669e+07
step 532, time 7.035563e-04, ||RHS||=1.296811e+07
step 533, time 7.048998e-04, ||RHS||=1.297445e+07
step 534, time 7.062653e-04, ||RHS||=1.291930e+07
step 535, time 7.076657e-04, ||RHS||=1.287920e+07
step 536, time 7.090337e-04, ||RHS||=1.280881e+07
step 537, time 7.104086e-04, ||RHS||=1.279605e+07
step 538, time 7.117755e-04, ||RHS||=1.287269e+07
step 539, time 7.131336e-04, ||RHS||=1.296150e+07
step 540, time 7.144793e-04, ||RHS||=1.302406e+07
step 541, time 7.158149e-04, ||RHS||=1.303397e+07
step 542, time 7.171419e-04, ||RHS||=1.293212e+07
step 543, time 7.184655e-04, ||RHS||=1.281325e+07
step 544, time 7.197898e-04, ||RHS||=1.275785e+07
step 545, time 7.211170e-04, ||RHS||=1.272509e+07
step 546, time 7.224477e-04, ||RHS||=1.272512e+07
step 547, time 7.237792e-04, ||RHS||=1.275283e+07
step 548, time 7.251064e-04, ||RHS||=1.281003e+07
step 549, time 7.263985e-04, ||RHS||=1.285839e+07
step 550, time 7.276606e-04, ||RHS||=1.280361e+07
step 551, time 7.290180e-04, ||RHS||=1.273134e+07
step 552, time 7.302750e-04, ||RHS||=1.259468e+07
step 553, time 7.315354e-04, ||RHS||=1.249073e+07
step 554, time 7.328116e-04, ||RHS||=1.243032e+07
step 555, time 7.341000e-04, ||RHS||=1.243451e+07
step 556, time 7.353870e-04, ||RHS||=1.246777e+07
step 557, time 7.366865e-04, ||RHS||=1.254562e+07
step 558, time 7.379960e-04, ||RHS||=1.262094e+07
step 559, time 7.393167e-04, ||RHS||=1.251343e+07
step 560, time 7.406484e-04, ||RHS||=1.238250e+07
step 561, time 7.419915e-04, ||RHS||=1.235527e+07
step 562, time 7.433456e-04, ||RHS||=1.232594e+07
step 563, time 7.447105e-04, ||RHS||=1.224733e+07
step 564, time 7.460835e-04, ||RHS||=1.221939e+07
step 565, time 7.474736e-04, ||RHS||=1.225238e+07
step 566, time 7.488660e-04, ||RHS||=1.232303e+07
step 567, time 7.502255e-04, ||RHS||=1.226098e+07
step 568, time 7.517031e-04, ||RHS||=1.218150e+07
step 569, time 7.531447e-04, ||RHS||=1.215176e+07
step 570, time 7.545946e-04, ||RHS||=1.215023e+07
step 571, time 7.560439e-04, ||RHS||=1.212259e+07
step 572, time 7.574485e-04, ||RHS||=1.204241e+07
step 573, time 7.587723e-04, ||RHS||=1.203239e+07
step 574, time 7.600434e-04, ||RHS||=1.207068e+07
step 575, time 7.613069e-04, ||RHS||=1.201503e+07
step 576, time 7.625754e-04, ||RHS||=1.196158e+07
step 577, time 7.638527e-04, ||RHS||=1.192324e+07
step 578, time 7.651389e-04, ||RHS||=1.191523e+07
step 579, time 7.664339e-04, ||RHS||=1.195125e+07
step 580, time 7.677368e-04, ||RHS||=1.194634e+07
step 581, time 7.690465e-04, ||RHS||=1.195602e+07
step 582, time 7.703620e-04, ||RHS||=1.195641e+07
step 583, time 7.716817e-04, ||RHS||=1.185884e+07
step 584, time 7.730037e-04, ||RHS||=1.179609e+07
step 585, time 7.743323e-04, ||RHS||=1.180389e+07
step 586, time 7.756605e-04, ||RHS||=1.184356e+07
step 587, time 7.769900e-04, ||RHS||=1.186907e+07
step 588, time 7.783372e-04, ||RHS||=1.189313e+07
step 589, time 7.796812e-04, ||RHS||=1.182688e+07
step 590, time 7.810322e-04, ||RHS||=1.180569e+07
step 591, time 7.823821e-04, ||RHS||=1.180548e+07
step 592, time 7.837223e-04, ||RHS||=1.173756e+07
step 593, time 7.850432e-04, ||RHS||=1.168474e+07
step 594, time 7.863437e-04, ||RHS||=1.168451e+07
step 595, time 7.876323e-04, ||RHS||=1.170774e+07
step 596, time 7.889194e-04, ||RHS||=1.178262e+07
step 597, time 7.902122e-04, ||RHS||=1.183944e+07
step 598, time 7.915146e-04, ||RHS||=1.176291e+07
step 599, time 7.928282e-04, ||RHS||=1.172292e+07
step 600, time 7.941532e-04, ||RHS||=1.169861e+07
step 601, time 7.954894e-04, ||RHS||=1.168570e+07
step 602, time 7.968358e-04, ||RHS||=1.171743e+07
step 603, time 7.981913e-04, ||RHS||=1.166013e+07
step 604, time 7.995553e-04, ||RHS||=1.166208e+07
step 605, time 8.009270e-04, ||RHS||=1.173284e+07
step 606, time 8.023063e-04, ||RHS||=1.183296e+07
step 607, time 8.036920e-04, ||RHS||=1.176027e+07
step 608, time 8.050819e-04, ||RHS||=1.164203e+07
step 609, time 8.064688e-04, ||RHS||=1.155112e+07
step 610, time 8.078415e-04, ||RHS||=1.155742e+07
step 611, time 8.091889e-04, ||RHS||=1.160236e+07
step 612, time 8.105118e-04, ||RHS||=1.165527e+07
step 613, time 8.118170e-04, ||RHS||=1.166453e+07
step 614, time 8.131336e-04, ||RHS||=1.168778e+07
step 615, time 8.144541e-04, ||RHS||=1.169426e+07
step 616, time 8.157818e-04, ||RHS||=1.162731e+07
step 617, time 8.171068e-04, ||RHS||=1.153451e+07
step 618, time 8.184395e-04, ||RHS||=1.150246e+07
step 619, time 8.197821e-04, ||RHS||=1.152923e+07
step 620, time 8.210995e-04, ||RHS||=1.154188e+07
step 621, time 8.224131e-04, ||RHS||=1.154599e+07
step 622, time 8.237230e-04, ||RHS||=1.160938e+07
step 623, time 8.250359e-04, ||RHS||=1.164867e+07
step 624, time 8.263552e-04, ||RHS||=1.167162e+07
step 625, time 8.276819e-04, ||RHS||=1.161788e+07
step 626, time 8.290142e-04, ||RHS||=1.152303e+07
step 627, time 8.303457e-04, ||RHS||=1.142210e+07
step 628, time 8.316652e-04, ||RHS||=1.142043e+07
step 629, time 8.329763e-04, ||RHS||=1.143073e+07
step 630, time 8.342656e-04, ||RHS||=1.148835e+07
step 631, time 8.355461e-04, ||RHS||=1.155794e+07
step 632, time 8.368258e-04, ||RHS||=1.163049e+07
step 633, time 8.381119e-04, ||RHS||=1.164166e+07
step 634, time 8.394094e-04, ||RHS||=1.158460e+07
step 635, time 8.407193e-04, ||RHS||=1.149365e+07
step 636, time 8.420426e-04, ||RHS||=1.143893e+07
step 637, time 8.433789e-04, ||RHS||=1.139120e+07
step 638, time 8.447276e-04, ||RHS||=1.137818e+07
step 639, time 8.460874e-04, ||RHS||=1.136551e+07
step 640, time 8.474580e-04, ||RHS||=1.134672e+07
step 641, time 8.488387e-04, ||RHS||=1.138151e+07
step 642, time 8.502298e-04, ||RHS||=1.142189e+07
step 643, time 8.516325e-04, ||RHS||=1.138424e+07
step 644, time 8.530470e-04, ||RHS||=1.129871e+07
step 645, time 8.544707e-04, ||RHS||=1.123417e+07
step 646, time 8.558964e-04, ||RHS||=1.108135e+07
step 647, time 8.572817e-04, ||RHS||=1.104462e+07
step 648, time 8.585951e-04, ||RHS||=1.106353e+07
step 649, time 8.599958e-04, ||RHS||=1.109194e+07
step 650, time 8.612913e-04, ||RHS||=1.113462e+07
step 651, time 8.625887e-04, ||RHS||=1.117002e+07
step 652, time 8.638838e-04, ||RHS||=1.114368e+07
step 653, time 8.651823e-04, ||RHS||=1.108853e+07
step 654, time 8.664833e-04, ||RHS||=1.102214e+07
step 655, time 8.677878e-04, ||RHS||=1.092787e+07
step 656, time 8.690967e-04, ||RHS||=1.089491e+07
step 657, time 8.704105e-04, ||RHS||=1.086365e+07
step 658, time 8.717292e-04, ||RHS||=1.082940e+07
step 659, time 8.730519e-04, ||RHS||=1.083741e+07
step 660, time 8.743761e-04, ||RHS||=1.083406e+07
step 661, time 8.756982e-04, ||RHS||=1.083550e+07
step 662, time 8.770153e-04, ||RHS||=1.082145e+07
step 663, time 8.783265e-04, ||RHS||=1.080900e+07
step 664, time 8.796333e-04, ||RHS||=1.077070e+07
step 665, time 8.809382e-04, ||RHS||=1.065738e+07
step 666, time 8.822418e-04, ||RHS||=1.057846e+07
step 667, time 8.835423e-04, ||RHS||=1.054695e+07
step 668, time 8.848352e-04, ||RHS||=1.058711e+07
step 669, time 8.861166e-04, ||RHS||=1.060877e+07
step 670, time 8.873870e-04, ||RHS||=1.064186e+07
step 671, time 8.886525e-04, ||RHS||=1.066208e+07
step 672, time 8.899187e-04, ||RHS||=1.056859e+07
step 673, time 8.911908e-04, ||RHS||=1.053498e+07
step 674, time 8.924717e-04, ||RHS||=1.056291e+07
step 675, time 8.937631e-04, ||RHS||=1.049745e+07
step 676, time 8.950655e-04, ||RHS||=1.048447e+07
step 677, time 8.963788e-04, ||RHS||=1.044913e+07
step 678, time 8.977026e-04, ||RHS||=1.042824e+07
step 679, time 8.990364e-04, ||RHS||=1.037536e+07
step 680, time 9.003794e-04, ||RHS||=1.041338e+07
step 681, time 9.017309e-04, ||RHS||=1.041041e+07
step 682, time 9.030902e-04, ||RHS||=1.036859e+07
step 683, time 9.044566e-04, ||RHS||=1.037212e+07
step 684, time 9.058299e-04, ||RHS||=1.036487e+07
step 685, time 9.072085e-04, ||RHS||=1.029724e+07
step 686, time 9.085920e-04, ||RHS||=1.027324e+07
step 687, time 9.099785e-04, ||RHS||=1.025654e+07
step 688, time 9.113664e-04, ||RHS||=1.023561e+07
step 689, time 9.127551e-04, ||RHS||=1.026746e+07
step 690, time 9.141200e-04, ||RHS||=1.022901e+07
step 691, time 9.154769e-04, ||RHS||=1.024335e+07
step 692, time 9.169428e-04, ||RHS||=1.026701e+07
step 693, time 9.183222e-04, ||RHS||=1.029592e+07
step 694, time 9.197198e-04, ||RHS||=1.023781e+07
step 695, time 9.211062e-04, ||RHS||=1.018396e+07
step 696, time 9.224752e-04, ||RHS||=1.014778e+07
step 697, time 9.237962e-04, ||RHS||=1.014828e+07
step 698, time 9.250555e-04, ||RHS||=1.013708e+07
step 699, time 9.262765e-04, ||RHS||=1.004906e+07
step 700, time 9.274885e-04, ||RHS||=1.001377e+07
step 701, time 9.287066e-04, ||RHS||=1.004348e+07
step 702, time 9.299360e-04, ||RHS||=1.011994e+07
step 703, time 9.311780e-04, ||RHS||=1.015405e+07
step 704, time 9.324330e-04, ||RHS||=1.017407e+07
step 705, time 9.337011e-04, ||RHS||=1.009394e+07
step 706, time 9.349821e-04, ||RHS||=9.992532e+06
step 707, time 9.362758e-04, ||RHS||=9.960536e+06
step 708, time 9.375820e-04, ||RHS||=9.958532e+06
step 709, time 9.389003e-04, ||RHS||=9.913847e+06
step 710, time 9.402306e-04, ||RHS||=9.933092e+06
step 711, time 9.415725e-04, ||RHS||=9.973597e+06
step 712, time 9.429256e-04, ||RHS||=9.976234e+06
step 713, time 9.442894e-04, ||RHS||=1.000089e+07
step 714, time 9.456632e-04, ||RHS||=9.986634e+06
step 715, time 9.470463e-04, ||RHS||=9.935962e+06
step 716, time 9.484371e-04, ||RHS||=9.872323e+06
step 717, time 9.498333e-04, ||RHS||=9.814088e+06
step 718, time 9.512291e-04, ||RHS||=9.734170e+06
step 719, time 9.526165e-04, ||RHS||=9.729882e+06
step 720, time 9.539872e-04, ||RHS||=9.749175e+06
step 721, time 9.553364e-04, ||RHS||=9.821637e+06
step 722, time 9.566657e-04, ||RHS||=9.894712e+06
step 723, time 9.579793e-04, ||RHS||=9.878272e+06
step 724, time 9.592834e-04, ||RHS||=9.840532e+06
step 725, time 9.605845e-04, ||RHS||=9.753820e+06
step 726, time 9.618887e-04, ||RHS||=9.704020e+06
step 727, time 9.632017e-04, ||RHS||=9.670809e+06
step 728, time 9.645243e-04, ||RHS||=9.677200e+06
step 729, time 9.658564e-04, ||RHS||=9.701451e+06
step 730, time 9.671957e-04, ||RHS||=9.735884e+06
step 731, time 9.685381e-04, ||RHS||=9.808127e+06
step 732, time 9.698761e-04, ||RHS||=9.816380e+06
step 733, time 9.711986e-04, ||RHS||=9.757880e+06
step 734, time 9.724972e-04, ||RHS||=9.729420e+06
step 735, time 9.737735e-04, ||RHS||=9.707980e+06
step 736, time 9.750392e-04, ||RHS||=9.646716e+06
step 737, time 9.763091e-04, ||RHS||=9.539542e+06
step 738, time 9.775880e-04, ||RHS||=9.516165e+06
step 739, time 9.788805e-04, ||RHS||=9.548555e+06
step 740, time 9.801876e-04, ||RHS||=9.602069e+06
step 741, time 9.815093e-04, ||RHS||=9.641887e+06
step 742, time 9.828427e-04, ||RHS||=9.606999e+06
step 743, time 9.841747e-04, ||RHS||=9.574471e+06
step 744, time 9.855512e-04, ||RHS||=9.571904e+06
step 745, time 9.869156e-04, ||RHS||=9.597543e+06
step 746, time 9.882839e-04, ||RHS||=9.491166e+06
step 747, time 9.896423e-04, ||RHS||=9.465915e+06
step 748, time 9.909759e-04, ||RHS||=9.494877e+06
step 749, time 9.922760e-04, ||RHS||=9.567265e+06
step 750, time 9.935530e-04, ||RHS||=9.573023e+06
step 751, time 9.948236e-04, ||RHS||=9.552908e+06
step 752, time 9.960994e-04, ||RHS||=9.525192e+06
step 753, time 9.973852e-04, ||RHS||=9.528040e+06
step 754, time 9.986823e-04, ||RHS||=9.517849e+06
step 755, time 9.999906e-04, ||RHS||=9.439128e+06
step 756, time 1.001310e-03, ||RHS||=9.383327e+06
step 757, time 1.002639e-03, ||RHS||=9.309738e+06
step 758, time 1.003978e-03, ||RHS||=9.293775e+06
step 759, time 1.005327e-03, ||RHS||=9.272338e+06
step 760, time 1.006684e-03, ||RHS||=9.203775e+06
step 761, time 1.008050e-03, ||RHS||=9.169849e+06
step 762, time 1.009424e-03, ||RHS||=9.123481e+06
step 763, time 1.010803e-03, ||RHS||=9.117716e+06
step 764, time 1.012183e-03, ||RHS||=9.050305e+06
step 765, time 1.013551e-03, ||RHS||=9.063055e+06
step 766, time 1.014889e-03, ||RHS||=9.034707e+06
step 767, time 1.016191e-03, ||RHS||=9.019305e+06
step 768, time 1.017469e-03, ||RHS||=8.959876e+06
step 769, time 1.018741e-03, ||RHS||=8.930816e+06
step 770, time 1.020019e-03, ||RHS||=8.916059e+06
step 771, time 1.021308e-03, ||RHS||=8.868549e+06
step 772, time 1.022608e-03, ||RHS||=8.864438e+06
step 773, time 1.023921e-03, ||RHS||=8.871905e+06
step 774, time 1.025245e-03, ||RHS||=8.831454e+06
step 775, time 1.026581e-03, ||RHS||=8.860119e+06
step 776, time 1.027928e-03, ||RHS||=8.913711e+06
step 777, time 1.029283e-03, ||RHS||=8.813297e+06
step 778, time 1.030645e-03, ||RHS||=8.675332e+06
step 779, time 1.032008e-03, ||RHS||=8.615296e+06
step 780, time 1.033365e-03, ||RHS||=8.627379e+06
step 781, time 1.034708e-03, ||RHS||=8.580978e+06
step 782, time 1.036037e-03, ||RHS||=8.549050e+06
step 783, time 1.037357e-03, ||RHS||=8.480779e+06
step 784, time 1.038676e-03, ||RHS||=8.477953e+06
step 785, time 1.040001e-03, ||RHS||=8.478439e+06
step 786, time 1.041334e-03, ||RHS||=8.448759e+06
step 787, time 1.042675e-03, ||RHS||=8.399158e+06
step 788, time 1.044022e-03, ||RHS||=8.335516e+06
step 789, time 1.045370e-03, ||RHS||=8.352947e+06
step 790, time 1.046712e-03, ||RHS||=8.389320e+06
step 791, time 1.048047e-03, ||RHS||=8.374492e+06
step 792, time 1.049374e-03, ||RHS||=8.302616e+06
step 793, time 1.050700e-03, ||RHS||=8.254070e+06
step 794, time 1.052027e-03, ||RHS||=8.251877e+06
step 795, time 1.053358e-03, ||RHS||=8.229299e+06
step 796, time 1.054694e-03, ||RHS||=8.258788e+06
step 797, time 1.056030e-03, ||RHS||=8.243572e+06
step 798, time 1.057361e-03, ||RHS||=8.248659e+06
step 799, time 1.058678e-03, ||RHS||=8.215290e+06
step 800, time 1.059977e-03, ||RHS||=8.200062e+06
step 801, time 1.061264e-03, ||RHS||=8.128295e+06
step 802, time 1.062549e-03, ||RHS||=8.115566e+06
step 803, time 1.063840e-03, ||RHS||=8.147952e+06
step 804, time 1.065141e-03, ||RHS||=8.077522e+06
step 805, time 1.066455e-03, ||RHS||=8.052075e+06
step 806, time 1.067783e-03, ||RHS||=8.038770e+06
step 807, time 1.069122e-03, ||RHS||=7.982689e+06
step 808, time 1.070470e-03, ||RHS||=7.967011e+06
step 809, time 1.071824e-03, ||RHS||=7.984471e+06
step 810, time 1.073176e-03, ||RHS||=7.814108e+06
step 811, time 1.074522e-03, ||RHS||=7.718417e+06
step 812, time 1.075860e-03, ||RHS||=7.703753e+06
step 813, time 1.077191e-03, ||RHS||=7.699484e+06
step 814, time 1.078519e-03, ||RHS||=7.731506e+06
step 815, time 1.079847e-03, ||RHS||=7.771448e+06
step 816, time 1.081179e-03, ||RHS||=7.741112e+06
step 817, time 1.082517e-03, ||RHS||=7.689839e+06
step 818, time 1.083863e-03, ||RHS||=7.689223e+06
step 819, time 1.085216e-03, ||RHS||=7.626065e+06
step 820, time 1.086579e-03, ||RHS||=7.509422e+06
step 821, time 1.087948e-03, ||RHS||=7.455205e+06
step 822, time 1.089324e-03, ||RHS||=7.390249e+06
step 823, time 1.090700e-03, ||RHS||=7.412458e+06
step 824, time 1.092072e-03, ||RHS||=7.477036e+06
step 825, time 1.093434e-03, ||RHS||=7.561271e+06
step 826, time 1.094785e-03, ||RHS||=7.651003e+06
step 827, time 1.096127e-03, ||RHS||=7.620237e+06
step 828, time 1.097464e-03, ||RHS||=7.477485e+06
step 829, time 1.098792e-03, ||RHS||=7.332670e+06
step 830, time 1.100106e-03, ||RHS||=7.288388e+06
step 831, time 1.101400e-03, ||RHS||=7.301786e+06
step 832, time 1.102678e-03, ||RHS||=7.348333e+06
step 833, time 1.103947e-03, ||RHS||=7.413754e+06
step 834, time 1.105218e-03, ||RHS||=7.432667e+06
step 835, time 1.106496e-03, ||RHS||=7.422738e+06
step 836, time 1.107787e-03, ||RHS||=7.474096e+06
step 837, time 1.109092e-03, ||RHS||=7.467119e+06
step 838, time 1.110411e-03, ||RHS||=7.351678e+06
step 839, time 1.111745e-03, ||RHS||=7.232290e+06
step 840, time 1.113092e-03, ||RHS||=7.174071e+06
step 841, time 1.114452e-03, ||RHS||=7.073220e+06
step 842, time 1.115823e-03, ||RHS||=7.013081e+06
step 843, time 1.117203e-03, ||RHS||=7.016331e+06
step 844, time 1.118585e-03, ||RHS||=7.057375e+06
step 845, time 1.119961e-03, ||RHS||=7.118124e+06
step 846, time 1.121302e-03, ||RHS||=7.185309e+06
step 847, time 1.122598e-03, ||RHS||=7.119291e+06
step 848, time 1.123865e-03, ||RHS||=6.982046e+06
step 849, time 1.125127e-03, ||RHS||=6.884434e+06
step 850, time 1.126399e-03, ||RHS||=6.841236e+06
step 851, time 1.127685e-03, ||RHS||=6.849543e+06
step 852, time 1.128984e-03, ||RHS||=6.889011e+06
step 853, time 1.130297e-03, ||RHS||=6.945798e+06
step 854, time 1.131622e-03, ||RHS||=6.942811e+06
step 855, time 1.132959e-03, ||RHS||=6.972245e+06
step 856, time 1.134304e-03, ||RHS||=7.021242e+06
step 857, time 1.135658e-03, ||RHS||=7.007650e+06
step 858, time 1.137019e-03, ||RHS||=6.883900e+06
step 859, time 1.138385e-03, ||RHS||=6.838860e+06
step 860, time 1.139753e-03, ||RHS||=6.827807e+06
step 861, time 1.141113e-03, ||RHS||=6.782494e+06
step 862, time 1.142453e-03, ||RHS||=6.803210e+06
step 863, time 1.143766e-03, ||RHS||=6.853886e+06
step 864, time 1.145055e-03, ||RHS||=6.876404e+06
step 865, time 1.146334e-03, ||RHS||=6.931021e+06
step 866, time 1.147614e-03, ||RHS||=6.999586e+06
step 867, time 1.148900e-03, ||RHS||=6.997657e+06
step 868, time 1.150196e-03, ||RHS||=6.823762e+06
step 869, time 1.151503e-03, ||RHS||=6.748682e+06
step 870, time 1.152822e-03, ||RHS||=6.731390e+06
step 871, time 1.154152e-03, ||RHS||=6.710144e+06
step 872, time 1.155493e-03, ||RHS||=6.693095e+06
step 873, time 1.156844e-03, ||RHS||=6.709421e+06
step 874, time 1.158204e-03, ||RHS||=6.718889e+06
step 875, time 1.159572e-03, ||RHS||=6.698797e+06
step 876, time 1.160960e-03, ||RHS||=6.730843e+06
step 877, time 1.162351e-03, ||RHS||=6.693259e+06
step 878, time 1.163755e-03, ||RHS||=6.576764e+06
step 879, time 1.165168e-03, ||RHS||=6.527966e+06
step 880, time 1.166591e-03, ||RHS||=6.525380e+06
step 881, time 1.168017e-03, ||RHS||=6.494031e+06
step 882, time 1.169430e-03, ||RHS||=6.491324e+06
step 883, time 1.170805e-03, ||RHS||=6.533767e+06
step 884, time 1.172131e-03, ||RHS||=6.594535e+06
step 885, time 1.173427e-03, ||RHS||=6.662367e+06
step 886, time 1.174716e-03, ||RHS||=6.658633e+06
step 887, time 1.176012e-03, ||RHS||=6.621121e+06
step 888, time 1.177320e-03, ||RHS||=6.440572e+06
step 889, time 1.178644e-03, ||RHS||=6.310355e+06
step 890, time 1.179981e-03, ||RHS||=6.248728e+06
step 891, time 1.181328e-03, ||RHS||=6.228055e+06
step 892, time 1.182680e-03, ||RHS||=6.232038e+06
step 893, time 1.184032e-03, ||RHS||=6.250713e+06
step 894, time 1.185379e-03, ||RHS||=6.277826e+06
step 895, time 1.186716e-03, ||RHS||=6.264363e+06
step 896, time 1.188038e-03, ||RHS||=6.245448e+06
step 897, time 1.189338e-03, ||RHS||=6.263461e+06
step 898, time 1.190613e-03, ||RHS||=6.204033e+06
step 899, time 1.191871e-03, ||RHS||=6.162621e+06
step 900, time 1.193118e-03, ||RHS||=6.150894e+06
step 901, time 1.194363e-03, ||RHS||=6.157795e+06
step 902, time 1.195611e-03, ||RHS||=6.176607e+06
step 903, time 1.196865e-03, ||RHS||=6.129672e+06
step 904, time 1.198130e-03, ||RHS||=6.127970e+06
step 905, time 1.199408e-03, ||RHS||=6.150261e+06
step 906, time 1.200697e-03, ||RHS||=6.168566e+06
step 907, time 1.201999e-03, ||RHS||=6.190596e+06
step 908, time 1.203311e-03, ||RHS||=6.203128e+06
step 909, time 1.204641e-03, ||RHS||=6.113145e+06
step 910, time 1.205980e-03, ||RHS||=6.026913e+06
step 911, time 1.207330e-03, ||RHS||=5.941888e+06
step 912, time 1.208691e-03, ||RHS||=5.925103e+06
step 913, time 1.210063e-03, ||RHS||=5.949257e+06
step 914, time 1.211445e-03, ||RHS||=5.961620e+06
step 915, time 1.212839e-03, ||RHS||=5.987813e+06
step 916, time 1.214244e-03, ||RHS||=6.033686e+06
step 917, time 1.215661e-03, ||RHS||=6.007874e+06
step 918, time 1.217090e-03, ||RHS||=5.943657e+06
step 919, time 1.218527e-03, ||RHS||=5.859636e+06
step 920, time 1.219954e-03, ||RHS||=5.810922e+06
step 921, time 1.221347e-03, ||RHS||=5.783474e+06
step 922, time 1.222692e-03, ||RHS||=5.797915e+06
step 923, time 1.224007e-03, ||RHS||=5.831094e+06
step 924, time 1.225315e-03, ||RHS||=5.809130e+06
step 925, time 1.226620e-03, ||RHS||=5.767947e+06
step 926, time 1.227919e-03, ||RHS||=5.783363e+06
step 927, time 1.229206e-03, ||RHS||=5.824069e+06
step 928, time 1.230480e-03, ||RHS||=5.824392e+06
step 929, time 1.231743e-03, ||RHS||=5.720631e+06
step 930, time 1.233002e-03, ||RHS||=5.670483e+06
step 931, time 1.234263e-03, ||RHS||=5.660608e+06
step 932, time 1.235528e-03, ||RHS||=5.589816e+06
step 933, time 1.236801e-03, ||RHS||=5.484716e+06
step 934, time 1.238082e-03, ||RHS||=5.401776e+06
step 935, time 1.239374e-03, ||RHS||=5.369191e+06
step 936, time 1.240675e-03, ||RHS||=5.365140e+06
step 937, time 1.241987e-03, ||RHS||=5.378398e+06
step 938, time 1.243309e-03, ||RHS||=5.368495e+06
step 939, time 1.244642e-03, ||RHS||=5.233446e+06
step 940, time 1.245984e-03, ||RHS||=5.146563e+06
step 941, time 1.247334e-03, ||RHS||=5.106400e+06
step 942, time 1.248689e-03, ||RHS||=5.092129e+06
step 943, time 1.250046e-03, ||RHS||=5.067624e+06
step 944, time 1.251400e-03, ||RHS||=5.038846e+06
step 945, time 1.252750e-03, ||RHS||=5.053400e+06
step 946, time 1.254097e-03, ||RHS||=5.088961e+06
step 947, time 1.255444e-03, ||RHS||=5.134756e+06
step 948, time 1.256795e-03, ||RHS||=5.167969e+06
step 949, time 1.258151e-03, ||RHS||=4.984664e+06
step 950, time 1.259514e-03, ||RHS||=4.854568e+06
step 951, time 1.260884e-03, ||RHS||=4.768613e+06
step 952, time 1.262260e-03, ||RHS||=4.710202e+06
step 953, time 1.263640e-03, ||RHS||=4.669882e+06
step 954, time 1.265019e-03, ||RHS||=4.557004e+06
step 955, time 1.266391e-03, ||RHS||=4.488004e+06
step 956, time 1.267743e-03, ||RHS||=4.454338e+06
step 957, time 1.269063e-03, ||RHS||=4.428253e+06
step 958, time 1.270356e-03, ||RHS||=4.418711e+06
step 959, time 1.271636e-03, ||RHS||=4.397181e+06
step 960, time 1.272917e-03, ||RHS||=4.304265e+06
step 961, time 1.274203e-03, ||RHS||=4.266952e+06
step 962, time 1.275497e-03, ||RHS||=4.257157e+06
step 963, time 1.276800e-03, ||RHS||=4.261191e+06
step 964, time 1.278111e-03, ||RHS||=4.272121e+06
step 965, time 1.279431e-03, ||RHS||=4.263703e+06
step 966, time 1.280759e-03, ||RHS||=4.178924e+06
step 967, time 1.282095e-03, ||RHS||=4.151753e+06
step 968, time 1.283440e-03, ||RHS||=4.152031e+06
step 969, time 1.284795e-03, ||RHS||=4.165177e+06
step 970, time 1.286158e-03, ||RHS||=4.184002e+06
step 971, time 1.287531e-03, ||RHS||=4.168411e+06
step 972, time 1.288909e-03, ||RHS||=4.088614e+06
step 973, time 1.290291e-03, ||RHS||=4.068090e+06
step 974, time 1.291669e-03, ||RHS||=4.074514e+06
step 975, time 1.293037e-03, ||RHS||=4.092571e+06
step 976, time 1.294391e-03, ||RHS||=4.114936e+06
step 977, time 1.295728e-03, ||RHS||=4.089388e+06
step 978, time 1.297052e-03, ||RHS||=4.002250e+06
step 979, time 1.298366e-03, ||RHS||=3.977110e+06
step 980, time 1.299673e-03, ||RHS||=3.980629e+06
step 981, time 1.300971e-03, ||RHS||=3.996166e+06
step 982, time 1.302282e-03, ||RHS||=4.018077e+06
step 983, time 1.303580e-03, ||RHS||=4.041656e+06
step 984, time 1.304883e-03, ||RHS||=3.950642e+06
step 985, time 1.306189e-03, ||RHS||=3.908512e+06
step 986, time 1.307500e-03, ||RHS||=3.905346e+06
step 987, time 1.308817e-03, ||RHS||=3.917185e+06
step 988, time 1.310140e-03, ||RHS||=3.936397e+06
step 989, time 1.311470e-03, ||RHS||=3.960389e+06
step 990, time 1.312808e-03, ||RHS||=3.922479e+06
step 991, time 1.314153e-03, ||RHS||=3.846293e+06
step 992, time 1.315506e-03, ||RHS||=3.828983e+06
step 993, time 1.316868e-03, ||RHS||=3.839196e+06
step 994, time 1.318237e-03, ||RHS||=3.861491e+06
step 995, time 1.319613e-03, ||RHS||=3.888149e+06
step 996, time 1.320991e-03, ||RHS||=3.915273e+06
step 997, time 1.322367e-03, ||RHS||=3.800363e+06
step 998, time 1.323731e-03, ||RHS||=3.764575e+06
step 999, time 1.325076e-03, ||RHS||=3.766399e+06
step 1000, time 1.326399e-03, ||RHS||=3.784105e+06
step 1001, time 1.327707e-03, ||RHS||=3.807643e+06
step 1002, time 1.329012e-03, ||RHS||=3.832448e+06
step 1003, time 1.330324e-03, ||RHS||=3.793307e+06
step 1004, time 1.331644e-03, ||RHS||=3.699729e+06
step 1005, time 1.332971e-03, ||RHS||=3.668572e+06
step 1006, time 1.334296e-03, ||RHS||=3.669432e+06
step 1007, time 1.335611e-03, ||RHS||=3.684046e+06
step 1008, time 1.336913e-03, ||RHS||=3.703451e+06
step 1009, time 1.338208e-03, ||RHS||=3.723706e+06
step 1010, time 1.339504e-03, ||RHS||=3.605355e+06
step 1011, time 1.340807e-03, ||RHS||=3.409992e+06
step 1012, time 1.342118e-03, ||RHS||=3.264928e+06
step 1013, time 1.343440e-03, ||RHS||=3.150120e+06
step 1014, time 1.344770e-03, ||RHS||=3.055581e+06
step 1015, time 1.346104e-03, ||RHS||=2.976225e+06
step 1016, time 1.347436e-03, ||RHS||=2.909290e+06
step 1017, time 1.348758e-03, ||RHS||=2.852980e+06
step 1018, time 1.350067e-03, ||RHS||=2.805739e+06
step 1019, time 1.351365e-03, ||RHS||=2.764872e+06
step 1020, time 1.352661e-03, ||RHS||=2.730369e+06
step 1021, time 1.353960e-03, ||RHS||=2.701929e+06
step 1022, time 1.355266e-03, ||RHS||=2.678412e+06
step 1023, time 1.356580e-03, ||RHS||=2.659115e+06
step 1024, time 1.357902e-03, ||RHS||=2.643489e+06
step 1025, time 1.359231e-03, ||RHS||=2.631065e+06
step 1026, time 1.360567e-03, ||RHS||=2.621431e+06
step 1027, time 1.361909e-03, ||RHS||=2.614219e+06
step 1028, time 1.363258e-03, ||RHS||=2.609109e+06
step 1029, time 1.364611e-03, ||RHS||=2.605811e+06
step 1030, time 1.365969e-03, ||RHS||=2.604084e+06
step 1031, time 1.367329e-03, ||RHS||=2.603697e+06
step 1032, time 1.368690e-03, ||RHS||=2.604466e+06
step 1033, time 1.370053e-03, ||RHS||=2.606211e+06
step 1034, time 1.371416e-03, ||RHS||=2.608793e+06
step 1035, time 1.372780e-03, ||RHS||=2.612079e+06
step 1036, time 1.374147e-03, ||RHS||=2.615974e+06
step 1037, time 1.375517e-03, ||RHS||=2.620378e+06
step 1038, time 1.376890e-03, ||RHS||=2.625226e+06
step 1039, time 1.378267e-03, ||RHS||=2.630435e+06
step 1040, time 1.379645e-03, ||RHS||=2.629192e+06
step 1041, time 1.381022e-03, ||RHS||=2.626528e+06
step 1042, time 1.382395e-03, ||RHS||=2.628018e+06
step 1043, time 1.383761e-03, ||RHS||=2.631104e+06
step 1044, time 1.385118e-03, ||RHS||=2.635471e+06
step 1045, time 1.386456e-03, ||RHS||=2.640626e+06
step 1046, time 1.387769e-03, ||RHS||=2.645699e+06
step 1047, time 1.389055e-03, ||RHS||=2.650848e+06
step 1048, time 1.390323e-03, ||RHS||=2.656368e+06
step 1049, time 1.391584e-03, ||RHS||=2.661945e+06
step 1050, time 1.392844e-03, ||RHS||=2.667264e+06
step 1051, time 1.394110e-03, ||RHS||=2.672944e+06
step 1052, time 1.395387e-03, ||RHS||=2.678363e+06
step 1053, time 1.396677e-03, ||RHS||=2.684147e+06
step 1054, time 1.397972e-03, ||RHS||=2.689939e+06
step 1055, time 1.399251e-03, ||RHS||=2.694854e+06
step 1056, time 1.400638e-03, ||RHS||=2.700639e+06
step 1057, time 1.401971e-03, ||RHS||=2.706303e+06
step 1058, time 1.403324e-03, ||RHS||=2.712107e+06
step 1059, time 1.404683e-03, ||RHS||=2.717884e+06
step 1060, time 1.406053e-03, ||RHS||=2.723710e+06
step 1061, time 1.407432e-03, ||RHS||=2.729222e+06
step 1062, time 1.408821e-03, ||RHS||=2.734992e+06
step 1063, time 1.410221e-03, ||RHS||=2.740760e+06
step 1064, time 1.411631e-03, ||RHS||=2.746471e+06
step 1065, time 1.413049e-03, ||RHS||=2.752172e+06
step 1066, time 1.414472e-03, ||RHS||=2.757779e+06
step 1067, time 1.415877e-03, ||RHS||=2.762317e+06
step 1068, time 1.417360e-03, ||RHS||=2.767601e+06
step 1069, time 1.418789e-03, ||RHS||=2.772820e+06
step 1070, time 1.420187e-03, ||RHS||=2.777920e+06
step 1071, time 1.421516e-03, ||RHS||=2.782762e+06
step 1072, time 1.422804e-03, ||RHS||=2.787402e+06
step 1073, time 1.424084e-03, ||RHS||=2.791968e+06
step 1074, time 1.425364e-03, ||RHS||=2.796482e+06
step 1075, time 1.426639e-03, ||RHS||=2.800915e+06
step 1076, time 1.427902e-03, ||RHS||=2.804949e+06
step 1077, time 1.429153e-03, ||RHS||=2.809171e+06
step 1078, time 1.430394e-03, ||RHS||=2.813309e+06
step 1079, time 1.431635e-03, ||RHS||=2.817392e+06
step 1080, time 1.432883e-03, ||RHS||=2.821440e+06
step 1081, time 1.434142e-03, ||RHS||=2.825471e+06
step 1082, time 1.435415e-03, ||RHS||=2.829488e+06
step 1083, time 1.436702e-03, ||RHS||=2.833495e+06
step 1084, time 1.438003e-03, ||RHS||=2.836025e+06
step 1085, time 1.439321e-03, ||RHS||=2.839406e+06
step 1086, time 1.440649e-03, ||RHS||=2.843046e+06
step 1087, time 1.441985e-03, ||RHS||=2.846773e+06
step 1088, time 1.443323e-03, ||RHS||=2.850516e+06
step 1089, time 1.444659e-03, ||RHS||=2.854240e+06
step 1090, time 1.445992e-03, ||RHS||=2.850482e+06
step 1091, time 1.447326e-03, ||RHS||=2.849841e+06
step 1092, time 1.448663e-03, ||RHS||=2.851199e+06
step 1093, time 1.450005e-03, ||RHS||=2.851312e+06
step 1094, time 1.451352e-03, ||RHS||=2.850364e+06
step 1095, time 1.452703e-03, ||RHS||=2.851597e+06
step 1096, time 1.454056e-03, ||RHS||=2.853714e+06
step 1097, time 1.455413e-03, ||RHS||=2.856255e+06
step 1098, time 1.456773e-03, ||RHS||=2.859023e+06
step 1099, time 1.458136e-03, ||RHS||=2.861903e+06
step 1100, time 1.459499e-03, ||RHS||=2.864858e+06
step 1101, time 1.460862e-03, ||RHS||=2.867827e+06
step 1102, time 1.462225e-03, ||RHS||=2.870519e+06
step 1103, time 1.463587e-03, ||RHS||=2.873476e+06
step 1104, time 1.464948e-03, ||RHS||=2.876433e+06
step 1105, time 1.466303e-03, ||RHS||=2.879350e+06
step 1106, time 1.467643e-03, ||RHS||=2.882223e+06
step 1107, time 1.468956e-03, ||RHS||=2.885008e+06
step 1108, time 1.470241e-03, ||RHS||=2.887718e+06
step 1109, time 1.471507e-03, ||RHS||=2.890357e+06
step 1110, time 1.472768e-03, ||RHS||=2.892966e+06
step 1111, time 1.474032e-03, ||RHS||=2.887782e+06
step 1112, time 1.475302e-03, ||RHS||=2.865335e+06
step 1113, time 1.476581e-03, ||RHS||=2.848421e+06
step 1114, time 1.477868e-03, ||RHS||=2.817967e+06
step 1115, time 1.479165e-03, ||RHS||=2.803216e+06
step 1116, time 1.480470e-03, ||RHS||=2.777982e+06
step 1117, time 1.481783e-03, ||RHS||=2.766553e+06
step 1118, time 1.483105e-03, ||RHS||=2.742325e+06
step 1119, time 1.484435e-03, ||RHS||=2.721673e+06
step 1120, time 1.485772e-03, ||RHS||=2.721428e+06
step 1121, time 1.487115e-03, ||RHS||=2.707388e+06
step 1122, time 1.488465e-03, ||RHS||=2.680348e+06
step 1123, time 1.489821e-03, ||RHS||=2.673893e+06
step 1124, time 1.491173e-03, ||RHS||=2.668058e+06
step 1125, time 1.492523e-03, ||RHS||=2.639187e+06
step 1126, time 1.493937e-03, ||RHS||=2.637503e+06
step 1127, time 1.495313e-03, ||RHS||=2.649122e+06
step 1128, time 1.496707e-03, ||RHS||=2.613215e+06
step 1129, time 1.498106e-03, ||RHS||=2.585926e+06
step 1130, time 1.499514e-03, ||RHS||=2.586477e+06
step 1131, time 1.500931e-03, ||RHS||=2.600060e+06
step 1132, time 1.502355e-03, ||RHS||=2.558721e+06
step 1133, time 1.503774e-03, ||RHS||=2.544728e+06
step 1134, time 1.505144e-03, ||RHS||=2.551798e+06
step 1135, time 1.506421e-03, ||RHS||=2.566648e+06
step 1136, time 1.507641e-03, ||RHS||=2.493765e+06
step 1137, time 1.508852e-03, ||RHS||=2.387205e+06
step 1138, time 1.510072e-03, ||RHS||=2.307178e+06
step 1139, time 1.511301e-03, ||RHS||=2.242218e+06
step 1140, time 1.512534e-03, ||RHS||=2.185187e+06
step 1141, time 1.513801e-03, ||RHS||=2.133686e+06
step 1142, time 1.515061e-03, ||RHS||=2.087131e+06
step 1143, time 1.516335e-03, ||RHS||=2.043602e+06
step 1144, time 1.517618e-03, ||RHS||=2.002664e+06
step 1145, time 1.518910e-03, ||RHS||=1.963931e+06
step 1146, time 1.520210e-03, ||RHS||=1.926954e+06
step 1147, time 1.521519e-03, ||RHS||=1.891553e+06
step 1148, time 1.522837e-03, ||RHS||=1.833454e+06
step 1149, time 1.524163e-03, ||RHS||=1.788416e+06
step 1150, time 1.525497e-03, ||RHS||=1.750697e+06
step 1151, time 1.526837e-03, ||RHS||=1.717299e+06
step 1152, time 1.528184e-03, ||RHS||=1.686856e+06
step 1153, time 1.529535e-03, ||RHS||=1.655443e+06
step 1154, time 1.530888e-03, ||RHS||=1.627303e+06
step 1155, time 1.532242e-03, ||RHS||=1.601731e+06
step 1156, time 1.533595e-03, ||RHS||=1.577998e+06
step 1157, time 1.534947e-03, ||RHS||=1.555824e+06
step 1158, time 1.536296e-03, ||RHS||=1.535006e+06
step 1159, time 1.537644e-03, ||RHS||=1.506236e+06
step 1160, time 1.538990e-03, ||RHS||=1.481734e+06
step 1161, time 1.540335e-03, ||RHS||=1.455876e+06
step 1162, time 1.541681e-03, ||RHS||=1.414174e+06
step 1163, time 1.543028e-03, ||RHS||=1.385159e+06
step 1164, time 1.544380e-03, ||RHS||=1.362201e+06
step 1165, time 1.545736e-03, ||RHS||=1.342986e+06
step 1166, time 1.547098e-03, ||RHS||=1.325997e+06
step 1167, time 1.548467e-03, ||RHS||=1.310593e+06
step 1168, time 1.549843e-03, ||RHS||=1.296375e+06
step 1169, time 1.551225e-03, ||RHS||=1.283163e+06
step 1170, time 1.552611e-03, ||RHS||=1.270795e+06
step 1171, time 1.553997e-03, ||RHS||=1.259241e+06
step 1172, time 1.555379e-03, ||RHS||=1.248420e+06
step 1173, time 1.556752e-03, ||RHS||=1.238350e+06
step 1174, time 1.558113e-03, ||RHS||=1.228924e+06
step 1175, time 1.559466e-03, ||RHS||=1.220127e+06
step 1176, time 1.560816e-03, ||RHS||=1.211837e+06
step 1177, time 1.562164e-03, ||RHS||=1.204054e+06
step 1178, time 1.563510e-03, ||RHS||=1.193610e+06
step 1179, time 1.564847e-03, ||RHS||=1.162071e+06
step 1180, time 1.566168e-03, ||RHS||=1.138685e+06
step 1181, time 1.567466e-03, ||RHS||=1.123446e+06
step 1182, time 1.568742e-03, ||RHS||=1.112339e+06
step 1183, time 1.570005e-03, ||RHS||=1.103511e+06
step 1184, time 1.571267e-03, ||RHS||=1.096080e+06
step 1185, time 1.572535e-03, ||RHS||=1.089562e+06
step 1186, time 1.573810e-03, ||RHS||=1.083713e+06
step 1187, time 1.575093e-03, ||RHS||=1.078386e+06
step 1188, time 1.576382e-03, ||RHS||=1.073484e+06
step 1189, time 1.577677e-03, ||RHS||=1.068710e+06
step 1190, time 1.578975e-03, ||RHS||=1.064526e+06
step 1191, time 1.580275e-03, ||RHS||=1.060637e+06
step 1192, time 1.581577e-03, ||RHS||=1.057017e+06
step 1193, time 1.582883e-03, ||RHS||=1.053638e+06
step 1194, time 1.584193e-03, ||RHS||=1.050488e+06
step 1195, time 1.585510e-03, ||RHS||=1.047541e+06
step 1196, time 1.586834e-03, ||RHS||=1.044796e+06
step 1197, time 1.588166e-03, ||RHS||=1.042228e+06
step 1198, time 1.589505e-03, ||RHS||=1.039846e+06
step 1199, time 1.590853e-03, ||RHS||=1.037628e+06
step 1200, time 1.592206e-03, ||RHS||=1.035585e+06
step 1201, time 1.593562e-03, ||RHS||=1.033695e+06
step 1202, time 1.594917e-03, ||RHS||=1.010733e+06
step 1203, time 1.596264e-03, ||RHS||=9.902652e+05
step 1204, time 1.597598e-03, ||RHS||=9.766021e+05
step 1205, time 1.598920e-03, ||RHS||=9.686524e+05
step 1206, time 1.600234e-03, ||RHS||=9.633931e+05
step 1207, time 1.601547e-03, ||RHS||=9.595809e+05
step 1208, time 1.602865e-03, ||RHS||=9.566787e+05
step 1209, time 1.604191e-03, ||RHS||=9.543592e+05
step 1210, time 1.605526e-03, ||RHS||=9.524720e+05
step 1211, time 1.606871e-03, ||RHS||=9.508968e+05
step 1212, time 1.608221e-03, ||RHS||=9.495837e+05
step 1213, time 1.609570e-03, ||RHS||=9.484775e+05
step 1214, time 1.610907e-03, ||RHS||=9.475680e+05
step 1215, time 1.612222e-03, ||RHS||=9.468110e+05
step 1216, time 1.613514e-03, ||RHS||=9.462088e+05
step 1217, time 1.614793e-03, ||RHS||=9.457090e+05
step 1218, time 1.616071e-03, ||RHS||=9.453242e+05
step 1219, time 1.617353e-03, ||RHS||=9.450203e+05
step 1220, time 1.618643e-03, ||RHS||=9.448107e+05
step 1221, time 1.619943e-03, ||RHS||=9.446777e+05
step 1222, time 1.621253e-03, ||RHS||=9.446261e+05
step 1223, time 1.622573e-03, ||RHS||=9.446487e+05
step 1224, time 1.623902e-03, ||RHS||=9.445921e+05
step 1225, time 1.625242e-03, ||RHS||=9.447725e+05
step 1226, time 1.626592e-03, ||RHS||=9.450139e+05
step 1227, time 1.627951e-03, ||RHS||=9.453258e+05
step 1228, time 1.629320e-03, ||RHS||=9.456884e+05
step 1229, time 1.630698e-03, ||RHS||=9.461249e+05
step 1230, time 1.632086e-03, ||RHS||=9.465996e+05
step 1231, time 1.633484e-03, ||RHS||=9.292264e+05
step 1232, time 1.634892e-03, ||RHS||=9.136771e+05
step 1233, time 1.636311e-03, ||RHS||=9.059113e+05
step 1234, time 1.637737e-03, ||RHS||=9.017268e+05
step 1235, time 1.639163e-03, ||RHS||=8.994961e+05
step 1236, time 1.640572e-03, ||RHS||=8.982635e+05
step 1237, time 1.641943e-03, ||RHS||=8.977210e+05
step 1238, time 1.643267e-03, ||RHS||=8.975045e+05
step 1239, time 1.644560e-03, ||RHS||=8.975732e+05
step 1240, time 1.645841e-03, ||RHS||=8.977975e+05
step 1241, time 1.647120e-03, ||RHS||=8.981627e+05
step 1242, time 1.648403e-03, ||RHS||=8.986260e+05
step 1243, time 1.649692e-03, ||RHS||=8.991745e+05
step 1244, time 1.650989e-03, ||RHS||=8.997915e+05
step 1245, time 1.652296e-03, ||RHS||=9.004731e+05
step 1246, time 1.653611e-03, ||RHS||=9.012034e+05
step 1247, time 1.654933e-03, ||RHS||=9.019851e+05
step 1248, time 1.656258e-03, ||RHS||=9.028015e+05
step 1249, time 1.657583e-03, ||RHS||=9.036550e+05
step 1250, time 1.658901e-03, ||RHS||=9.045284e+05
step 1251, time 1.660209e-03, ||RHS||=9.054278e+05
step 1252, time 1.661507e-03, ||RHS||=9.063482e+05
step 1253, time 1.662798e-03, ||RHS||=9.072726e+05
step 1254, time 1.664089e-03, ||RHS||=9.082076e+05
step 1255, time 1.665383e-03, ||RHS||=9.091715e+05
step 1256, time 1.666684e-03, ||RHS||=9.101474e+05
step 1257, time 1.667993e-03, ||RHS||=9.111500e+05
step 1258, time 1.669313e-03, ||RHS||=9.121664e+05
step 1259, time 1.670643e-03, ||RHS||=9.132061e+05
step 1260, time 1.671962e-03, ||RHS||=9.030709e+05
step 1261, time 1.673290e-03, ||RHS||=8.976352e+05
step 1262, time 1.674708e-03, ||RHS||=8.951468e+05
step 1263, time 1.676077e-03, ||RHS||=8.942323e+05
step 1264, time 1.677460e-03, ||RHS||=8.940848e+05
step 1265, time 1.678847e-03, ||RHS||=8.943725e+05
step 1266, time 1.680240e-03, ||RHS||=8.949037e+05
step 1267, time 1.681639e-03, ||RHS||=8.956197e+05
step 1268, time 1.683036e-03, ||RHS||=8.876685e+05
step 1269, time 1.684416e-03, ||RHS||=8.717385e+05
step 1270, time 1.685752e-03, ||RHS||=8.634646e+05
step 1271, time 1.687038e-03, ||RHS||=8.520841e+05
step 1272, time 1.688298e-03, ||RHS||=8.466431e+05
step 1273, time 1.689554e-03, ||RHS||=8.437308e+05
step 1274, time 1.690814e-03, ||RHS||=8.421237e+05
step 1275, time 1.692082e-03, ||RHS||=8.412688e+05
step 1276, time 1.693361e-03, ||RHS||=8.408963e+05
step 1277, time 1.694650e-03, ||RHS||=8.408459e+05
step 1278, time 1.695950e-03, ||RHS||=8.410241e+05
step 1279, time 1.697261e-03, ||RHS||=8.413696e+05
step 1280, time 1.698581e-03, ||RHS||=8.418409e+05
step 1281, time 1.699910e-03, ||RHS||=8.424115e+05
step 1282, time 1.701249e-03, ||RHS||=8.430579e+05
step 1283, time 1.702595e-03, ||RHS||=8.437702e+05
step 1284, time 1.703947e-03, ||RHS||=8.445291e+05
step 1285, time 1.705303e-03, ||RHS||=8.453355e+05
step 1286, time 1.706659e-03, ||RHS||=8.460372e+05
step 1287, time 1.708007e-03, ||RHS||=8.469105e+05
step 1288, time 1.709342e-03, ||RHS||=8.477851e+05
step 1289, time 1.710664e-03, ||RHS||=8.486792e+05
step 1290, time 1.711976e-03, ||RHS||=8.495681e+05
step 1291, time 1.713282e-03, ||RHS||=8.504721e+05
step 1292, time 1.714581e-03, ||RHS||=8.513729e+05
step 1293, time 1.715870e-03, ||RHS||=8.522819e+05
step 1294, time 1.717151e-03, ||RHS||=8.531888e+05
step 1295, time 1.718430e-03, ||RHS||=8.541020e+05
step 1296, time 1.719712e-03, ||RHS||=8.550227e+05
step 1297, time 1.721003e-03, ||RHS||=8.559529e+05
step 1298, time 1.722305e-03, ||RHS||=8.568979e+05
step 1299, time 1.723618e-03, ||RHS||=8.578514e+05
step 1300, time 1.724941e-03, ||RHS||=8.588194e+05
step 1301, time 1.726272e-03, ||RHS||=8.597943e+05
step 1302, time 1.727610e-03, ||RHS||=8.607780e+05
step 1303, time 1.728951e-03, ||RHS||=8.617684e+05
step 1304, time 1.730291e-03, ||RHS||=8.627580e+05
step 1305, time 1.731626e-03, ||RHS||=8.637529e+05
step 1306, time 1.732952e-03, ||RHS||=8.647359e+05
step 1307, time 1.734265e-03, ||RHS||=8.657216e+05
step 1308, time 1.735568e-03, ||RHS||=8.666925e+05
step 1309, time 1.736863e-03, ||RHS||=8.676672e+05
step 1310, time 1.738155e-03, ||RHS||=8.686353e+05
step 1311, time 1.739448e-03, ||RHS||=8.696100e+05
step 1312, time 1.740743e-03, ||RHS||=8.705852e+05
step 1313, time 1.742043e-03, ||RHS||=8.715683e+05
step 1314, time 1.743348e-03, ||RHS||=8.725544e+05
step 1315, time 1.744658e-03, ||RHS||=8.735490e+05
step 1316, time 1.745975e-03, ||RHS||=8.745468e+05
step 1317, time 1.747296e-03, ||RHS||=8.755531e+05
step 1318, time 1.748623e-03, ||RHS||=8.692206e+05
step 1319, time 1.749953e-03, ||RHS||=8.577101e+05
step 1320, time 1.751285e-03, ||RHS||=8.522280e+05
step 1321, time 1.752617e-03, ||RHS||=8.495230e+05
step 1322, time 1.753946e-03, ||RHS||=8.482183e+05
step 1323, time 1.755270e-03, ||RHS||=8.476958e+05
step 1324, time 1.756586e-03, ||RHS||=8.476225e+05
step 1325, time 1.757894e-03, ||RHS||=8.478393e+05
step 1326, time 1.759196e-03, ||RHS||=8.482335e+05
step 1327, time 1.760494e-03, ||RHS||=8.487589e+05
step 1328, time 1.761790e-03, ||RHS||=8.493685e+05
step 1329, time 1.763087e-03, ||RHS||=8.500485e+05
step 1330, time 1.764386e-03, ||RHS||=8.507758e+05
step 1331, time 1.765688e-03, ||RHS||=8.515463e+05
step 1332, time 1.766993e-03, ||RHS||=8.523462e+05
step 1333, time 1.768303e-03, ||RHS||=8.531752e+05
step 1334, time 1.769616e-03, ||RHS||=8.540231e+05
step 1335, time 1.770933e-03, ||RHS||=8.548922e+05
step 1336, time 1.772253e-03, ||RHS||=8.557728e+05
step 1337, time 1.773577e-03, ||RHS||=8.566694e+05
step 1338, time 1.774902e-03, ||RHS||=8.575712e+05
step 1339, time 1.776229e-03, ||RHS||=8.584850e+05
step 1340, time 1.777556e-03, ||RHS||=8.593982e+05
step 1341, time 1.778881e-03, ||RHS||=8.603197e+05
step 1342, time 1.780203e-03, ||RHS||=8.612358e+05
step 1343, time 1.781522e-03, ||RHS||=8.621577e+05
step 1344, time 1.782834e-03, ||RHS||=8.618975e+05
step 1345, time 1.784147e-03, ||RHS||=8.612316e+05
step 1346, time 1.785465e-03, ||RHS||=8.614231e+05
step 1347, time 1.786774e-03, ||RHS||=8.619344e+05
step 1348, time 1.788085e-03, ||RHS||=8.626092e+05
step 1349, time 1.789396e-03, ||RHS||=8.633822e+05
step 1350, time 1.790708e-03, ||RHS||=8.642076e+05
step 1351, time 1.792021e-03, ||RHS||=8.650709e+05
step 1352, time 1.793335e-03, ||RHS||=8.659515e+05
step 1353, time 1.794652e-03, ||RHS||=8.668487e+05
step 1354, time 1.795970e-03, ||RHS||=8.677493e+05
step 1355, time 1.797291e-03, ||RHS||=8.686577e+05
step 1356, time 1.798612e-03, ||RHS||=8.695624e+05
step 1357, time 1.799934e-03, ||RHS||=8.704699e+05
step 1358, time 1.801254e-03, ||RHS||=8.713690e+05
step 1359, time 1.802572e-03, ||RHS||=8.722676e+05
step 1360, time 1.803888e-03, ||RHS||=8.731546e+05
step 1361, time 1.805199e-03, ||RHS||=8.740392e+05
step 1362, time 1.806508e-03, ||RHS||=8.749114e+05
step 1363, time 1.807815e-03, ||RHS||=8.757814e+05
step 1364, time 1.809120e-03, ||RHS||=8.766402e+05
step 1365, time 1.810426e-03, ||RHS||=8.774974e+05
step 1366, time 1.811733e-03, ||RHS||=8.783450e+05
step 1367, time 1.813042e-03, ||RHS||=8.791912e+05
step 1368, time 1.814352e-03, ||RHS||=8.800287e+05
step 1369, time 1.815663e-03, ||RHS||=8.808644e+05
step 1370, time 1.816976e-03, ||RHS||=8.816915e+05
step 1371, time 1.818289e-03, ||RHS||=8.825168e+05
step 1372, time 1.819604e-03, ||RHS||=8.833329e+05
step 1373, time 1.820918e-03, ||RHS||=8.841473e+05
step 1374, time 1.822233e-03, ||RHS||=8.849519e+05
step 1375, time 1.823549e-03, ||RHS||=8.857552e+05
step 1376, time 1.824865e-03, ||RHS||=8.865484e+05
step 1377, time 1.826181e-03, ||RHS||=8.873403e+05
step 1378, time 1.827498e-03, ||RHS||=8.881222e+05
step 1379, time 1.828815e-03, ||RHS||=8.889028e+05
step 1380, time 1.830132e-03, ||RHS||=8.896730e+05
step 1381, time 1.831449e-03, ||RHS||=8.904415e+05
step 1382, time 1.832764e-03, ||RHS||=8.911993e+05
step 1383, time 1.834078e-03, ||RHS||=8.919555e+05
step 1384, time 1.835391e-03, ||RHS||=8.927010e+05
step 1385, time 1.836698e-03, ||RHS||=8.886974e+05
step 1386, time 1.837982e-03, ||RHS||=8.785973e+05
step 1387, time 1.839340e-03, ||RHS||=8.735881e+05
step 1388, time 1.840647e-03, ||RHS||=8.711986e+05
step 1389, time 1.841968e-03, ||RHS||=8.699918e+05
step 1390, time 1.843286e-03, ||RHS||=8.694612e+05
step 1391, time 1.844606e-03, ||RHS||=8.693033e+05
step 1392, time 1.845926e-03, ||RHS||=8.693886e+05
step 1393, time 1.847244e-03, ||RHS||=8.696170e+05
step 1394, time 1.848559e-03, ||RHS||=8.699508e+05
step 1395, time 1.849872e-03, ||RHS||=8.703467e+05
step 1396, time 1.851183e-03, ||RHS||=8.707944e+05
step 1397, time 1.852492e-03, ||RHS||=8.712716e+05
step 1398, time 1.853801e-03, ||RHS||=8.717777e+05
step 1399, time 1.855110e-03, ||RHS||=8.722997e+05
step 1400, time 1.856420e-03, ||RHS||=8.728401e+05
step 1401, time 1.857730e-03, ||RHS||=8.733899e+05
step 1402, time 1.859041e-03, ||RHS||=8.739522e+05
step 1403, time 1.860352e-03, ||RHS||=8.745195e+05
step 1404, time 1.861663e-03, ||RHS||=8.750953e+05
step 1405, time 1.862974e-03, ||RHS||=8.756157e+05
step 1406, time 1.864285e-03, ||RHS||=8.762013e+05
step 1407, time 1.865597e-03, ||RHS||=8.767869e+05
step 1408, time 1.866909e-03, ||RHS||=8.773768e+05
step 1409, time 1.868222e-03, ||RHS||=8.779646e+05
step 1410, time 1.869536e-03, ||RHS||=8.785555e+05
step 1411, time 1.870852e-03, ||RHS||=8.791436e+05
step 1412, time 1.872169e-03, ||RHS||=8.797341e+05
step 1413, time 1.873487e-03, ||RHS||=8.803209e+05
step 1414, time 1.874804e-03, ||RHS||=8.809094e+05
step 1415, time 1.876121e-03, ||RHS||=8.814933e+05
step 1416, time 1.877437e-03, ||RHS||=8.771458e+05
step 1417, time 1.878752e-03, ||RHS||=8.734680e+05
step 1418, time 1.880068e-03, ||RHS||=8.718773e+05
step 1419, time 1.881385e-03, ||RHS||=8.711954e+05
step 1420, time 1.882705e-03, ||RHS||=8.709725e+05
step 1421, time 1.884030e-03, ||RHS||=8.709995e+05
step 1422, time 1.885361e-03, ||RHS||=8.711822e+05
step 1423, time 1.886698e-03, ||RHS||=8.714596e+05
step 1424, time 1.888043e-03, ||RHS||=8.718068e+05
step 1425, time 1.889395e-03, ||RHS||=8.721969e+05
step 1426, time 1.890754e-03, ||RHS||=8.726256e+05
step 1427, time 1.892121e-03, ||RHS||=8.730751e+05
step 1428, time 1.893494e-03, ||RHS||=8.735507e+05
step 1429, time 1.894875e-03, ||RHS||=8.740353e+05
step 1430, time 1.896264e-03, ||RHS||=8.745415e+05
step 1431, time 1.897660e-03, ||RHS||=8.750499e+05
step 1432, time 1.899064e-03, ||RHS||=8.755781e+05
step 1433, time 1.900476e-03, ||RHS||=8.761041e+05
step 1434, time 1.901895e-03, ||RHS||=8.766487e+05
step 1435, time 1.903321e-03, ||RHS||=8.771871e+05
step 1436, time 1.904750e-03, ||RHS||=8.777418e+05
step 1437, time 1.906171e-03, ||RHS||=8.782785e+05
step 1438, time 1.907557e-03, ||RHS||=8.788052e+05
step 1439, time 1.908878e-03, ||RHS||=8.792829e+05
step 1440, time 1.910147e-03, ||RHS||=8.797510e+05
step 1441, time 1.911400e-03, ||RHS||=8.802162e+05
step 1442, time 1.912655e-03, ||RHS||=8.806865e+05
step 1443, time 1.913917e-03, ||RHS||=8.811592e+05
step 1444, time 1.915185e-03, ||RHS||=8.816334e+05
step 1445, time 1.916457e-03, ||RHS||=8.821085e+05
step 1446, time 1.917733e-03, ||RHS||=8.825833e+05
step 1447, time 1.919008e-03, ||RHS||=8.830580e+05
step 1448, time 1.920284e-03, ||RHS||=8.835311e+05
step 1449, time 1.921560e-03, ||RHS||=8.840039e+05
step 1450, time 1.922838e-03, ||RHS||=8.844753e+05
step 1451, time 1.924120e-03, ||RHS||=8.849480e+05
step 1452, time 1.925409e-03, ||RHS||=8.854201e+05
step 1453, time 1.926704e-03, ||RHS||=8.858948e+05
step 1454, time 1.928007e-03, ||RHS||=8.863696e+05
step 1455, time 1.929317e-03, ||RHS||=8.868472e+05
step 1456, time 1.930635e-03, ||RHS||=8.873252e+05
step 1457, time 1.931961e-03, ||RHS||=8.830151e+05
step 1458, time 1.933296e-03, ||RHS||=8.612641e+05
step 1459, time 1.934640e-03, ||RHS||=8.487067e+05
step 1460, time 1.935994e-03, ||RHS||=8.411260e+05
step 1461, time 1.937356e-03, ||RHS||=8.363933e+05
step 1462, time 1.938726e-03, ||RHS||=8.333682e+05
step 1463, time 1.940104e-03, ||RHS||=8.314330e+05
step 1464, time 1.941487e-03, ||RHS||=8.302035e+05
step 1465, time 1.942872e-03, ||RHS||=8.294683e+05
step 1466, time 1.944254e-03, ||RHS||=8.272854e+05
step 1467, time 1.945634e-03, ||RHS||=8.244500e+05
step 1468, time 1.947005e-03, ||RHS||=8.229859e+05
step 1469, time 1.948362e-03, ||RHS||=8.223581e+05
step 1470, time 1.949710e-03, ||RHS||=8.221046e+05
step 1471, time 1.951058e-03, ||RHS||=8.220801e+05
step 1472, time 1.952408e-03, ||RHS||=8.221949e+05
step 1473, time 1.953761e-03, ||RHS||=8.021484e+05
step 1474, time 1.955113e-03, ||RHS||=7.896045e+05
step 1475, time 1.956451e-03, ||RHS||=7.825766e+05
step 1476, time 1.957758e-03, ||RHS||=7.701163e+05
step 1477, time 1.959033e-03, ||RHS||=7.618689e+05
step 1478, time 1.960291e-03, ||RHS||=7.568513e+05
step 1479, time 1.961547e-03, ||RHS||=7.534788e+05
step 1480, time 1.962813e-03, ||RHS||=7.510506e+05
step 1481, time 1.964092e-03, ||RHS||=7.492317e+05
step 1482, time 1.965386e-03, ||RHS||=7.478350e+05
step 1483, time 1.966694e-03, ||RHS||=7.467534e+05
step 1484, time 1.968016e-03, ||RHS||=7.459176e+05
step 1485, time 1.969349e-03, ||RHS||=7.452810e+05
step 1486, time 1.970690e-03, ||RHS||=7.448115e+05
step 1487, time 1.972033e-03, ||RHS||=7.444799e+05
step 1488, time 1.973375e-03, ||RHS||=7.442697e+05
step 1489, time 1.974712e-03, ||RHS||=7.441533e+05
step 1490, time 1.976044e-03, ||RHS||=7.441255e+05
step 1491, time 1.977366e-03, ||RHS||=7.441583e+05
step 1492, time 1.978674e-03, ||RHS||=7.347398e+05
step 1493, time 1.979965e-03, ||RHS||=7.179720e+05
step 1494, time 1.981243e-03, ||RHS||=7.088707e+05
step 1495, time 1.982518e-03, ||RHS||=7.035364e+05
step 1496, time 1.983797e-03, ||RHS||=7.001953e+05
step 1497, time 1.985082e-03, ||RHS||=6.979807e+05
step 1498, time 1.986374e-03, ||RHS||=6.964267e+05
step 1499, time 1.987674e-03, ||RHS||=6.952794e+05
step 1500, time 1.988980e-03, ||RHS||=6.943876e+05
step 1501, time 1.990293e-03, ||RHS||=6.936643e+05
step 1502, time 1.991613e-03, ||RHS||=6.930603e+05
step 1503, time 1.992940e-03, ||RHS||=6.925418e+05
step 1504, time 1.994273e-03, ||RHS||=6.920976e+05
step 1505, time 1.995614e-03, ||RHS||=6.917111e+05
step 1506, time 1.996962e-03, ||RHS||=6.913855e+05
step 1507, time 1.998317e-03, ||RHS||=6.911081e+05
step 1508, time 1.999679e-03, ||RHS||=6.908884e+05
step 1509, time 2.001045e-03, ||RHS||=6.907113e+05
step 1510, time 2.002415e-03, ||RHS||=6.905905e+05
step 1511, time 2.003784e-03, ||RHS||=6.905061e+05
step 1512, time 2.005148e-03, ||RHS||=6.904742e+05
step 1513, time 2.006502e-03, ||RHS||=6.904707e+05
step 1514, time 2.007842e-03, ||RHS||=6.905110e+05
step 1515, time 2.009170e-03, ||RHS||=6.905725e+05
step 1516, time 2.010491e-03, ||RHS||=6.771967e+05
step 1517, time 2.011810e-03, ||RHS||=6.630837e+05
step 1518, time 2.013130e-03, ||RHS||=6.518611e+05
step 1519, time 2.014454e-03, ||RHS||=6.449839e+05
step 1520, time 2.015783e-03, ||RHS||=6.409800e+05
step 1521, time 2.017114e-03, ||RHS||=6.384335e+05
step 1522, time 2.018443e-03, ||RHS||=6.367255e+05
step 1523, time 2.019760e-03, ||RHS||=6.355234e+05
step 1524, time 2.021054e-03, ||RHS||=6.346513e+05
step 1525, time 2.022326e-03, ||RHS||=6.339822e+05
step 1526, time 2.023586e-03, ||RHS||=6.334492e+05
step 1527, time 2.024845e-03, ||RHS||=6.329983e+05
step 1528, time 2.026111e-03, ||RHS||=6.326091e+05
step 1529, time 2.027388e-03, ||RHS||=6.322606e+05
step 1530, time 2.028676e-03, ||RHS||=6.319468e+05
step 1531, time 2.029976e-03, ||RHS||=6.316589e+05
step 1532, time 2.031288e-03, ||RHS||=6.313950e+05
step 1533, time 2.032610e-03, ||RHS||=6.311531e+05
step 1534, time 2.033942e-03, ||RHS||=6.309314e+05
step 1535, time 2.035285e-03, ||RHS||=6.307332e+05
step 1536, time 2.036637e-03, ||RHS||=6.305531e+05
step 1537, time 2.037999e-03, ||RHS||=6.304007e+05
step 1538, time 2.039369e-03, ||RHS||=6.302646e+05
step 1539, time 2.040748e-03, ||RHS||=6.301611e+05
step 1540, time 2.042134e-03, ||RHS||=6.300714e+05
step 1541, time 2.043526e-03, ||RHS||=6.300188e+05
step 1542, time 2.044925e-03, ||RHS||=6.299769e+05
step 1543, time 2.046327e-03, ||RHS||=6.299743e+05
step 1544, time 2.047734e-03, ||RHS||=6.299788e+05
step 1545, time 2.049142e-03, ||RHS||=6.198121e+05
step 1546, time 2.050551e-03, ||RHS||=6.044799e+05
step 1547, time 2.051961e-03, ||RHS||=5.963591e+05
step 1548, time 2.053373e-03, ||RHS||=5.916720e+05
step 1549, time 2.054789e-03, ||RHS||=5.888035e+05
step 1550, time 2.056206e-03, ||RHS||=5.869363e+05
step 1551, time 2.057602e-03, ||RHS||=5.857116e+05
step 1552, time 2.058928e-03, ||RHS||=5.848632e+05
step 1553, time 2.060178e-03, ||RHS||=5.842757e+05
step 1554, time 2.061401e-03, ||RHS||=5.838332e+05
step 1555, time 2.062627e-03, ||RHS||=5.834893e+05
step 1556, time 2.063866e-03, ||RHS||=5.832119e+05
step 1557, time 2.065118e-03, ||RHS||=5.829835e+05
step 1558, time 2.066381e-03, ||RHS||=5.827915e+05
step 1559, time 2.067654e-03, ||RHS||=5.826278e+05
step 1560, time 2.068932e-03, ||RHS||=5.824862e+05
step 1561, time 2.070209e-03, ||RHS||=5.823635e+05
step 1562, time 2.071482e-03, ||RHS||=5.822562e+05
step 1563, time 2.072753e-03, ||RHS||=5.821615e+05
step 1564, time 2.074026e-03, ||RHS||=5.820757e+05
step 1565, time 2.075307e-03, ||RHS||=5.819994e+05
step 1566, time 2.076600e-03, ||RHS||=5.819295e+05
step 1567, time 2.077907e-03, ||RHS||=5.818706e+05
step 1568, time 2.079229e-03, ||RHS||=5.818184e+05
step 1569, time 2.080565e-03, ||RHS||=5.817779e+05
step 1570, time 2.081914e-03, ||RHS||=5.817469e+05
step 1571, time 2.083275e-03, ||RHS||=5.817260e+05
step 1572, time 2.084645e-03, ||RHS||=5.817207e+05
step 1573, time 2.086024e-03, ||RHS||=5.817214e+05
step 1574, time 2.087410e-03, ||RHS||=5.817473e+05
step 1575, time 2.088804e-03, ||RHS||=5.817745e+05
step 1576, time 2.090204e-03, ||RHS||=5.818361e+05
step 1577, time 2.091608e-03, ||RHS||=5.818959e+05
step 1578, time 2.093012e-03, ||RHS||=5.819848e+05
step 1579, time 2.094409e-03, ||RHS||=5.820668e+05
step 1580, time 2.095799e-03, ||RHS||=5.821540e+05
step 1581, time 2.097187e-03, ||RHS||=5.743014e+05
step 1582, time 2.098581e-03, ||RHS||=5.598297e+05
step 1583, time 2.099980e-03, ||RHS||=5.502001e+05
step 1584, time 2.101377e-03, ||RHS||=5.441350e+05
step 1585, time 2.102741e-03, ||RHS||=5.407637e+05
step 1586, time 2.104049e-03, ||RHS||=5.386575e+05
step 1587, time 2.105310e-03, ||RHS||=5.372643e+05
step 1588, time 2.106549e-03, ||RHS||=5.362849e+05
step 1589, time 2.107779e-03, ||RHS||=5.355779e+05
step 1590, time 2.109006e-03, ||RHS||=5.350557e+05
step 1591, time 2.110235e-03, ||RHS||=5.346636e+05
step 1592, time 2.111467e-03, ||RHS||=5.343676e+05
step 1593, time 2.112707e-03, ||RHS||=5.341422e+05
step 1594, time 2.113955e-03, ||RHS||=5.339717e+05
step 1595, time 2.115214e-03, ||RHS||=5.287543e+05
step 1596, time 2.116484e-03, ||RHS||=5.262078e+05
step 1597, time 2.117766e-03, ||RHS||=5.248301e+05
step 1598, time 2.119060e-03, ||RHS||=5.239895e+05
step 1599, time 2.120365e-03, ||RHS||=5.234318e+05
step 1600, time 2.121680e-03, ||RHS||=5.230419e+05
step 1601, time 2.123006e-03, ||RHS||=5.227567e+05
step 1602, time 2.124339e-03, ||RHS||=5.225448e+05
step 1603, time 2.125681e-03, ||RHS||=5.223799e+05
step 1604, time 2.127028e-03, ||RHS||=5.170016e+05
step 1605, time 2.128383e-03, ||RHS||=5.100421e+05
step 1606, time 2.129743e-03, ||RHS||=5.064248e+05
step 1607, time 2.131109e-03, ||RHS||=5.043103e+05
step 1608, time 2.132480e-03, ||RHS||=5.029761e+05
step 1609, time 2.133856e-03, ||RHS||=5.020583e+05
step 1610, time 2.135234e-03, ||RHS||=5.014129e+05
step 1611, time 2.136615e-03, ||RHS||=5.009198e+05
step 1612, time 2.137996e-03, ||RHS||=5.005548e+05
step 1613, time 2.139377e-03, ||RHS||=5.002551e+05
step 1614, time 2.140756e-03, ||RHS||=5.000313e+05
step 1615, time 2.142132e-03, ||RHS||=4.998380e+05
step 1616, time 2.143504e-03, ||RHS||=4.996954e+05
step 1617, time 2.144867e-03, ||RHS||=4.995681e+05
step 1618, time 2.146214e-03, ||RHS||=4.994772e+05
step 1619, time 2.147537e-03, ||RHS||=4.993975e+05
step 1620, time 2.148830e-03, ||RHS||=4.993486e+05
step 1621, time 2.150100e-03, ||RHS||=4.993100e+05
step 1622, time 2.151360e-03, ||RHS||=4.992908e+05
step 1623, time 2.152621e-03, ||RHS||=4.992781e+05
step 1624, time 2.153889e-03, ||RHS||=4.992785e+05
step 1625, time 2.155167e-03, ||RHS||=4.992862e+05
step 1626, time 2.156457e-03, ||RHS||=4.993047e+05
step 1627, time 2.157759e-03, ||RHS||=4.855094e+05
step 1628, time 2.159074e-03, ||RHS||=4.747314e+05
step 1629, time 2.160402e-03, ||RHS||=4.686065e+05
step 1630, time 2.161741e-03, ||RHS||=4.648803e+05
step 1631, time 2.163091e-03, ||RHS||=4.624733e+05
step 1632, time 2.164449e-03, ||RHS||=4.608479e+05
step 1633, time 2.165815e-03, ||RHS||=4.596963e+05
step 1634, time 2.167187e-03, ||RHS||=4.588679e+05
step 1635, time 2.168561e-03, ||RHS||=4.582374e+05
step 1636, time 2.169933e-03, ||RHS||=4.577723e+05
step 1637, time 2.171300e-03, ||RHS||=4.573968e+05
step 1638, time 2.172655e-03, ||RHS||=4.571156e+05
step 1639, time 2.173999e-03, ||RHS||=4.568763e+05
step 1640, time 2.175338e-03, ||RHS||=4.566902e+05
step 1641, time 2.176677e-03, ||RHS||=4.565275e+05
step 1642, time 2.178021e-03, ||RHS||=4.563992e+05
step 1643, time 2.179372e-03, ||RHS||=4.562845e+05
step 1644, time 2.180726e-03, ||RHS||=4.561950e+05
step 1645, time 2.182082e-03, ||RHS||=4.561120e+05
step 1646, time 2.183435e-03, ||RHS||=4.560508e+05
step 1647, time 2.184785e-03, ||RHS||=4.559885e+05
step 1648, time 2.186133e-03, ||RHS||=4.559478e+05
step 1649, time 2.187473e-03, ||RHS||=4.558990e+05
step 1650, time 2.188794e-03, ||RHS||=4.558658e+05
step 1651, time 2.190089e-03, ||RHS||=4.558282e+05
step 1652, time 2.191361e-03, ||RHS||=4.557966e+05
step 1653, time 2.192624e-03, ||RHS||=4.557701e+05
step 1654, time 2.193888e-03, ||RHS||=4.557406e+05
step 1655, time 2.195159e-03, ||RHS||=4.557160e+05
step 1656, time 2.196442e-03, ||RHS||=4.556888e+05
step 1657, time 2.197736e-03, ||RHS||=4.556647e+05
step 1658, time 2.199043e-03, ||RHS||=4.556404e+05
step 1659, time 2.200361e-03, ||RHS||=4.556175e+05
step 1660, time 2.201691e-03, ||RHS||=4.555964e+05
step 1661, time 2.203029e-03, ||RHS||=4.555522e+05
step 1662, time 2.204373e-03, ||RHS||=4.555336e+05
step 1663, time 2.205718e-03, ||RHS||=4.555141e+05
step 1664, time 2.207059e-03, ||RHS||=4.555069e+05
step 1665, time 2.208396e-03, ||RHS||=4.554938e+05
step 1666, time 2.209731e-03, ||RHS||=4.554940e+05
step 1667, time 2.211068e-03, ||RHS||=4.555026e+05
step 1668, time 2.212412e-03, ||RHS||=4.554963e+05
step 1669, time 2.213764e-03, ||RHS||=4.554880e+05
step 1670, time 2.215123e-03, ||RHS||=4.554899e+05
step 1671, time 2.216489e-03, ||RHS||=4.554937e+05
step 1672, time 2.217859e-03, ||RHS||=4.554970e+05
step 1673, time 2.219233e-03, ||RHS||=4.555170e+05
step 1674, time 2.220606e-03, ||RHS||=4.525407e+05
step 1675, time 2.221970e-03, ||RHS||=4.475905e+05
step 1676, time 2.223320e-03, ||RHS||=4.452361e+05
step 1677, time 2.224654e-03, ||RHS||=4.439620e+05
step 1678, time 2.225981e-03, ||RHS||=4.431775e+05
step 1679, time 2.227305e-03, ||RHS||=4.426685e+05
step 1680, time 2.228626e-03, ||RHS||=4.423135e+05
step 1681, time 2.229938e-03, ||RHS||=4.420664e+05
step 1682, time 2.231233e-03, ||RHS||=4.418864e+05
step 1683, time 2.232509e-03, ||RHS||=4.397122e+05
step 1684, time 2.233775e-03, ||RHS||=4.253273e+05
step 1685, time 2.235040e-03, ||RHS||=4.174245e+05
step 1686, time 2.236311e-03, ||RHS||=4.127099e+05
step 1687, time 2.237591e-03, ||RHS||=4.097055e+05
step 1688, time 2.238881e-03, ||RHS||=4.076777e+05
step 1689, time 2.240181e-03, ||RHS||=4.049144e+05
step 1690, time 2.241492e-03, ||RHS||=4.004005e+05
step 1691, time 2.242814e-03, ||RHS||=3.981110e+05
step 1692, time 2.244145e-03, ||RHS||=3.966727e+05
step 1693, time 2.245487e-03, ||RHS||=3.956591e+05
step 1694, time 2.246838e-03, ||RHS||=3.949094e+05
step 1695, time 2.248199e-03, ||RHS||=3.943237e+05
step 1696, time 2.249567e-03, ||RHS||=3.938709e+05
step 1697, time 2.250942e-03, ||RHS||=3.934961e+05
step 1698, time 2.252321e-03, ||RHS||=3.932082e+05
step 1699, time 2.253701e-03, ||RHS||=3.929573e+05
step 1700, time 2.255076e-03, ||RHS||=3.927727e+05
step 1701, time 2.256441e-03, ||RHS||=3.926027e+05
step 1702, time 2.257790e-03, ||RHS||=3.924792e+05
step 1703, time 2.259126e-03, ||RHS||=3.923612e+05
step 1704, time 2.260456e-03, ||RHS||=3.922737e+05
step 1705, time 2.261787e-03, ||RHS||=3.921931e+05
step 1706, time 2.263123e-03, ||RHS||=3.921350e+05
step 1707, time 2.264466e-03, ||RHS||=3.920821e+05
step 1708, time 2.265818e-03, ||RHS||=3.920479e+05
step 1709, time 2.267178e-03, ||RHS||=3.920145e+05
step 1710, time 2.268543e-03, ||RHS||=3.920001e+05
step 1711, time 2.269908e-03, ||RHS||=3.919804e+05
step 1712, time 2.271259e-03, ||RHS||=3.919832e+05
step 1713, time 2.272575e-03, ||RHS||=3.919319e+05
step 1714, time 2.273845e-03, ||RHS||=3.919490e+05
step 1715, time 2.275085e-03, ||RHS||=3.919578e+05
step 1716, time 2.276315e-03, ||RHS||=3.919750e+05
step 1717, time 2.277545e-03, ||RHS||=3.919901e+05
step 1718, time 2.278782e-03, ||RHS||=3.920090e+05
step 1719, time 2.280027e-03, ||RHS||=3.920287e+05
step 1720, time 2.281280e-03, ||RHS||=3.920506e+05
step 1721, time 2.282543e-03, ||RHS||=3.920738e+05
step 1722, time 2.283816e-03, ||RHS||=3.920994e+05
step 1723, time 2.285099e-03, ||RHS||=3.921261e+05
step 1724, time 2.286391e-03, ||RHS||=3.921556e+05
step 1725, time 2.287692e-03, ||RHS||=3.921859e+05
step 1726, time 2.289002e-03, ||RHS||=3.922197e+05
step 1727, time 2.290320e-03, ||RHS||=3.922533e+05
step 1728, time 2.291645e-03, ||RHS||=3.922922e+05
step 1729, time 2.292977e-03, ||RHS||=3.923289e+05
step 1730, time 2.294316e-03, ||RHS||=3.923738e+05
step 1731, time 2.295659e-03, ||RHS||=3.924137e+05
step 1732, time 2.297006e-03, ||RHS||=3.924653e+05
step 1733, time 2.298356e-03, ||RHS||=3.925089e+05
step 1734, time 2.299709e-03, ||RHS||=3.925670e+05
step 1735, time 2.301062e-03, ||RHS||=3.926146e+05
step 1736, time 2.302416e-03, ||RHS||=3.926780e+05
step 1737, time 2.303770e-03, ||RHS||=3.927296e+05
step 1738, time 2.305124e-03, ||RHS||=3.927965e+05
step 1739, time 2.306476e-03, ||RHS||=3.928515e+05
step 1740, time 2.307827e-03, ||RHS||=3.929213e+05
step 1741, time 2.309177e-03, ||RHS||=3.929797e+05
step 1742, time 2.310523e-03, ||RHS||=3.930523e+05
step 1743, time 2.311864e-03, ||RHS||=3.931139e+05
step 1744, time 2.313198e-03, ||RHS||=3.931887e+05
step 1745, time 2.314522e-03, ||RHS||=3.932533e+05
step 1746, time 2.315834e-03, ||RHS||=3.933294e+05
step 1747, time 2.317133e-03, ||RHS||=3.933973e+05
step 1748, time 2.318423e-03, ||RHS||=3.934740e+05
step 1749, time 2.319706e-03, ||RHS||=3.935446e+05
step 1750, time 2.320985e-03, ||RHS||=3.936210e+05
step 1751, time 2.322262e-03, ||RHS||=3.936934e+05
step 1752, time 2.323537e-03, ||RHS||=3.937700e+05
step 1753, time 2.324813e-03, ||RHS||=3.938441e+05
step 1754, time 2.326089e-03, ||RHS||=3.939216e+05
step 1755, time 2.327365e-03, ||RHS||=3.939971e+05
step 1756, time 2.328644e-03, ||RHS||=3.940755e+05
step 1757, time 2.329925e-03, ||RHS||=3.906096e+05
step 1758, time 2.331210e-03, ||RHS||=3.789825e+05
step 1759, time 2.332500e-03, ||RHS||=3.726441e+05
step 1760, time 2.333795e-03, ||RHS||=3.689216e+05
step 1761, time 2.335096e-03, ||RHS||=3.665830e+05
step 1762, time 2.336402e-03, ||RHS||=3.650357e+05
step 1763, time 2.337714e-03, ||RHS||=3.608257e+05
step 1764, time 2.339033e-03, ||RHS||=3.587689e+05
step 1765, time 2.340357e-03, ||RHS||=3.575012e+05
step 1766, time 2.341686e-03, ||RHS||=3.566267e+05
step 1767, time 2.343020e-03, ||RHS||=3.559833e+05
step 1768, time 2.344357e-03, ||RHS||=3.555078e+05
step 1769, time 2.345699e-03, ||RHS||=3.551350e+05
step 1770, time 2.347044e-03, ||RHS||=3.548539e+05
step 1771, time 2.348392e-03, ||RHS||=3.546215e+05
step 1772, time 2.349742e-03, ||RHS||=3.544476e+05
step 1773, time 2.351094e-03, ||RHS||=3.542961e+05
step 1774, time 2.352447e-03, ||RHS||=3.541867e+05
step 1775, time 2.353799e-03, ||RHS||=3.540856e+05
step 1776, time 2.355149e-03, ||RHS||=3.540171e+05
step 1777, time 2.356489e-03, ||RHS||=3.512931e+05
step 1778, time 2.357833e-03, ||RHS||=3.499369e+05
step 1779, time 2.359160e-03, ||RHS||=3.491978e+05
step 1780, time 2.360475e-03, ||RHS||=3.487640e+05
step 1781, time 2.361776e-03, ||RHS||=3.484844e+05
step 1782, time 2.363064e-03, ||RHS||=3.483147e+05
step 1783, time 2.364344e-03, ||RHS||=3.482004e+05
step 1784, time 2.365619e-03, ||RHS||=3.481333e+05
step 1785, time 2.366894e-03, ||RHS||=3.480885e+05
step 1786, time 2.368169e-03, ||RHS||=3.480668e+05
step 1787, time 2.369448e-03, ||RHS||=3.480550e+05
step 1788, time 2.370731e-03, ||RHS||=3.480559e+05
step 1789, time 2.372017e-03, ||RHS||=3.480611e+05
step 1790, time 2.373308e-03, ||RHS||=3.480741e+05
step 1791, time 2.374603e-03, ||RHS||=3.480880e+05
step 1792, time 2.375901e-03, ||RHS||=3.481077e+05
step 1793, time 2.377204e-03, ||RHS||=3.481256e+05
step 1794, time 2.378510e-03, ||RHS||=3.481488e+05
step 1795, time 2.379820e-03, ||RHS||=3.481679e+05
step 1796, time 2.381133e-03, ||RHS||=3.481925e+05
step 1797, time 2.382451e-03, ||RHS||=3.482111e+05
step 1798, time 2.383772e-03, ||RHS||=3.482358e+05
step 1799, time 2.385096e-03, ||RHS||=3.417079e+05
step 1800, time 2.386423e-03, ||RHS||=3.364100e+05
step 1801, time 2.387753e-03, ||RHS||=3.335889e+05
step 1802, time 2.389085e-03, ||RHS||=3.319378e+05
step 1803, time 2.390419e-03, ||RHS||=3.308775e+05
step 1804, time 2.391754e-03, ||RHS||=3.301663e+05
step 1805, time 2.393091e-03, ||RHS||=3.296481e+05
step 1806, time 2.394428e-03, ||RHS||=3.292719e+05
step 1807, time 2.395767e-03, ||RHS||=3.289707e+05
step 1808, time 2.397107e-03, ||RHS||=3.287423e+05
step 1809, time 2.398448e-03, ||RHS||=3.285452e+05
step 1810, time 2.399789e-03, ||RHS||=3.283935e+05
step 1811, time 2.401128e-03, ||RHS||=3.282543e+05
step 1812, time 2.402466e-03, ||RHS||=3.281482e+05
step 1813, time 2.403799e-03, ||RHS||=3.280456e+05
step 1814, time 2.405127e-03, ||RHS||=3.279696e+05
step 1815, time 2.406446e-03, ||RHS||=3.278929e+05
step 1816, time 2.407756e-03, ||RHS||=3.278377e+05
step 1817, time 2.409057e-03, ||RHS||=3.277810e+05
step 1818, time 2.410350e-03, ||RHS||=3.277409e+05
step 1819, time 2.411638e-03, ||RHS||=3.276998e+05
step 1820, time 2.412922e-03, ||RHS||=3.276707e+05
step 1821, time 2.414206e-03, ||RHS||=3.276411e+05
step 1822, time 2.415492e-03, ||RHS||=3.276206e+05
step 1823, time 2.416781e-03, ||RHS||=3.275999e+05
step 1824, time 2.418074e-03, ||RHS||=3.275870e+05
step 1825, time 2.419370e-03, ||RHS||=3.275741e+05
step 1826, time 2.420670e-03, ||RHS||=3.275686e+05
step 1827, time 2.421974e-03, ||RHS||=3.275625e+05
step 1828, time 2.423281e-03, ||RHS||=3.275643e+05
step 1829, time 2.424592e-03, ||RHS||=3.275642e+05
step 1830, time 2.425906e-03, ||RHS||=3.275728e+05
step 1831, time 2.427222e-03, ||RHS||=3.275780e+05
step 1832, time 2.428541e-03, ||RHS||=3.275928e+05
step 1833, time 2.429862e-03, ||RHS||=3.276027e+05
step 1834, time 2.431184e-03, ||RHS||=3.276230e+05
step 1835, time 2.432508e-03, ||RHS||=3.276372e+05
step 1836, time 2.433832e-03, ||RHS||=3.276625e+05
step 1837, time 2.435157e-03, ||RHS||=3.276808e+05
step 1838, time 2.436482e-03, ||RHS||=3.277106e+05
step 1839, time 2.437807e-03, ||RHS||=3.277326e+05
step 1840, time 2.439132e-03, ||RHS||=3.277662e+05
step 1841, time 2.440458e-03, ||RHS||=3.277916e+05
step 1842, time 2.441785e-03, ||RHS||=3.278283e+05
step 1843, time 2.443114e-03, ||RHS||=3.278565e+05
step 1844, time 2.444444e-03, ||RHS||=3.278959e+05
step 1845, time 2.445774e-03, ||RHS||=3.279265e+05
step 1846, time 2.447103e-03, ||RHS||=3.279686e+05
step 1847, time 2.448429e-03, ||RHS||=3.280016e+05
step 1848, time 2.449752e-03, ||RHS||=3.280465e+05
step 1849, time 2.451069e-03, ||RHS||=3.280823e+05
step 1850, time 2.452380e-03, ||RHS||=3.281295e+05
step 1851, time 2.453686e-03, ||RHS||=3.281680e+05
step 1852, time 2.454987e-03, ||RHS||=3.282161e+05
step 1853, time 2.456285e-03, ||RHS||=3.282571e+05
step 1854, time 2.457582e-03, ||RHS||=3.274406e+05
step 1855, time 2.458877e-03, ||RHS||=3.159798e+05
step 1856, time 2.460173e-03, ||RHS||=3.098600e+05
step 1857, time 2.461470e-03, ||RHS||=3.063096e+05
step 1858, time 2.462769e-03, ||RHS||=3.041057e+05
step 1859, time 2.464070e-03, ||RHS||=3.026468e+05
step 1860, time 2.465374e-03, ||RHS||=3.016405e+05
step 1861, time 2.466681e-03, ||RHS||=3.009092e+05
step 1862, time 2.467991e-03, ||RHS||=3.003686e+05
step 1863, time 2.469303e-03, ||RHS||=2.999479e+05
step 1864, time 2.470618e-03, ||RHS||=2.996236e+05
step 1865, time 2.471934e-03, ||RHS||=2.993576e+05
step 1866, time 2.473250e-03, ||RHS||=2.991490e+05
step 1867, time 2.474566e-03, ||RHS||=2.989703e+05
step 1868, time 2.475881e-03, ||RHS||=2.988307e+05
step 1869, time 2.477195e-03, ||RHS||=2.987064e+05
step 1870, time 2.478509e-03, ||RHS||=2.986114e+05
step 1871, time 2.479823e-03, ||RHS||=2.985239e+05
step 1872, time 2.481138e-03, ||RHS||=2.984593e+05
step 1873, time 2.482455e-03, ||RHS||=2.983981e+05
step 1874, time 2.483774e-03, ||RHS||=2.983559e+05
step 1875, time 2.485095e-03, ||RHS||=2.983143e+05
step 1876, time 2.486419e-03, ||RHS||=2.982898e+05
step 1877, time 2.487746e-03, ||RHS||=2.964603e+05
step 1878, time 2.489073e-03, ||RHS||=2.939096e+05
step 1879, time 2.490401e-03, ||RHS||=2.928137e+05
step 1880, time 2.491728e-03, ||RHS||=2.921963e+05
step 1881, time 2.493052e-03, ||RHS||=2.917886e+05
step 1882, time 2.494373e-03, ||RHS||=2.915207e+05
step 1883, time 2.495690e-03, ||RHS||=2.913232e+05
step 1884, time 2.497003e-03, ||RHS||=2.911926e+05
step 1885, time 2.498313e-03, ||RHS||=2.910906e+05
step 1886, time 2.499622e-03, ||RHS||=2.910269e+05
step 1887, time 2.500929e-03, ||RHS||=2.909757e+05
step 1888, time 2.502238e-03, ||RHS||=2.909495e+05
step 1889, time 2.503549e-03, ||RHS||=2.909288e+05
step 1890, time 2.504863e-03, ||RHS||=2.909266e+05
step 1891, time 2.506179e-03, ||RHS||=2.909258e+05
step 1892, time 2.507498e-03, ||RHS||=2.909406e+05
step 1893, time 2.508817e-03, ||RHS||=2.909540e+05
step 1894, time 2.510137e-03, ||RHS||=2.909820e+05
step 1895, time 2.511455e-03, ||RHS||=2.910060e+05
step 1896, time 2.512772e-03, ||RHS||=2.910443e+05
step 1897, time 2.514088e-03, ||RHS||=2.910765e+05
step 1898, time 2.515401e-03, ||RHS||=2.911220e+05
step 1899, time 2.516714e-03, ||RHS||=2.911601e+05
step 1900, time 2.518026e-03, ||RHS||=2.912096e+05
step 1901, time 2.519339e-03, ||RHS||=2.912517e+05
step 1902, time 2.520651e-03, ||RHS||=2.884066e+05
step 1903, time 2.521963e-03, ||RHS||=2.863501e+05
step 1904, time 2.523274e-03, ||RHS||=2.854543e+05
step 1905, time 2.524582e-03, ||RHS||=2.849576e+05
step 1906, time 2.525890e-03, ||RHS||=2.846584e+05
step 1907, time 2.527195e-03, ||RHS||=2.844543e+05
step 1908, time 2.528501e-03, ||RHS||=2.843213e+05
step 1909, time 2.529808e-03, ||RHS||=2.842208e+05
step 1910, time 2.531117e-03, ||RHS||=2.841562e+05
step 1911, time 2.532429e-03, ||RHS||=2.841040e+05
step 1912, time 2.533745e-03, ||RHS||=2.840744e+05
step 1913, time 2.535063e-03, ||RHS||=2.840487e+05
step 1914, time 2.536383e-03, ||RHS||=2.840403e+05
step 1915, time 2.537705e-03, ||RHS||=2.840310e+05
step 1916, time 2.539026e-03, ||RHS||=2.840372e+05
step 1917, time 2.540345e-03, ||RHS||=2.840389e+05
step 1918, time 2.541663e-03, ||RHS||=2.840556e+05
step 1919, time 2.542979e-03, ||RHS||=2.840651e+05
step 1920, time 2.544294e-03, ||RHS||=2.840880e+05
step 1921, time 2.545607e-03, ||RHS||=2.841027e+05
step 1922, time 2.546920e-03, ||RHS||=2.841290e+05
step 1923, time 2.548232e-03, ||RHS||=2.841475e+05
step 1924, time 2.549543e-03, ||RHS||=2.841763e+05
step 1925, time 2.550854e-03, ||RHS||=2.841980e+05
step 1926, time 2.552164e-03, ||RHS||=2.842296e+05
step 1927, time 2.553473e-03, ||RHS||=2.842539e+05
step 1928, time 2.554784e-03, ||RHS||=2.842876e+05
step 1929, time 2.556095e-03, ||RHS||=2.843136e+05
step 1930, time 2.557409e-03, ||RHS||=2.843085e+05
step 1931, time 2.558725e-03, ||RHS||=2.843342e+05
step 1932, time 2.560044e-03, ||RHS||=2.843720e+05
step 1933, time 2.561365e-03, ||RHS||=2.844030e+05
step 1934, time 2.562687e-03, ||RHS||=2.844438e+05
step 1935, time 2.564010e-03, ||RHS||=2.844756e+05
step 1936, time 2.565333e-03, ||RHS||=2.845178e+05
step 1937, time 2.566653e-03, ||RHS||=2.845496e+05
step 1938, time 2.567970e-03, ||RHS||=2.845925e+05
step 1939, time 2.569284e-03, ||RHS||=2.846246e+05
step 1940, time 2.570593e-03, ||RHS||=2.846671e+05
step 1941, time 2.571899e-03, ||RHS||=2.846993e+05
step 1942, time 2.573201e-03, ||RHS||=2.847406e+05
step 1943, time 2.574501e-03, ||RHS||=2.847731e+05
step 1944, time 2.575800e-03, ||RHS||=2.848132e+05
step 1945, time 2.577099e-03, ||RHS||=2.848460e+05
step 1946, time 2.578400e-03, ||RHS||=2.848854e+05
step 1947, time 2.579702e-03, ||RHS||=2.849181e+05
step 1948, time 2.581008e-03, ||RHS||=2.849570e+05
step 1949, time 2.582317e-03, ||RHS||=2.849892e+05
step 1950, time 2.583630e-03, ||RHS||=2.850279e+05
step 1951, time 2.584948e-03, ||RHS||=2.850593e+05
step 1952, time 2.586269e-03, ||RHS||=2.850981e+05
step 1953, time 2.587592e-03, ||RHS||=2.851287e+05
step 1954, time 2.588918e-03, ||RHS||=2.851682e+05
step 1955, time 2.590245e-03, ||RHS||=2.851979e+05
step 1956, time 2.591572e-03, ||RHS||=2.852385e+05
step 1957, time 2.592897e-03, ||RHS||=2.852677e+05
step 1958, time 2.594220e-03, ||RHS||=2.853087e+05
step 1959, time 2.595541e-03, ||RHS||=2.853377e+05
step 1960, time 2.596859e-03, ||RHS||=2.853779e+05
step 1961, time 2.598173e-03, ||RHS||=2.854066e+05
step 1962, time 2.599486e-03, ||RHS||=2.854453e+05
step 1963, time 2.600796e-03, ||RHS||=2.854738e+05
step 1964, time 2.602103e-03, ||RHS||=2.855112e+05
step 1965, time 2.603410e-03, ||RHS||=2.855397e+05
step 1966, time 2.604715e-03, ||RHS||=2.855763e+05
step 1967, time 2.606021e-03, ||RHS||=2.856047e+05
step 1968, time 2.607327e-03, ||RHS||=2.856406e+05
step 1969, time 2.608636e-03, ||RHS||=2.856683e+05
step 1970, time 2.609946e-03, ||RHS||=2.857031e+05
step 1971, time 2.611259e-03, ||RHS||=2.857300e+05
step 1972, time 2.612574e-03, ||RHS||=2.857641e+05
step 1973, time 2.613890e-03, ||RHS||=2.857901e+05
step 1974, time 2.615208e-03, ||RHS||=2.858242e+05
step 1975, time 2.616527e-03, ||RHS||=2.858496e+05
step 1976, time 2.617846e-03, ||RHS||=2.858840e+05
step 1977, time 2.619166e-03, ||RHS||=2.859086e+05
step 1978, time 2.620487e-03, ||RHS||=2.859429e+05
step 1979, time 2.621809e-03, ||RHS||=2.859666e+05
step 1980, time 2.623130e-03, ||RHS||=2.860000e+05
step 1981, time 2.624451e-03, ||RHS||=2.860227e+05
step 1982, time 2.625771e-03, ||RHS||=2.860554e+05
step 1983, time 2.627088e-03, ||RHS||=2.860778e+05
step 1984, time 2.628403e-03, ||RHS||=2.852563e+05
step 1985, time 2.629716e-03, ||RHS||=2.755076e+05
step 1986, time 2.631027e-03, ||RHS||=2.703587e+05
step 1987, time 2.632338e-03, ||RHS||=2.673814e+05
step 1988, time 2.633648e-03, ||RHS||=2.655378e+05
step 1989, time 2.634960e-03, ||RHS||=2.643092e+05
step 1990, time 2.636273e-03, ||RHS||=2.634597e+05
step 1991, time 2.637588e-03, ||RHS||=2.628332e+05
step 1992, time 2.638906e-03, ||RHS||=2.623676e+05
step 1993, time 2.640225e-03, ||RHS||=2.619966e+05
step 1994, time 2.641546e-03, ||RHS||=2.617088e+05
step 1995, time 2.642868e-03, ||RHS||=2.614643e+05
step 1996, time 2.644191e-03, ||RHS||=2.612708e+05
step 1997, time 2.645514e-03, ||RHS||=2.610973e+05
step 1998, time 2.646836e-03, ||RHS||=2.609600e+05
step 1999, time 2.648157e-03, ||RHS||=2.608310e+05
step 2000, time 2.649476e-03, ||RHS||=2.607303e+05
TS Object: 1 MPI process
  type: rk
    RK type 3bs
    Order: 3
    FSAL property: yes
    Abscissa c =  0.000000  0.500000  0.750000  1.000000 
  maximum steps=2000
  total number of RHS function evaluations=18009
  total number of rejected steps=2002
  using relative error tolerance of 0.0001,   using absolute error tolerance of 0.0001
  TSAdapt Object: 1 MPI process
    type: basic
    safety factor 0.9
    extra safety factor after step rejection 0.5
    clip fastest increase 10.
    clip fastest decrease 0.1
    maximum allowed timestep 1e+20
    minimum allowed timestep 1e-20
    maximum solution absolute value to be ignored -1.
==================== Calculation Finished ====================
::  0:: Saving Solution File..... 
  0 Complete.
#PETSc Option Table entries:
-check_pointer_intensity 0 # (source: command line)
-on_error_attach_debugger # (source: command line)
-options_view # (source: command line)
-snes_monitor_residual # (source: command line)
-ts_type rk # (source: command line)
-ts_view # (source: command line)
#End of PETSc Option Table entries
